arm,piece,work,n,K,r2c_velocity,r_velocity,r2_velocity,b_velocity,r2c_r07_velocity,ratio_analytic_velocity,r2c_true_velocity,r2c_log_ioi,r_log_ioi,r2_log_ioi,b_log_ioi,r2c_r07_log_ioi,ratio_analytic_log_ioi,r2c_true_log_ioi,ioi_offset,cond_r2_zero,cond_r2_perf_mean,cond_r2_expert_basis,cond_r2_model_basis,r2c_vs_rest_velocity,ratio_emp_velocity,r2c_vs_rest_log_ioi,ratio_emp_log_ioi,cap_model,axes_ratio
frozen_p95,bach_bwv852_fugue,bach_bwv852,21,16,-0.10602054036971431,0.43331298093677917,0.18776013944831754,0.9753283680043715,-0.1060310761737071,-0.15582601774617813,-0.12324002274393275,0.3832177849991599,0.6372508299895224,0.4060886203223352,0.7884818959884613,0.38174095940630604,0.522243604233322,0.4359482227464,0.0043758921160511515,0.0,-0.06627491334793367,-0.03324258817624015,-0.0015524113823632835,,,,,,
frozen_p100,bach_bwv852_fugue,bach_bwv852,21,16,-0.06897691838155606,0.4595216645524533,0.21116016019305742,0.9888014379942633,-0.06898745418554886,-0.10138034073698618,-0.08017990627576244,-0.178447442059809,0.5525943024020843,0.3053604630472462,1.2481573154404826,-0.1888943112329755,-0.2431855695521434,-0.20300165666837588,-0.011638448236708395,0.0,-0.06627491334793367,-0.03324258817624015,-0.0012870091339494127,,,,,,
pt_frozen,bach_bwv852_fugue,bach_bwv852,21,16,-0.4402519850763209,0.4254574129719236,0.18101401025276193,1.2136616982489594,-0.4402625208803137,-0.6470700243562416,-0.5117561603125562,-0.798985832250082,0.23509670971959812,0.05527046292098098,1.1593565731622681,-0.7990825150030836,-1.0888462307837772,-0.9089255958455582,-0.001119635101408593,0.0,-0.06627491334793367,-0.03324258817624015,-0.028666013535131096,,,,,,
ridge,bach_bwv852_fugue,bach_bwv852,21,1,-0.0022579596411038683,0.3544245328709026,0.12561674950075755,0.7120202671042143,-0.0022684954450966632,-0.003318685774264494,-0.0026246894852086644,0.29116404349010405,0.5397631977904261,0.2913443096889467,0.5263368729454481,0.11107014430880469,0.39679410885314986,0.33122796554821854,-0.048322734450767575,,,,,,,,,,
frozen_p95,bach_bwv852_prelude,bach_bwv852,39,16,0.48341368763849624,0.7964883934177476,0.6343937608491846,1.1850499370767766,0.4834076607953468,0.6289518659552225,0.5188643571940256,0.05465410340735066,0.5849239787114784,0.34213606087166615,1.1210974184344056,-0.04687220753669297,0.06540863905148113,0.0574434792457853,-0.03823429193414794,0.0,-0.27297229725597716,0.039993139506328323,-0.06880039426880913,0.46936335965289927,0.643651839792471,0.07439083084487572,0.09102062469794862,0.2992792350913257,0.7695366447594202
frozen_p100,bach_bwv852_prelude,bach_bwv852,39,16,0.261403874302117,0.7555118170726157,0.5707981057363656,1.3117439911099045,0.26139784745896755,0.34010301883133565,0.2805736715283581,-0.7480265495680185,0.5859101991267387,0.3432907614407346,1.6305715370773464,-1.0961848800342042,-0.8952191241150051,-0.7862035034249177,-0.07080307903755761,0.0,-0.27297229725597716,0.039993139506328323,-0.07561144147485965,0.26949155203982134,0.3695617259243128,-0.7257292661183496,-0.8879633472762345,0.22260884898192423,0.5723940943882463
pt_frozen,bach_bwv852_prelude,bach_bwv852,39,16,-0.06676505813183242,0.6624561197539656,0.43884811059948037,1.373520933066587,-0.06677108497498163,-0.08686557490285036,-0.07166120831171163,0.07425493132219652,0.5053141488256183,0.25534238900335915,0.9308578688840428,0.07416761323534338,0.08886641071478715,0.07804467259324077,-0.0011212845928522536,0.0,-0.27297229725597716,0.039993139506328323,-0.03153475554757623,-0.06966119221405458,-0.09552845063123627,0.08240746035024508,0.10082934194527038,0.0894577696671148,0.2300227474728929
ridge,bach_bwv852_prelude,bach_bwv852,39,1,0.34864092602750396,0.5905535510831779,0.3487534966969518,0.5799436184986606,0.34863489918435464,0.45360395574346013,0.3742081670431896,0.11035892162010463,0.33891534649569577,0.11486361209029756,0.4060323374159746,0.027224240302035962,0.13207474682293086,0.1159912985201238,-0.03459830851847689,,,,,0.33982386146364607,0.4660104994096901,0.11419835505974336,0.13972697305520126,,
frozen_p95,bach_bwv859_fugue,bach_bwv859,31,16,-0.46636133535809177,0.252292780542138,0.0636516471136834,0.9803126858138106,-0.46692538710257714,-0.5778540281511925,-0.5004285285241326,0.052062737747669896,0.50002499489345,0.2500249955181947,0.9449544924214568,0.05179444101783193,0.07320072313311735,0.05901029733726959,0.0017064376937795198,,,,,,,,,,
frozen_p100,bach_bwv859_fugue,bach_bwv859,31,16,-0.6939971577582771,0.2440996472838995,0.05958463780412414,1.1121905385864181,-0.6945612095027625,-0.8599105944925132,-0.7446929025328319,-0.5895149792206817,0.5084015760885149,0.258472162569286,1.4292637491578446,-0.5912750781618916,-0.8288638793047315,-0.6681833440490492,-0.0043707029078609416,,,,,,,,,,
pt_frozen,bach_bwv859_fugue,bach_bwv859,31,16,-0.3906799315579086,0.4160096103054133,0.17306399586646187,1.1668384372855516,-0.3912439833023944,-0.4840795217194083,-0.4192186797031838,-0.5376582487676065,0.2705821198234615,0.07321468356815806,1.0521657252910814,-0.5415293610181791,-0.7559528044611089,-0.6094065448379555,0.006481874654889112,,,,,,,,,,
ridge,bach_bwv859_fugue,bach_bwv859,31,1,0.08293193229859264,0.3019717747584402,0.09118695275076216,0.39282891785775575,0.08236788055410715,0.10275841393306501,0.08899002061562655,0.24028817553368964,0.49030758290552673,0.24040152585465996,0.5009541936794003,0.07739586316834313,0.3378475464477612,0.272353650582036,-0.04204680883184303,,,,,,,,,,
frozen_p95,bach_bwv861_fugue,bach_bwv861,29,16,-0.7646183365937109,0.381469499579086,0.1455189791091183,1.3354806712656808,-0.7646686976578168,-1.0701415229072324,-0.8524790441230283,0.349040313484114,0.7255044653234274,0.5263567292042323,1.146594023161328,0.34252757515574817,0.5066948144266289,0.39300480143848715,-0.008021785237187298,0.0,-0.09968856601541343,0.014177266683754741,-0.008259601731071875,,,,,,
frozen_p100,bach_bwv861_fugue,bach_bwv861,29,16,-1.0320993791745496,0.24954390578990915,0.062272160916883056,1.2956660497537165,-1.0321497402386552,-1.4445015879972898,-1.1506957786525152,0.16780931166527346,0.6929536250263999,0.4801847264372284,1.2518591758773063,0.11614480395765359,0.24360540816774728,0.18894626970801642,-0.02259359626067199,0.0,-0.09968856601541343,0.014177266683754741,0.01633520272828004,,,,,,
pt_frozen,bach_bwv861_fugue,bach_bwv861,29,16,-1.3804939905810318,0.3151219658716101,0.09930185337478825,1.5315905614201426,-1.3805443516451374,-1.9321063473653806,-1.5391236924173213,0.4464250513813587,0.6829594100694547,0.4664335558024176,0.8244108307800972,0.4463039650954175,0.6480662829663971,0.5026559451657222,-0.0010937969177580431,0.0,-0.09968856601541343,0.014177266683754741,0.004682334507471242,,,,,,
ridge,bach_bwv861_fugue,bach_bwv861,29,1,0.1113465703237384,0.3669236480685446,0.1346329635119292,0.5195224461902557,0.11129620925963268,0.15583799476686883,0.12414117382904888,0.32131737057474985,0.5671106609137302,0.32161450172200784,0.5498731684261778,0.215427950542876,0.4664499748761406,0.36178992667336607,-0.032345621546494056,,,,,,,,,,
frozen_p95,bach_bwv861_prelude,bach_bwv861,45,16,0.11479647770384216,0.5756479241561272,0.3313705325852585,1.0410231006335753,0.10981908650813055,0.13079704283589144,0.1189890898025655,-2.2471384817417555,0.16408095142680698,0.02692255862112619,1.6720799701144458,-2.2555022297562974,-4.4877996561624895,-2.6363206069035274,-0.013096161131230605,0.0,-0.07533353612677463,-0.0008679042396626535,-0.04259767188412478,0.12380854006282549,0.1458396817248294,-2.1004581320182303,-6.250158372918797,0.08451807960986621,0.8333783702226345
frozen_p100,bach_bwv861_prelude,bach_bwv861,45,16,0.27217986062104704,0.5938505794496288,0.3526585107126599,0.8775381718670848,0.26720246942533543,0.3101168398264064,0.28212044938730363,-1.4612258061587449,0.1729582948202105,0.029914571747114854,1.394080884041235,-1.4844541819083705,-2.9182396740285057,-1.7142956410633117,-0.02182493511950389,0.0,-0.07533353612677463,-0.0008679042396626535,-0.019319265162452304,0.2753474283350073,0.3243441954145542,-1.3638946477786198,-4.058427741381273,0.07763716838544585,0.7655301345750196
pt_frozen,bach_bwv861_prelude,bach_bwv861,45,16,-0.16536794282310008,0.3941854612307806,0.15538217784572322,0.9605335173489451,-0.1703453340188117,-0.1884172609974804,-0.1714075326405664,-0.8227665454631616,0.21299214862421315,0.0453656553755589,1.1447282705164157,-0.8298887192579516,-1.6431614917517636,-0.9652615609137323,0.012085088176919424,0.0,-0.07533353612677463,-0.0008679042396626535,-0.0630227230393492,-0.1649553600535331,-0.1943083829015703,-0.7661708503627639,-2.2798308057109047,0.07711682844552002,0.760399397422699
ridge,bach_bwv861_prelude,bach_bwv861,45,1,0.17156644125271392,0.4192675362726382,0.17578526697212798,0.4842200244421775,0.16658905005700253,0.1954797186689432,0.17783241344732037,0.3093525698027838,0.5569029207581031,0.31014086314890604,0.5288263585375858,0.2986263673838736,0.6178134403705444,0.3629293704843266,-0.01483086679317653,,,,,0.16618254305423366,0.1957539372886059,0.2864916790726687,0.8524894352486261,,
frozen_p95,bach_bwv882_prelude,bach_bwv882,21,16,-0.11293606536866796,0.44310248099998856,0.19633980866834522,0.999228252779191,-0.11298304141082949,-0.1477741281033848,-0.12637708106525047,-1.4648897869124222,0.05128756020941891,0.0026304138322347697,1.2627000418789192,-1.488520309824334,-2.1082762358972857,-1.7162439132158522,0.026317457285391317,0.0,-0.05175819794924519,0.0276000300593221,-0.0013561436577713692,,,,,,
frozen_p100,bach_bwv882_prelude,bach_bwv882,21,16,0.045166611349929275,0.5409351327881016,0.29261081788448107,1.0383727736382407,0.04511963530776786,0.05909942576653594,0.050542087555285664,-1.191638364888949,0.17178775911488037,0.02951103418171216,1.2768440468535012,-1.197349181171841,-1.7150115107117383,-1.396106457131998,-0.012937678514148673,0.0,-0.05175819794924519,0.0276000300593221,-0.004171991008921738,,,,,,
pt_frozen,bach_bwv882_prelude,bach_bwv882,21,16,-0.027551415124775103,0.5692516018167937,0.32404738617098555,1.1622092742486132,-0.02759839116693663,-0.03605036473324474,-0.03083042968886751,-0.5742590070765217,0.23166416240630394,0.05366828414341437,1.0240827962230108,-0.5790701093849664,-0.8264762500810464,-0.6727936356097899,0.011874888947017498,0.0,-0.05175819794924519,0.0276000300593221,-0.027498625225886864,,,,,,
ridge,bach_bwv882_prelude,bach_bwv882,21,1,0.36373438185337037,0.6041667381912691,0.3650174475366772,0.6399866444349667,0.36368740581120884,0.4759376994775093,0.4070240034628926,0.10789186022012587,0.33490105700268336,0.11215871798151457,0.2695798677805875,0.06443600962239893,0.15527847008086348,0.12640455960759367,-0.035688754208585804,,,,,,,,,,
frozen_p95,bach_bwv910,bach_bwv910,23,16,-0.09381081678961034,0.37939938632726705,0.14394389434550683,0.8670003616494221,-0.09385419412318297,-0.10678975440573465,-0.09880783030747176,0.03152206227009202,0.292146494474584,0.08534957423378815,0.5241540632383985,-0.10346674796772715,0.03331881324854595,0.032247725757981516,-0.11820135428436354,0.0,-0.06429851420980048,0.1321278100635337,-0.05113445969837649,,,,,,
frozen_p100,bach_bwv910,bach_bwv910,23,16,-0.4515421244305129,0.26052783903862536,0.06787475491413594,0.9812336592903066,-0.45158550176408574,-0.5140139935027043,-0.475594383827459,0.10490071499718545,0.4481833912052938,0.20086835215227725,0.757969829183285,-0.1110735723777645,0.11088003388491377,0.10731561469742423,-0.1495114978948055,0.0,-0.06429851420980048,0.1321278100635337,-0.05460983108587292,,,,,,
pt_frozen,bach_bwv910,bach_bwv910,23,16,-0.23107873124706146,0.40102513406661533,0.1608211581531468,1.027044214766404,-0.23112210858063453,-0.2630489937381661,-0.2433875841410884,0.06725577274819694,0.2979827253301167,0.08879370459516378,0.4447407978405139,0.03684334758843777,0.07108933777502109,0.06880405528805666,-0.05610468059808185,0.0,-0.06429851420980048,0.1321278100635337,-0.022600191420166116,,,,,,
ridge,bach_bwv910,bach_bwv910,23,1,0.1274928965463319,0.3596538080347616,0.12935086163390516,0.3165496888862028,0.12744951921275893,0.14513182569546063,0.13428405079991967,0.02059217384560008,0.14406854682653356,0.020755746184709083,0.13127900660379588,-0.05162433545395495,0.021765923462251268,0.02106622242046763,-0.08645533815966797,,,,,,,,,,
frozen_p95,bach_bwv912,bach_bwv912,48,16,0.13266431508956622,0.44011906974640674,0.19370479555444245,0.6871827871653676,0.13266404326801506,0.1465093702037198,0.13589007138102271,0.45515513023282295,0.6940732546929124,0.48173768288001273,0.531031687455629,0.32976912354012056,0.4637518053392346,0.45728671476388894,0.16757015380601856,0.0,-0.11703643580143175,0.003133478421756597,-0.06724461093422884,0.12698761399822822,0.14064773959795118,0.4543244268122394,0.463719693704961,0.1324549160653775,0.496870690428484
frozen_p100,bach_bwv912,bach_bwv912,48,16,-0.03511341650601829,0.3568062157383151,0.12731067558949707,0.7598249399875929,-0.03511368832756934,-0.03877790749173543,-0.03596720544038501,0.43425106733825514,0.6725451826071142,0.4523170226480365,0.8069548374306474,0.36928053474960265,0.4424529200529766,0.43628475386896315,0.12062306126681263,0.0,-0.11703643580143175,0.003133478421756597,-0.04144631250946307,-0.03350859935820818,-0.03711313732448815,0.43352593313545584,0.4424910946067476,0.11762604257791334,0.44124396982902947
pt_frozen,bach_bwv912,bach_bwv912,48,16,-0.18401273085936576,0.3557485985598213,0.1265570653772768,0.913036492055313,-0.1840130026809168,-0.2032165868377712,-0.18848703296447167,0.0976878277542973,0.31778212997941707,0.10098548213425512,0.2603569231451543,-0.05229687383941739,0.09953289213185407,0.09814531982388686,0.1832717869651919,0.0,-0.11703643580143175,0.003133478421756597,-0.045552299170443566,-0.1829033325055281,-0.20257834187036475,0.09745304923795824,0.0994683434926045,0.058330293447836946,0.2188111550651506
ridge,bach_bwv912,bach_bwv912,48,1,-0.005893787714866594,0.15141785050885065,0.022927365452720633,0.32118578967166006,-0.005894059536417862,-0.006508872605542421,-0.006037096205841808,-0.0021298301224204064,0.031994090519110265,0.0010236218281450236,0.08814969532010353,-0.10698013614219648,-0.002170056973395219,-0.0021398045523262077,0.15323465111856163,,,,,-0.002945125024525186,-0.0032619336996016586,-0.0021379057173966263,-0.002182116844118012,,
frozen_p95,bach_bwv913,bach_bwv913,20,16,0.21634047207674456,0.5469588937843954,0.29916403148984955,0.8347497195817186,0.2163403710731876,0.25778971916784615,0.23304266934854345,-0.06173891860303504,0.10464048283510828,0.010949630647964581,0.3742486230145167,-0.06206128631478536,-0.06590637918636189,-0.06353150402189356,-0.00758731751710115,0.0,-0.0723709779273789,0.20663156619184142,0.0027464927657376847,,,,,,
frozen_p100,bach_bwv913,bach_bwv913,20,16,0.05034716326260047,0.5321634257927819,0.28319791175150977,1.0147095360132556,0.05034706225904351,0.05999331033057613,0.05423413015702927,0.005714839872873356,0.29203182486840273,0.08528258673596945,0.5741093795640857,-0.015545406464288147,0.006100599300623577,0.005880769870661107,-0.061616444865158715,0.0,-0.0723709779273789,0.20663156619184142,-0.027189830709163587,,,,,,
pt_frozen,bach_bwv913,bach_bwv913,20,16,-0.07101957409304771,0.5171119637705397,0.26740478307462395,1.098854481700656,-0.07101967509660434,-0.08462640339608854,-0.07650251921780638,0.0732253676590301,0.270744684166478,0.07330268400440593,0.2795376555286429,0.06245831748473607,0.07816817910314927,0.07535146136663318,0.043849117691593026,0.0,-0.0723709779273789,0.20663156619184142,-0.016751576569619564,,,,,,
ridge,bach_bwv913,bach_bwv913,20,1,0.022319508297165225,0.20868531738959728,0.04354956169399695,0.35439068241378535,0.022319407293608262,0.026595762321575945,0.024042647879002454,-0.022807216711968836,-0.0607711124924547,0.0036931281135705817,0.10201815258832217,-0.02424010539232868,-0.02434673471476474,-0.02346942274096464,0.0159962696565525,,,,,,,,,,
frozen_p95,bach_bwv915,bach_bwv915,22,16,-0.4659761765454782,0.40334753848220106,0.16268923679965067,1.1962317755213348,-0.4659762112867798,-0.5625032413788492,-0.5024693354997591,0.36283195286143344,0.607269001896574,0.3687756406644613,0.5301736855470836,0.31222015670033654,0.371629723157421,0.36655124070232314,0.09976601791356353,0.0,-0.09740107632236716,0.07532551346451088,-0.1348105476275836,,,,,,
frozen_p100,bach_bwv915,bach_bwv915,22,16,-0.38541728291765587,0.42135506363357056,0.17754008964965023,1.1716599167215047,-0.3854173176589575,-0.4652565556716855,-0.4156014315441219,0.32096980427209765,0.5752554539499483,0.33091883729916105,0.6750002935511208,0.3104378481314485,0.3287525218295351,0.3242599750547627,0.04551046614475804,0.0,-0.09740107632236716,0.07532551346451088,-0.04912832814984602,,,,,,
pt_frozen,bach_bwv915,bach_bwv915,22,16,-0.1620113754206518,0.4606174572449806,0.2121684419188317,1.072319850030462,-0.16201141016195342,-0.1955720665592182,-0.17469937788347822,0.22881039283698068,0.5235060685759144,0.27405860383581,0.31078979980732846,0.08273340236970184,0.23435847442582358,0.23115586353005613,0.1694914009015709,0.0,-0.09740107632236716,0.07532551346451088,-0.05052835705010228,,,,,,
ridge,bach_bwv915,bach_bwv915,22,1,0.06534639571073264,0.27772969455599733,0.07713378323816757,0.38629943033643865,0.06534636096943103,0.07888291558640356,0.07046403160242154,0.023388106718571722,0.16781807751292302,0.02816290714013344,0.09871814682148246,-0.07786853790989978,0.02395520999860345,0.023627851592896598,0.14111348868786092,,,,,,,,,,
frozen_p95,bach_bwv916,bach_bwv916,31,16,0.3576732025312387,0.619864809288709,0.3842323817945276,0.782834681545174,0.35767256927818425,0.40729650244313276,0.37325546391855036,0.24702254711126526,0.525740313481391,0.27640287721951134,0.3543333996527888,-0.30475449969026114,0.25244065903629076,0.2488632793407075,0.28357550720607405,0.0,-0.0647516567249038,0.13130473080119553,-0.13267263289198294,,,,,,
frozen_p100,bach_bwv916,bach_bwv916,31,16,0.06594864275784507,0.4913877718389245,0.24146194231282278,0.9103308461998425,0.06594800950479063,0.07509830578877645,0.06882173747760234,0.22749123730113363,0.48101142084030596,0.23137198697880992,0.5433070842341258,-0.11515904989453585,0.23248095585142006,0.2291864285187486,0.22346651307149185,0.0,-0.0647516567249038,0.13130473080119553,-0.21785394476748743,,,,,,
pt_frozen,bach_bwv916,bach_bwv916,31,16,-0.13832453094064867,0.44570005578464506,0.1986485397264357,1.0261938720024275,-0.13832516419370333,-0.15751556799755645,-0.14435072742990407,0.06822805569645474,0.2651831100439763,0.07032208185259566,0.21942257949481228,-0.6346272008847882,0.06972454760180198,0.06873646912891795,0.3200514881838243,0.0,-0.0647516567249038,0.13130473080119553,-0.019107136966100002,,,,,,
ridge,bach_bwv916,bach_bwv916,31,1,0.11847775455383047,0.345515760319785,0.11938114062935917,0.3755721419304936,0.11847712130077626,0.13491526540313437,0.12363931356069591,0.009470534899528427,0.09867795324307653,0.00973733845624279,0.1150120757084666,-0.5265738290711199,0.009678258521017898,0.00954110626648852,0.27950351210810165,,,,,,,,,,
frozen_p95,chaminade_op61,chaminade_op61,14,16,0.4176427881488016,0.7141144928165487,0.5099595088506366,1.0179511606198843,0.41761539620908605,0.47194254556950654,0.4454979321406125,-0.2514464887308472,0.3783015224763033,0.14311204190788898,1.0064404646210616,-0.2519437233282571,-0.3306152154319471,-0.2894424442653174,0.005444157640871847,0.0,-0.023223925171678372,0.12483962654696457,-0.0016479399148821017,,,,,,
frozen_p100,chaminade_op61,chaminade_op61,14,16,0.34979898562428036,0.7096616500473725,0.5036196575479593,1.1018614357735743,0.3497715936845648,0.3952780423789722,0.37312921276873223,-0.17220461248688168,0.4554608836060111,0.2074446164951684,1.0716177053503215,-0.20724244091007726,-0.22642378242421174,-0.19822636698386353,-0.04570025395003649,0.0,-0.023223925171678372,0.12483962654696457,-0.02089834818553049,,,,,,
pt_frozen,chaminade_op61,chaminade_op61,14,16,0.11082258860215088,0.482190352468665,0.23250753601385538,0.831024048392245,0.1107951966624352,0.12523116896936975,0.1182140227431332,0.16120904602367492,0.48157783360357426,0.23191720981831185,0.7474879007214569,0.1535252441867958,0.21196622688872488,0.1855692658676137,0.02140119876626967,0.0,-0.023223925171678372,0.12483962654696457,-0.0003222411067429487,,,,,,
ridge,chaminade_op61,chaminade_op61,14,1,0.21690905342902178,0.46672421713296847,0.2178314948583823,0.4363524962505313,0.2168816614893061,0.24511044782100203,0.2313760407393356,0.052473320539967894,0.23575028167476875,0.05557819530973279,0.18002887851794885,0.025394832219452934,0.06899471240308797,0.06040253825959485,0.04017558696391299,,,,,,,,,,
frozen_p95,chopin_op33_no3,chopin_op33_no3,28,16,0.17339792796539433,0.6686336706898371,0.44707098558016556,1.1917713749463466,0.17338910504294647,0.19014931860649906,0.17916626931141388,0.10418690794550112,0.34524122961045967,0.11919150662294213,0.4677344893329478,0.08571704524016865,0.110394445974904,0.10645193213439996,0.05142707114930006,0.0,-0.07525148485839606,0.10759506087247617,0.007957298919741507,,,,,,
frozen_p100,chopin_op33_no3,chopin_op33_no3,28,16,0.13302577214255484,0.6487419711257324,0.4208661451001006,1.1852495413962232,0.13301694922010698,0.1458769445910471,0.13745107335889473,0.034216596014954304,0.2975952694307983,0.08856294438758942,0.5307183021252001,0.029646562651962638,0.036255247753334406,0.03496046507838957,0.02558112518614771,0.0,-0.07525148485839606,0.10759506087247617,-0.054910532035753024,,,,,,
pt_frozen,chopin_op33_no3,chopin_op33_no3,28,16,0.6057114255971223,0.790776817215192,0.6253279746449891,0.9308359084869358,0.6057026026746746,0.664227169268424,0.625861321856123,-0.17572909505574108,0.06925394233719963,0.004796108529244175,0.49413651856854535,-0.18414945902788005,-0.18619917293732746,-0.1795494469487331,0.034723651586418706,0.0,-0.07525148485839606,0.10759506087247617,-0.07139236200598376,,,,,,
ridge,chopin_op33_no3,chopin_op33_no3,28,1,0.23088465014547455,0.5166375683101806,0.2669143769894565,0.32682258775284484,0.2308758272230269,0.25318963967449315,0.23856537326150407,0.04406135031021241,0.22023682770214034,0.04850426027630225,0.15358167061666236,0.04380384661154246,0.046686560262892425,0.04501924440858007,-0.0060722786612434285,,,,,,,,,,
frozen_p95,chopin_op67_no1,chopin_op67_no1,20,16,-0.9229761730768247,0.24396438110594051,0.05951861924840458,1.2351731342579841,-0.9229976104901711,-1.106015295360468,-0.9986896764713542,-0.4988458310922592,0.16802415337928392,0.02823211611882513,0.8940254944325113,-0.5043412756020362,-0.576462454425863,-0.5327898722918125,0.023248532136737193,0.0,-0.028664720247721265,0.0709237362339874,-0.07919573330658092,,,,,,
frozen_p100,chopin_op67_no1,chopin_op67_no1,20,16,-0.75094923719688,0.3238925486822448,0.10490638309188033,1.2490171998989121,-0.7509706746102269,-0.8998730049663947,-0.8125510415317496,-0.9843786680031574,0.05191388966364344,0.0026950519400089448,1.0454297274554556,-0.9976268812529829,-1.1375405138679275,-1.0513608656683129,-0.036097138787361066,0.0,-0.028664720247721265,0.0709237362339874,-0.050533896572018344,,,,,,
pt_frozen,chopin_op67_no1,chopin_op67_no1,20,16,-0.2996024240107886,0.39672336171300604,0.15738942572886863,1.0727350847915762,-0.29962386142413533,-0.359017787402214,-0.3241793847266119,-0.17526273760920952,0.3908253087061437,0.1527444219252525,0.9635444017478041,-0.17633412248821068,-0.20253228872411977,-0.18718851751024101,-0.010265187360056063,0.0,-0.028664720247721265,0.0709237362339874,-0.0713370918563363,,,,,,
ridge,chopin_op67_no1,chopin_op67_no1,20,1,-0.10418728934088706,0.11232861387882073,0.012617717495937198,0.45409608868709467,-0.10420872675423332,-0.12484909031728195,-0.11273397225132586,0.002393993122161042,0.09278628629527069,0.008609294924467938,0.1716234716985246,-0.020135268114813698,0.002766480273189566,0.0025568927518766493,0.04707253636653212,,,,,,,,,,
frozen_p95,chopin_op6_no3,chopin_op6_no3,31,16,-0.380133688515248,0.41042779898900345,0.16845097818295782,1.1510928155101066,-0.3801336949860292,-0.40630092484475855,-0.38873536147228505,-0.5139934333714593,0.2852770514075698,0.08138299605979726,1.056883446813451,-0.5249533111135771,-0.6789926947354028,-0.5615966425741103,0.020453994912460874,0.0,-0.036325690604607885,0.05622347832633656,-0.0453005772977928,,,,,,
frozen_p100,chopin_op6_no3,chopin_op6_no3,31,16,-0.3653800070149291,0.4628272060708835,0.21420902267938008,1.2241346536203668,-0.36538001348571036,-0.39053164519512257,-0.3736478333621758,-1.0048472863032307,0.3126762600967461,0.09776644362808802,1.3627304158103068,-1.058644010747909,-1.3274176719520574,-1.0979106456400411,-0.04531617084455275,0.0,-0.036325690604607885,0.05622347832633656,-0.09966517527617769,,,,,,
pt_frozen,chopin_op6_no3,chopin_op6_no3,31,16,0.3083630738029932,0.6015863866435094,0.36190618059479396,0.8329802214615541,0.30836306733221197,0.3295898413094821,0.31534071980758727,-0.14867039189300724,0.3696818754253437,0.13666468901799922,0.9038495278632339,-0.252487945247843,-0.19639571921505142,-0.1624394155964839,0.0629521668922272,0.0,-0.036325690604607885,0.05622347832633656,-0.01901828004970807,,,,,,
ridge,chopin_op6_no3,chopin_op6_no3,31,1,0.21876952145926576,0.5094491232038161,0.25953840913313697,0.3075360536073403,0.21876951498848451,0.23382894382216668,0.22371984271048162,-0.023444799757085466,0.08547213685799493,0.0073054861790718155,0.26082973132187137,-0.04874302693057664,-0.03097091661303568,-0.02561612653888945,0.031075657974338373,,,,,,,,,,
frozen_p95,clementi_op36_no2,clementi_op36_no2,26,16,0.49565653502877316,0.7548450772446906,0.5697910906405431,1.0271216932288219,0.4956054341631856,0.5750643979320244,0.5238987475080963,0.11088263384695729,0.5013915884810802,0.2513935249995809,0.876239412474529,0.1005809472137752,0.12409186838664374,0.11567770139080336,0.015398764285413716,0.0,-0.11435261771136962,0.13297962574891575,-0.08962634836169037,,,,,,
frozen_p100,clementi_op36_no2,clementi_op36_no2,26,16,0.4395421488397683,0.7413295061650821,0.5495694367109645,1.0730331206633215,0.4394910479741806,0.5099600697761736,0.46458699720524044,-0.13601524607293802,0.5749199331907316,0.33053292958003533,1.257963252207156,-0.1974653289142636,-0.15221848028570384,-0.14189716165597477,-0.03760909993799444,0.0,-0.11435261771136962,0.13297962574891575,-0.039074005662382616,,,,,,
pt_frozen,clementi_op36_no2,clementi_op36_no2,26,16,0.1255747993853773,0.6792287735973241,0.461351726882525,1.2586913931830468,0.12552369851978995,0.14569281609450524,0.1327299762380023,-0.1914909481110887,0.3194451881611085,0.10204522823928602,0.8612349779785012,-0.24789172885431632,-0.214302895826161,-0.19977188443422067,0.03603082958616425,0.0,-0.11435261771136962,0.13297962574891575,-0.07010597638777583,,,,,,
ridge,clementi_op36_no2,clementi_op36_no2,26,1,0.258391209483363,0.5105051958254513,0.2606155549647824,0.4633422285585439,0.25834010861777557,0.2997874027906278,0.2731141858294628,0.05771397634510245,0.2444178074645782,0.059740064605791614,0.28942989762587873,0.035187798192294006,0.0645893311532557,0.06020979020880157,0.0227706517273554,,,,,,,,,,
frozen_p95,clementi_op36_no3,clementi_op36_no3,29,16,0.43992917700499556,0.7773911211808459,0.6043369552908125,1.1828634115852785,0.4397262315073782,0.48803767455147873,0.4562550757803818,0.22621318238790633,0.5117394712704156,0.26187728645612457,0.7005888929486902,0.16274802250064058,0.25695517230170084,0.23650006838187032,0.03895769286394165,0.0,-0.013377713268633684,0.0606527074743477,-0.041769990194493234,,,,,,
frozen_p100,clementi_op36_no3,clementi_op36_no3,29,16,0.42433690798823465,0.7707565059444178,0.5940655914556473,1.1827379175001003,0.4241339624906174,0.4707403114537939,0.4400841731585956,-0.22143665555188963,0.37108345358491607,0.13770292952450855,0.9703660122134801,-0.22334517442193658,-0.25152952352563734,-0.23150633233421303,0.006755753101078649,0.0,-0.013377713268633684,0.0606527074743477,-0.08485626119802125,,,,,,
pt_frozen,clementi_op36_no3,clementi_op36_no3,29,16,0.05040066483238126,0.6923358061411985,0.4793288684651832,1.3472619116163138,0.050197719334764135,0.055912234392138375,0.05227104805603433,0.0607716523485069,0.34719988660744594,0.12054776126022332,0.5916914179775866,-0.08966435442944909,0.06903041739403284,0.06353520066507634,0.0599793062979135,0.0,-0.013377713268633684,0.0606527074743477,-0.0002678227462580285,,,,,,
ridge,clementi_op36_no3,clementi_op36_no3,29,1,0.3101189601494808,0.5568873983842177,0.31012357447914246,0.554739299303214,0.30991601465186347,0.34403204892217615,0.3216275642984413,-0.057790576518190306,0.06515157550644869,0.004244727790972485,0.31422045013586236,-0.08037002550902783,-0.06564421838680652,-0.060418562499788164,0.02323711513861114,,,,,,,,,,
frozen_p95,duvernoy_op176_no18,duvernoy_op176_no18,21,16,0.31416749977277514,0.7774676213944363,0.6044559023167225,1.3162518106056151,0.3141674279564888,0.3947163560311461,0.3446086393727651,-0.0492527084074843,0.6379792099960183,0.40701747238714364,1.3134569526305389,-0.0875990680266776,-0.06296366243614843,-0.05439427364159055,-0.014978098404910095,0.0,-0.05429015244018176,0.04743684246935709,-0.009475487297584406,,,,,,
frozen_p100,duvernoy_op176_no18,duvernoy_op176_no18,21,16,0.27879327711791935,0.7518571746471566,0.565289211068405,1.287110324054505,0.2787932053016329,0.35027259824634077,0.3058068449580792,-0.6896277372893675,0.5480888251786328,0.30040136028569375,1.5430908842594468,-0.8159082301450262,-0.8816060976393815,-0.7616190269700727,-0.027180831809472644,0.0,-0.05429015244018176,0.04743684246935709,-0.02921668241962383,,,,,,
pt_frozen,duvernoy_op176_no18,duvernoy_op176_no18,21,16,0.30972731316905633,0.7057681332128827,0.4981086578587973,1.1397973311820297,0.30972724135276974,0.3891377577433353,0.33973822258816655,0.0765849107508001,0.5961168364632146,0.3553552827149109,1.124103930968479,0.028590321742971936,0.09790459497823646,0.0845797262097936,-0.01675678693716294,0.0,-0.05429015244018176,0.04743684246935709,-0.00625352329514306,,,,,,
ridge,duvernoy_op176_no18,duvernoy_op176_no18,21,1,0.1978454106630687,0.46151964259278344,0.21300038049897058,0.584625165766611,0.19784533884678235,0.24857064976769896,0.21701556597693072,0.02346377665825483,0.3418051137492664,0.11683073578514895,0.6473651882467276,-0.29040852328497135,0.029995615688071273,0.02591319603492792,-0.0428520007653986,,,,,,,,,,
frozen_p95,grieg_op54_no2,grieg_op54_no2,26,16,-0.28029638324891515,0.1956021170954017,0.03826018821220324,0.7600102774378247,-0.2803068190610858,-0.2958464415635426,-0.2860494576655712,0.48232601798755104,0.696187453768993,0.4846769707853538,0.7446740787062126,0.4820022364170361,0.5282791697692537,0.4989961241912585,-0.00437542153191561,0.0,-0.022113149848800084,0.16153669847320884,-0.00024144072946796769,,,,,,
frozen_p100,grieg_op54_no2,grieg_op54_no2,26,16,-0.32770418576286375,0.15339359684006865,0.023529595551533517,0.746043393359394,-0.32771462157503484,-0.3458842961856042,-0.3344303038293577,0.21969941882878397,0.6097710054757118,0.3718206791188606,0.9997982613054505,0.15057292486923812,0.24063107161814595,0.22729264935789717,-0.06393167782476533,0.0,-0.022113149848800084,0.16153669847320884,-0.04844429024852204,,,,,,
pt_frozen,grieg_op54_no2,grieg_op54_no2,26,16,-0.06175789681779076,0.3154664870651929,0.09951910446125353,0.7170595662872387,-0.06176833262996162,-0.06518405196747235,-0.06302547570015338,0.2682361010001003,0.5359832423360176,0.28727803606503016,0.6739757604843936,0.261080909731897,0.29379203993538683,0.27750685174665335,0.020568587133117922,0.0,-0.022113149848800084,0.16153669847320884,-0.11097578456970991,,,,,,
ridge,grieg_op54_no2,grieg_op54_no2,26,1,-0.19080988780006836,-0.13395524626289498,0.01794400800135284,0.3229406891550309,-0.19082032361223922,-0.20139548597264154,-0.19472625472290783,0.056102099881061074,0.23749195441370596,0.05640242841124178,0.2548219437437891,0.03150787411790357,0.06144717399060908,0.05804109534966628,-0.038133828993909547,,,,,,,,,,
frozen_p95,kuhlau_op55_no1,kuhlau_op55_no1,28,16,0.4110259360523718,0.7722667140967614,0.596395877701809,1.2028128111054754,0.4110250238285881,0.48177909931641677,0.4342882230300059,0.07760736563842663,0.33521933445522806,0.11237200219260608,0.521672107441257,0.07205506780110582,0.08012334582426589,0.07850703512106516,-0.019481887775016762,0.0,-0.22424626609178233,0.05897013663154804,-0.0011384606373863182,,,,,,
frozen_p100,kuhlau_op55_no1,kuhlau_op55_no1,28,16,0.194325058052226,0.7446928787686574,0.5545674836887503,1.3448948661333486,0.19432414582844237,0.2277757757629261,0.20532301431448063,-0.13901771707685584,0.3035408520960196,0.09213704889117766,0.7843264238096826,-0.2182261685577378,-0.14352458081032593,-0.1406292908826572,-0.07358349665434326,0.0,-0.22424626609178233,0.05897013663154804,-0.05938280997049583,,,,,,
pt_frozen,kuhlau_op55_no1,kuhlau_op55_no1,28,16,-0.48684080805529106,0.7383314818564027,0.5451333771002721,1.754192783981631,-0.4868417202790747,-0.5706445881932594,-0.5143938882773686,-0.07092635589058705,0.08132436256498052,0.0066136519466004,0.35978442763210533,-0.07663656113167638,-0.07322574209712185,-0.07174857524289457,-0.019756978131650213,0.0,-0.22424626609178233,0.05897013663154804,-0.02802114156877722,,,,,,
ridge,kuhlau_op55_no1,kuhlau_op55_no1,28,1,0.3519124910265068,0.5948465315884895,0.3538423961428559,0.6387772169501962,0.3519115788027233,0.41248998686872207,0.3718292131581964,0.03978928849989494,0.20036590299649223,0.040146495083599736,0.18146599337488492,-0.01905281191966135,0.041079231286263784,0.04025054895249214,-0.0634218262360064,,,,,,,,,,
frozen_p95,liszt_s207,liszt_s207,36,16,0.2131580267590476,0.734963315677905,0.5401710753922597,1.3068138631404498,0.21313778079764722,0.23490894344469285,0.21963198332521328,0.1555330533746082,0.46793157389086265,0.21895995784397984,0.7197785601133937,0.1524617884646533,0.17460395103644982,0.16142717207771384,-0.013197264573645444,0.0,-0.08889254663459778,-0.0727448634813257,-0.05568437638532031,0.18986830945666072,0.2150655139018337,0.14807406766533923,0.17500268788318857,0.14142333407807775,0.7448119466000507
frozen_p100,liszt_s207,liszt_s207,36,16,0.1938392637619295,0.7339669289514034,0.5387074527943544,1.3212217195086406,0.19381901780052901,0.21361886925273507,0.19972647802025434,0.05022927934843624,0.45107896374601447,0.20347223153417823,0.8425415445704683,0.035230137833658026,0.05638821100507192,0.052132780427001646,-0.02916476529376323,0.0,-0.08889254663459778,-0.0727448634813257,-0.07759361033302814,0.17546474487506242,0.19875046887075773,0.043791916614741334,0.051755876204176814,0.12104413326201371,0.6374840269967265
pt_frozen,liszt_s207,liszt_s207,36,16,0.5829252224639783,0.8036893721655041,0.6459166069317821,1.054670216987981,0.5829049765025778,0.6424076550073591,0.6006296112169298,0.29172889683080894,0.5401487830303145,0.2917607078091298,0.5457889052205379,0.2807659849219757,0.32749963376260627,0.30278432659148746,0.024933787085335522,0.0,-0.08889254663459778,-0.0727448634813257,-0.10011539726910357,0.5619424984549396,0.6365172395505958,0.2804553695744693,0.3314587373781842,0.12755974645276985,0.6717987783461807
ridge,liszt_s207,liszt_s207,36,1,0.42597784672794936,0.6673292048566201,0.4453282676545688,0.5282234144429228,0.42595760076654876,0.4694451690473839,0.43891548796903124,0.05167905738948453,0.23197636344328967,0.05381303319637323,0.18578138745142916,0.017382634111624107,0.05801575555975397,0.053637499611952744,-0.044101128189100745,,,,,0.41256400385688774,0.4673148971557718,0.051403561294618316,0.06075176791697028,,
frozen_p95,lyadov_op11_no1,lyadov_op11_no1,47,16,0.7350091697517627,0.8674268016153163,0.7524292561605772,0.9994119765737723,0.7350083902513657,0.7714860201255528,0.7440803807042352,0.49031778003543913,0.7372103242550062,0.5434790621881714,0.9677776292935399,0.48692390560098353,0.523447463557622,0.49849769421876866,-0.016033377194162937,0.0,-0.03708402592451354,0.028253437892096778,-0.09767237699371534,0.7240011328756136,0.7673457131662179,0.487768878660198,0.5264300436276763,0.06707672506927295,0.5052728224512281
frozen_p100,lyadov_op11_no1,lyadov_op11_no1,47,16,0.7232318198354575,0.8746564149072874,0.7650238441384689,1.0790873917748145,0.7232310403350606,0.7591241868471666,0.7321576790971641,0.3491501488676223,0.7267800553346236,0.5282092488321989,1.149933809854865,0.2818551003562353,0.37274144905027384,0.354974979969255,-0.07139514497072934,0.0,-0.03708402592451354,0.028253437892096778,-0.057919258449133926,0.7121940168407191,0.7548317273962689,0.346272263193894,0.37371823130849235,0.06018196484277196,0.4533362534525057
pt_frozen,lyadov_op11_no1,lyadov_op11_no1,47,16,0.6728053282118811,0.8318883466229385,0.6920382212470463,0.9705710529534851,0.6728045487114841,0.7061951419691191,0.6811088423901039,0.4400600513765429,0.663758395351294,0.440575207399325,0.686455444119403,0.4370796385403589,0.46979393178325923,0.44740152175012704,0.015025029629324792,0.0,-0.03708402592451354,0.028253437892096778,-0.055231569221811716,0.6660270868399889,0.7059008704991271,0.4351089991275027,0.4695962768732845,0.08459799301160795,0.6372563159358151
ridge,lyadov_op11_no1,lyadov_op11_no1,47,1,0.3246908024087012,0.6491438071930692,0.4213876824171126,0.3381825877324884,0.3246900229083042,0.34080447595811836,0.32869801603839177,0.12489366043220518,0.46038875286889597,0.21195780376817727,0.16532241569033493,0.12489334663333063,0.13333244770960487,0.12697724676330557,-0.00015417104470404758,,,,,0.32153511990823197,0.34078482020325324,0.12438741874879841,0.13424651949613461,,
frozen_p95,mendelssohn_op38_no3,mendelssohn_op38_no3,21,16,0.5333700202463938,0.7307341322192205,0.5339723719901773,0.7061912769700158,0.5328084080103033,0.5902358825823265,0.5576373605894855,0.37105539495286,0.7037784000836212,0.49530403642426163,1.05626760767926,0.36422300581499545,0.505753452660448,0.4223416749522316,-0.01857793609206289,0.0,-0.019073429198942504,0.06615495799954985,-0.0003401213954146165,,,,,,
frozen_p100,mendelssohn_op38_no3,mendelssohn_op38_no3,21,16,0.5180004639860073,0.7239139768933995,0.5240514459416173,0.8017020348175435,0.5174388517499169,0.5732276832837284,0.5415685182077665,0.029620558710929834,0.724619569459827,0.525073520444145,1.4285037657117494,-0.09159743898418737,0.04037321661820189,0.0337146327722424,-0.07825186928109996,0.0,-0.019073429198942504,0.06615495799954985,-0.011966733134206153,,,,,,
pt_frozen,mendelssohn_op38_no3,mendelssohn_op38_no3,21,16,0.34203977476829983,0.6097237618709589,0.3717630657900738,0.7821282021321482,0.3414781625322093,0.3785067414275851,0.3576019460754578,-0.17853082399167186,0.3915842926023876,0.1533382582129123,0.9676650874606989,-0.19720582978960022,-0.2433398944423752,-0.2032068749325795,0.0307143649621031,0.0,-0.019073429198942504,0.06615495799954985,-0.010587350030683451,,,,,,
ridge,mendelssohn_op38_no3,mendelssohn_op38_no3,21,1,0.16471362642909282,0.46685340489270927,0.21795210165991594,0.23611876243340474,0.1641520141930024,0.18227476044454063,0.17220778898036093,0.01579488174581789,0.13714847745393943,0.018809704867933725,0.19205588243829252,0.009038689752518647,0.021528634500316977,0.01797800787413062,0.01847405188771537,,,,,,,,,,
frozen_p95,mendelssohn_op38_no4,mendelssohn_op38_no4,23,16,0.15329744808210832,0.5204427185896399,0.27086062333297495,0.8633175868008673,0.15329743069517288,0.17257939791566687,0.16070413836819752,-0.21556109157334036,0.528037446411018,0.27882354481226873,1.231162354507445,-0.36088082860811643,-0.2457595675350066,-0.22708513929261032,-0.06496031512121343,0.0,-0.05858144584196512,-0.029257977945512437,-0.015317582096703308,,,,,,
frozen_p100,mendelssohn_op38_no4,mendelssohn_op38_no4,23,16,0.17304167060476083,0.5606100337133412,0.31428360990007354,0.9364317192176672,0.1730416532178254,0.19480707409620734,0.18140231898339831,-0.40759388534087804,0.5056085242794506,0.25563997982404374,1.3200002390978922,-0.6798508496734763,-0.46469470097856863,-0.42938414141384307,-0.08891505884603317,0.0,-0.05858144584196512,-0.029257977945512437,0.00428373277005023,,,,,,
pt_frozen,mendelssohn_op38_no4,mendelssohn_op38_no4,23,16,0.052729591711609514,0.46985377525800814,0.22076257012420283,0.8797720334663893,0.05272957432467418,0.059361987454966604,0.055277264615535726,0.2345654615253392,0.6600123974463588,0.43561636478289023,1.1083993991062544,0.2216451421965443,0.26742630575102394,0.2471054962420911,-0.01936967996144812,0.0,-0.05858144584196512,-0.029257977945512437,-0.0721282935469123,,,,,,
ridge,mendelssohn_op38_no4,mendelssohn_op38_no4,23,1,0.08216353931321163,0.29841218157760063,0.08904983011390293,0.38139585949495564,0.08216352192627618,0.09249817477522143,0.08613333721993155,-0.05693217155411068,0.07095899287455189,0.0050351786697707054,0.31989141387246295,-0.05960547707159347,-0.06490793750321437,-0.05997580552795356,-0.008810694009658015,,,,,,,,,,
frozen_p95,mendelssohn_op53_no1,mendelssohn_op53_no1,34,16,0.03395602480849047,0.5223865473304249,0.27288770483180225,1.0111929302913187,0.03395540784315665,0.03716906720759833,0.03492852693607407,0.2052049791277918,0.5250989224563105,0.2757288783647785,0.7906622844567692,0.20489350593098143,0.21924594452093546,0.20963903722507293,-0.003617158708048492,0.0,-0.042534391798918936,0.08285489399692914,-0.01617909881854307,,,,,,
frozen_p100,mendelssohn_op53_no1,mendelssohn_op53_no1,34,16,0.14697282897067987,0.5428367902061174,0.2946717808012803,0.927153003539097,0.14697221200534627,0.1608799318681175,0.15118213761847044,-0.17759008899087037,0.5217119835843175,0.2721833938154831,1.192363519634414,-0.2663104830542262,-0.18974153046312267,-0.18142744603470917,-0.06104765066799386,0.0,-0.042534391798918936,0.08285489399692914,-0.019082016100630428,,,,,,
pt_frozen,mendelssohn_op53_no1,mendelssohn_op53_no1,34,16,-0.005473708150782519,0.3724310727769923,0.13870490396982132,0.7521396611979069,-0.005474325116116008,-0.005991650297073122,-0.005630475406444235,0.3279808576812163,0.5888890760788681,0.3467903439250229,0.4517413956617111,0.3279199335728503,0.3504226516956182,0.3350678503260144,0.001599748881899057,0.0,-0.042534391798918936,0.08285489399692914,-0.035401787007033336,,,,,,
ridge,mendelssohn_op53_no1,mendelssohn_op53_no1,34,1,0.09369847573151535,0.31987842472935596,0.10232220660733425,0.22701437961059862,0.09369785876618186,0.10256456582760516,0.09638200442823897,0.037324611780074624,0.19424560205424787,0.03773135391741723,0.214413451154798,-0.014086585630642245,0.039878514636350754,0.038131119973953465,-0.04647143505651738,,,,,,,,,,
frozen_p95,mendelssohn_op53_no2,mendelssohn_op53_no2,42,16,0.6820057530619007,0.8415190159865226,0.7081542542669256,1.0032239979908648,0.6819713819107827,0.7133905957799881,0.6905552946104625,0.05687511157459202,0.5886084034021348,0.3464598525556103,1.1267391876739676,0.05667807421839122,0.07517408426441956,0.06105068173310324,-0.0028099949123535847,0.0,-0.04720053586559958,0.031780308931004364,-0.0003962698349053717,0.6750597169498563,0.7127523470560505,0.05488981695749508,0.07474521413775795,0.07950404290729193,0.5401130349149242
frozen_p100,mendelssohn_op53_no2,mendelssohn_op53_no2,42,16,0.597781323958417,0.8303318514374475,0.6894509835115393,1.133101829396164,0.597746952807299,0.6252902896057231,0.6052750382609603,-0.2003945428322631,0.5444609542163122,0.29643773066613727,1.2493242555013204,-0.24461127167217556,-0.26486939246255786,-0.21510680360526302,-0.04209442222615832,0.0,-0.04720053586559958,0.031780308931004364,-0.02602096432798251,0.5913147708874619,0.6243314187124803,-0.19084130140658626,-0.2598746858822585,0.06333941546967989,0.4302981668360968
pt_frozen,mendelssohn_op53_no2,mendelssohn_op53_no2,42,16,0.7105675855727025,0.8429767367664637,0.7106097787294358,0.8364811107971554,0.7105332144215843,0.7432667993456782,0.7194751747955805,0.24582008921455933,0.5438752646387398,0.2958003034858593,0.76743781577667,0.24417454476911093,0.32491013360504295,0.2638673334391384,0.008120561433823024,0.0,-0.04720053586559958,0.031780308931004364,-0.018406472675638108,0.7057541153170405,0.7451605976572472,0.23524301469389042,0.3203379147961546,0.06807037621931014,0.4624380867081694
ridge,mendelssohn_op53_no2,mendelssohn_op53_no2,42,1,0.2194136622888453,0.5999392404817703,0.3599270922698434,0.225088030024877,0.21937929113772736,0.22951073735048327,0.22216420539444037,0.1379307480399805,0.4290002877806916,0.18404124691591622,0.21426673456663106,0.1358392221107475,0.18230852456813482,0.14805713723750324,0.009155095402131067,,,,,0.21763160849070076,0.22978328561242328,0.13178528569511325,0.1794562260448896,,
frozen_p95,mendelssohn_op72_no2,mendelssohn_op72_no2,33,16,0.587202748289539,0.7664077990354662,0.5873809144223875,0.7797556877392261,0.5871951559877566,0.6398838731282356,0.6035381225261078,0.05541243223671122,0.3325110421891602,0.11056359317772149,0.5673538852587555,0.052326921976052376,0.06047149216511022,0.0569852056040514,0.010307193293202016,0.0,-0.05277551163865968,0.011824206287181949,-0.0657359322122395,,,,,,
frozen_p100,mendelssohn_op72_no2,mendelssohn_op72_no2,33,16,0.4846667113009939,0.6977664944569557,0.4868780807867488,0.7447916949961835,0.48465911899921166,0.5281487753709979,0.4981496388454765,0.04281146432626515,0.38327632052736643,0.14690073787699653,0.7059050135333225,0.04259534399900178,0.04672007751840728,0.04402658389765579,-0.002727876668553465,0.0,-0.05277551163865968,0.011824206287181949,-0.09559683636056748,,,,,,
pt_frozen,mendelssohn_op72_no2,mendelssohn_op72_no2,33,16,0.6297882386054208,0.7942079528936096,0.6307662724394582,0.7629344204094709,0.6297806463036384,0.6862899374080216,0.6473082972178446,0.10941936904833038,0.34882736063111763,0.1216805275248718,0.4595574761216272,0.10884536357713914,0.11940916958584176,0.11252502354794236,0.004445646629535908,0.0,-0.05277551163865968,0.011824206287181949,-0.06992637100298338,,,,,,
ridge,mendelssohn_op72_no2,mendelssohn_op72_no2,33,1,0.17724999030553512,0.5500839320543782,0.3025923323044058,0.19604672779630777,0.17724239800375285,0.1931520426956908,0.18218090204513993,0.04549920902422533,0.2591613594776151,0.06716461024628563,0.40635307535204956,0.038845611682361225,0.049653208692837784,0.04679061496509174,-0.015135793032960808,,,,,,,,,,
frozen_p95,merikanto_op33,merikanto_op33,37,16,0.31125862850068486,0.6754599332622075,0.45624612144258586,1.056232165629408,0.3112585876317583,0.33355020727974805,0.3176804518287002,0.20705333969619077,0.5393793838573415,0.2909301197303254,0.8289942661305679,0.18739724135399471,0.21887237651538277,0.21049685859373324,-0.031559548311849525,0.0,-0.0407146659727069,0.12461732471608167,-0.061597557304025274,0.2954684825842445,0.3204730649738583,0.19152529490365958,0.20393600481788976,0.08112219830240042,0.27869660339534563
frozen_p100,merikanto_op33,merikanto_op33,37,16,0.07321660930689444,0.6085101271664234,0.37028457486409677,1.1535495436834333,0.07321656843796787,0.07846020310592366,0.07472719917201731,0.07658569991128217,0.5627874231143568,0.3167296836156981,1.0528323023901391,-0.014941565602081264,0.08095737152210085,0.07785940216265841,-0.06810160767692618,0.0,-0.0407146659727069,0.12461732471608167,-0.05329061521849887,0.05662822830135492,0.06142049984163796,0.0577029488955181,0.06144206105977897,0.07780658003350052,0.2673057440617098
pt_frozen,merikanto_op33,merikanto_op33,37,16,0.2731194592601315,0.6967025687969799,0.4853944693683105,1.1574356912314105,0.2731194183912049,0.29267960437649077,0.27875440317561484,0.21691182917756735,0.54806104942743,0.30037091389949583,0.8369539097094527,0.2153457804164769,0.22929360915430982,0.22051930531859187,-0.00890809337830159,0.0,-0.0407146659727069,0.12461732471608167,-0.08127336865305979,0.2722454779282869,0.295284769373244,0.2118895728789912,0.2256198742690717,0.07632632763894384,0.2622203134007588
ridge,merikanto_op33,merikanto_op33,37,1,0.29854094483745475,0.5741161762485049,0.32960938383020427,0.39785376110350085,0.29854090396852806,0.3199217143366863,0.30470037955950513,0.071381026427496,0.27419133181761784,0.07518088644391901,0.2125483272151255,0.06795003030929436,0.07545560441197181,0.0725681693820106,0.013185367353488228,,,,,0.2930723963405331,0.3178742053738502,0.0698076605751976,0.07433114989093324,,
frozen_p95,mozart_k1,mozart_k1,25,16,-0.3919971541208991,0.5623270260306562,0.3162116842044823,1.4038784732549965,-0.39200005551866646,-0.5463216507538032,-0.44161313642271205,0.04803956854666458,0.32759421528757116,0.10731796988987952,0.5710657769600076,-0.03704946485562122,0.054437536478779955,0.05046734872247083,0.046405829125144266,0.0,-0.04371319390967243,0.010684847256532626,-0.020884087383622685,,,,,,
frozen_p100,mozart_k1,mozart_k1,25,16,-0.2610423371385666,0.5262071552422184,0.27689397022810813,1.2596485689670465,-0.26104523853633377,-0.363811520167792,-0.29408306675441587,-0.03823634723696645,0.3021935597720836,0.09132094756772388,0.6621342421138967,-0.09136487748679656,-0.043328710279854875,-0.04016870109911608,0.036669048620601725,0.0,-0.04371319390967243,0.010684847256532626,-0.0944901886993097,,,,,,
pt_frozen,mozart_k1,mozart_k1,25,16,-1.2381835474567189,0.5896380529903161,0.34767303353421086,1.8489460300121927,-1.2381864488544863,-1.7256413024216148,-1.3949032897588824,0.1593582812609028,0.40588000835536847,0.16473858118255397,0.47923053610841837,0.10468698980074886,0.18058181019900912,0.16741178564906112,0.03719764179732003,0.0,-0.04371319390967243,0.010684847256532626,-0.27163264740250415,,,,,,
ridge,mozart_k1,mozart_k1,25,1,0.40203201497418883,0.6375736377860532,0.4065001435997414,0.7044176997927286,0.4020291135764217,0.5603071138849033,0.452918132717711,-0.03766722787434151,0.09402112664531062,0.008839972255653538,0.3096764074292386,-0.0383150309706175,-0.04268379491110879,-0.03957082009794943,0.004049088332556877,,,,,,,,,,
frozen_p95,mozart_k3,mozart_k3,33,16,0.05434377223985143,0.6002409688367885,0.3602892206701265,1.1533643261724507,0.05433972226488648,0.06792280744283412,0.058277385902673506,-0.03360006514406488,0.17578914889394073,0.030901824868856075,0.4297613718099931,-0.04279863300578923,-0.03536609642471679,-0.03423615430187499,0.0207610466601683,0.0,-0.08106878797462347,0.007671915401813223,-0.04811732241684008,,,,,,
frozen_p100,mozart_k3,mozart_k3,33,16,0.11263037236402762,0.5974921433280743,0.3569968613387761,1.0918265331642942,0.11262632238906245,0.1407736485522535,0.1207829969117763,-0.06796532639070652,0.1902487732543934,0.0361945957248016,0.5129869366554823,-0.06804681519366196,-0.07153760792918164,-0.06925199077777844,0.0019540609473508407,0.0,-0.08106878797462347,0.007671915401813223,-0.03155302200703103,,,,,,
pt_frozen,mozart_k3,mozart_k3,33,16,-0.9064636287350729,0.4392635021823408,0.19295242434949536,1.4877939276276724,-0.9064676787100379,-1.1329643116558403,-0.9720769928406445,-0.000887781611314642,0.23214174216524902,0.05388978845551696,0.4661878275134807,-0.0016553998047819096,-0.0009344437260827783,-0.0009045883721063852,-0.005997382746407525,0.0,-0.08106878797462347,0.007671915401813223,-0.09698372613755701,,,,,,
ridge,mozart_k3,mozart_k3,33,1,0.2164469022539447,0.46751576507127796,0.21857099059018237,0.421427932227484,0.21644285227897953,0.2705311143750815,0.23211417114031918,-0.0702028213338588,0.06343503969168512,0.004024004260685667,0.3358810446074195,-0.07101115676666914,-0.07389270639610582,-0.07153184415886482,0.0061543890153804084,,,,,,,,,,
frozen_p95,"pianocore:Bach,_Carl_Philipp_Emanuel/4_Pieces_for_Anna_Magdalena_Bach,_H.1/1._March_(D_major,_BWV_Anh.122)","pianocore:Bach,_Carl_Philipp_Emanuel/4_Pieces_for_Anna_Magdalena_Bach,_H.1/1._March_(D_major,_BWV_Anh.122)",43,16,-2.1896001158814733,0.7217544035440617,0.5209294190352441,2.3681229937803785,-2.1896095647959406,-3.210604391035917,-2.398603665745843,-0.3741768344327199,0.6029145329947496,0.363505934096277,1.4617991402203057,-0.38524463071212156,-0.6245574459236012,-0.42312038388148965,-0.006889130112235093,,,,,-2.1722622097882938,-3.5150616785758944,-0.34861540924878703,-0.6338768329500679,,
frozen_p100,"pianocore:Bach,_Carl_Philipp_Emanuel/4_Pieces_for_Anna_Magdalena_Bach,_H.1/1._March_(D_major,_BWV_Anh.122)","pianocore:Bach,_Carl_Philipp_Emanuel/4_Pieces_for_Anna_Magdalena_Bach,_H.1/1._March_(D_major,_BWV_Anh.122)",43,16,-2.05151828347697,0.6599284133369326,0.4355055107294014,2.2369584682840062,-2.051527732391437,-3.008135394882383,-2.247341530264538,-2.1762189386174,0.4070829794297685,0.16571655214141734,1.9374213376887577,-2.3019846557525048,-3.632436904155391,-2.460875468450546,-0.023222819393539255,,,,,-2.0323842355846073,-3.2887171311337493,-2.0346666703292864,-3.6995727408508845,,
pt_frozen,"pianocore:Bach,_Carl_Philipp_Emanuel/4_Pieces_for_Anna_Magdalena_Bach,_H.1/1._March_(D_major,_BWV_Anh.122)","pianocore:Bach,_Carl_Philipp_Emanuel/4_Pieces_for_Anna_Magdalena_Bach,_H.1/1._March_(D_major,_BWV_Anh.122)",43,16,-1.6466947321390908,0.608079580504989,0.3697607762271234,2.0280991255698497,-1.6467041810535585,-2.4145437787269763,-1.8038764211898681,-0.4515556830723879,0.4921791861376323,0.24224035126710214,1.3251233825514677,-0.4813630013147778,-0.7537143889186644,-0.5106206381138529,0.0113056428307312,,,,,-1.6416892607879099,-2.6565112548211065,-0.41433564835189163,-0.7533739518902918,,
ridge,"pianocore:Bach,_Carl_Philipp_Emanuel/4_Pieces_for_Anna_Magdalena_Bach,_H.1/1._March_(D_major,_BWV_Anh.122)","pianocore:Bach,_Carl_Philipp_Emanuel/4_Pieces_for_Anna_Magdalena_Bach,_H.1/1._March_(D_major,_BWV_Anh.122)",43,1,0.29858806115882097,0.6226511645050428,0.3876944726594858,0.9211581351115341,0.2985786122443538,0.43781882057559446,0.32708913963277353,-0.161698208396041,0.332237258197134,0.1103815957343491,0.8538499537197702,-0.25945792006184454,-0.26989864350999093,-0.18284886105578524,-0.0204745216872987,,,,,0.2598977938931809,0.4205554796947697,-0.1595059222714764,-0.2900247842288255,,
frozen_p95,"pianocore:Bach,_Carl_Philipp_Emanuel/4_Pieces_for_Anna_Magdalena_Bach,_H.1/3._March_(G_major,_BWV_Anh.124)","pianocore:Bach,_Carl_Philipp_Emanuel/4_Pieces_for_Anna_Magdalena_Bach,_H.1/3._March_(G_major,_BWV_Anh.124)",26,16,-0.7099651907615541,0.6264102104755959,0.39238975178808033,1.6763411332270097,-0.7099651961618736,-1.0753572392914774,-0.8157430388002693,-0.6534269546367295,0.6741875503662247,0.45452885306881075,1.7267823478574247,-0.6643977547104651,-0.8005756569041682,-0.7032137821505724,-0.005465488373817813,0.0,-0.12236581256588641,0.0031304804229981276,-0.013749948444533366,,,,,,
frozen_p100,"pianocore:Bach,_Carl_Philipp_Emanuel/4_Pieces_for_Anna_Magdalena_Bach,_H.1/3._March_(G_major,_BWV_Anh.124)","pianocore:Bach,_Carl_Philipp_Emanuel/4_Pieces_for_Anna_Magdalena_Bach,_H.1/3._March_(G_major,_BWV_Anh.124)",26,16,-0.6787922751212276,0.5844070060457335,0.3415315487153381,1.5945178038479184,-0.6787922805215474,-1.0281408110216779,-0.779925664563333,-1.6303127050548816,0.5954477572090277,0.35455803156526117,2.004302162965755,-1.9561800103611047,-1.9974515216228546,-1.7545317885564473,-0.029787236877964002,0.0,-0.12236581256588641,0.0031304804229981276,-0.020385969891130395,,,,,,
pt_frozen,"pianocore:Bach,_Carl_Philipp_Emanuel/4_Pieces_for_Anna_Magdalena_Bach,_H.1/3._March_(G_major,_BWV_Anh.124)","pianocore:Bach,_Carl_Philipp_Emanuel/4_Pieces_for_Anna_Magdalena_Bach,_H.1/3._March_(G_major,_BWV_Anh.124)",26,16,-1.9185069527147856,0.5729583644636324,0.32828128740884055,2.0718873955133437,-1.9185069581151049,-2.9058894253954692,-2.2043456664238357,-0.5022144017352155,0.5544092779016532,0.3073696474234325,1.4541781644267697,-1.0447059462589374,-0.615310742421742,-0.5404798292887201,-0.03843317922647183,0.0,-0.12236581256588641,0.0031304804229981276,-0.013043881831449333,,,,,,
ridge,"pianocore:Bach,_Carl_Philipp_Emanuel/4_Pieces_for_Anna_Magdalena_Bach,_H.1/3._March_(G_major,_BWV_Anh.124)","pianocore:Bach,_Carl_Philipp_Emanuel/4_Pieces_for_Anna_Magdalena_Bach,_H.1/3._March_(G_major,_BWV_Anh.124)",26,1,0.33863883043841414,0.6336272188892602,0.40148345251733847,0.8843155155425434,0.3386388250380946,0.5129233412507576,0.38909269382810996,-0.6566539204172874,0.27696806592159384,0.07671130954034835,1.1333355279130195,-0.9611581457461771,-0.8045293203262928,-0.7066866214561962,-0.028794297410859662,,,,,,,,,,
frozen_p95,"pianocore:Bach,_Carl_Philipp_Emanuel/Keyboard_Sonata_in_B_minor,_H.245","pianocore:Bach,_Carl_Philipp_Emanuel/Keyboard_Sonata_in_B_minor,_H.245",19,16,0.41938382026312027,0.728260001071484,0.5303626291606379,1.0613948219736495,0.41932075470492625,0.4707250629901702,0.4417957760320518,0.20764040668690942,0.45595209059581115,0.2078923089186908,0.47182351875401696,0.19514403351411902,0.22425848354886513,0.21543658872638405,0.035296143841742414,0.0,-0.09056126847865031,0.08832345153586019,-0.025337159601399817,,,,,,
frozen_p100,"pianocore:Bach,_Carl_Philipp_Emanuel/Keyboard_Sonata_in_B_minor,_H.245","pianocore:Bach,_Carl_Philipp_Emanuel/Keyboard_Sonata_in_B_minor,_H.245",19,16,0.4126701568797132,0.7478798605556467,0.5593242858247336,1.1308343342793798,0.4126070913215193,0.463189508525846,0.43472333312610134,0.04251527014528356,0.3219288947276278,0.10363821326055207,0.5691594412126212,0.04064794613722977,0.04591789316242329,0.044111572092475626,0.01364410673630094,0.0,-0.09056126847865031,0.08832345153586019,-0.014629640954523015,,,,,,
pt_frozen,"pianocore:Bach,_Carl_Philipp_Emanuel/Keyboard_Sonata_in_B_minor,_H.245","pianocore:Bach,_Carl_Philipp_Emanuel/Keyboard_Sonata_in_B_minor,_H.245",19,16,0.5123483890827226,0.7636480164746599,0.5831582930656823,1.0297493204604924,0.5122853235245286,0.5750704153836077,0.5397283901213918,0.082352630914315,0.34763213528958764,0.12084810148599816,0.5438347616014776,0.06149077079802545,0.08894355592816316,0.0854446885358634,0.04560492882130583,0.0,-0.09056126847865031,0.08832345153586019,-0.027307932517140143,,,,,,
ridge,"pianocore:Bach,_Carl_Philipp_Emanuel/Keyboard_Sonata_in_B_minor,_H.245","pianocore:Bach,_Carl_Philipp_Emanuel/Keyboard_Sonata_in_B_minor,_H.245",19,1,0.30257551683280204,0.5832199323421167,0.34014548948114315,0.3893901806311343,0.30251245127460824,0.3396170103344567,0.3187452133551042,0.012115810466753585,0.11467579291324845,0.013150537480282247,0.14684296583112647,0.009438882942995108,0.013085474670335074,0.012570717416040211,0.01633629526230118,,,,,,,,,,
frozen_p95,"pianocore:Bach,_Carl_Philipp_Emanuel/March_in_E_flat_major,_H_deest","pianocore:Bach,_Carl_Philipp_Emanuel/March_in_E_flat_major,_H_deest",22,16,-0.006336814550234271,0.7910982748658777,0.6258364804957675,1.5861915367201087,-0.006336815969839593,-0.008029126058506314,-0.006954034413677812,0.07487721304775263,0.6933624009652289,0.48075141907226693,1.3304449749103293,0.013764860142802537,0.09042035026525812,0.08072054235441906,-0.021753645631922114,0.0,-0.06466328955565737,0.14569912225758908,-0.0008700768905212097,,,,,,
frozen_p100,"pianocore:Bach,_Carl_Philipp_Emanuel/March_in_E_flat_major,_H_deest","pianocore:Bach,_Carl_Philipp_Emanuel/March_in_E_flat_major,_H_deest",22,16,0.025786658062554535,0.7561394188992296,0.5717468208132643,1.4950305900135612,0.025786656642949435,0.032673250348504226,0.028298336042375194,-1.1357029385352186,0.5026697229397314,0.25267685036030635,1.680965012285965,-1.3121247094676884,-1.3714540555101435,-1.2243318550545577,-0.03696099344173966,0.0,-0.06466328955565737,0.14569912225758908,-0.020805536713525363,,,,,,
pt_frozen,"pianocore:Bach,_Carl_Philipp_Emanuel/March_in_E_flat_major,_H_deest","pianocore:Bach,_Carl_Philipp_Emanuel/March_in_E_flat_major,_H_deest",22,16,0.20375256280610687,0.834293906385574,0.6960463222321005,1.5359303930551262,0.20375256138650177,0.2581667805717111,0.22359851663582264,-0.8452690956005848,0.40230796195634067,0.16185169625346446,1.405862042140388,-0.8860966273103339,-1.0207314693171101,-0.9112328979017252,-0.01778050573285126,0.0,-0.06466328955565737,0.14569912225758908,-0.05587482525747611,,,,,,
ridge,"pianocore:Bach,_Carl_Philipp_Emanuel/March_in_E_flat_major,_H_deest","pianocore:Bach,_Carl_Philipp_Emanuel/March_in_E_flat_major,_H_deest",22,1,0.6243927772386004,0.8174988762155322,0.6683044126136578,0.6079478433498895,0.6243927758189953,0.7911432911168645,0.6852100256600462,-0.0624631811223475,0.201008524277482,0.040404426832211085,0.5217383294945188,-0.1540131127515627,-0.07542939281357824,-0.06733773403348553,-0.02662542564130259,,,,,,,,,,
frozen_p95,"pianocore:Bach,_Johann_Sebastian/Notebook_for_Anna_Magdalena_Bach,_Book_2,_BWV_Anh.113-132/10._Polonaise_in_G_minor,_BWV_Anh.119","pianocore:Bach,_Johann_Sebastian/Notebook_for_Anna_Magdalena_Bach,_Book_2,_BWV_Anh.113-132/10._Polonaise_in_G_minor,_BWV_Anh.119",49,16,-1.8432131735867125,0.7058026559222575,0.4981573891069127,2.2359564268530177,-1.8432150945796812,-2.9820032968218553,-2.0359520606900703,-0.43312078808810783,0.8111344426955156,0.6579390841269647,1.8556725569905717,-0.4650718760078978,-0.5363391946265084,-0.45487833196795147,-0.012247729524654897,0.0,-0.10260218296122536,0.07133425937878335,-0.07150494382901429,-1.8204881013061551,-3.1659695395420906,-0.43986944726626664,-0.5441356706869522,0.1299384095709176,0.4860463337206875
frozen_p100,"pianocore:Bach,_Johann_Sebastian/Notebook_for_Anna_Magdalena_Bach,_Book_2,_BWV_Anh.113-132/10._Polonaise_in_G_minor,_BWV_Anh.119","pianocore:Bach,_Johann_Sebastian/Notebook_for_Anna_Magdalena_Bach,_Book_2,_BWV_Anh.113-132/10._Polonaise_in_G_minor,_BWV_Anh.119",49,16,-3.3021124733116674,0.6768063587216053,0.45806684720599833,2.6159245398848023,-3.3021143943046365,-5.342252552769486,-3.64740377890588,-1.6756643173803876,0.6961648477999688,0.48464549531235374,2.165964090109184,-1.729494611847227,-2.0749972644244252,-1.759840235313645,-0.015897401383191172,0.0,-0.10260218296122536,0.07133425937878335,-0.053956458051811707,-3.2527868021560464,-5.656847703020881,-1.6554771964964057,-2.0478898914687345,0.10083524395129058,0.37718331934490074
pt_frozen,"pianocore:Bach,_Johann_Sebastian/Notebook_for_Anna_Magdalena_Bach,_Book_2,_BWV_Anh.113-132/10._Polonaise_in_G_minor,_BWV_Anh.119","pianocore:Bach,_Johann_Sebastian/Notebook_for_Anna_Magdalena_Bach,_Book_2,_BWV_Anh.113-132/10._Polonaise_in_G_minor,_BWV_Anh.119",49,16,-0.703686212598938,0.6667004699222866,0.4444895165945978,1.7382300911617252,-0.7036881335919074,-1.1384437980197633,-0.777268421878822,-1.6771280592969648,0.5694149777718661,0.32423341691093477,1.9841098127832544,-1.8014225051919728,-2.0768098353798474,-1.7613775073628193,-0.02415675658251084,0.0,-0.10260218296122536,0.07133425937878335,-0.07662668771906,-0.6987510960042285,-1.2151821723436818,-1.6879365415770031,-2.0880433679496746,0.1259977386466687,0.4713058989142607
ridge,"pianocore:Bach,_Johann_Sebastian/Notebook_for_Anna_Magdalena_Bach,_Book_2,_BWV_Anh.113-132/10._Polonaise_in_G_minor,_BWV_Anh.119","pianocore:Bach,_Johann_Sebastian/Notebook_for_Anna_Magdalena_Bach,_Book_2,_BWV_Anh.113-132/10._Polonaise_in_G_minor,_BWV_Anh.119",49,1,0.4018090230328738,0.6711905544031468,0.4504967603200036,0.8918435337329752,0.4018071020399049,0.6500581964945631,0.4438249032561822,-0.05952759860797929,0.4005201111556349,0.16041635944012214,0.8695019424114964,-0.19808019299592328,-0.07371381188233087,-0.06251792919103005,-0.02550469257092739,,,,,0.3824440887359474,0.6650998348449617,-0.051620935757975064,-0.06385711186517307,,
frozen_p95,"pianocore:Bach,_Johann_Sebastian/Notebook_for_Anna_Magdalena_Bach,_Book_2,_BWV_Anh.113-132/15._Minuet_in_C_minor,_BWV_Anh.121","pianocore:Bach,_Johann_Sebastian/Notebook_for_Anna_Magdalena_Bach,_Book_2,_BWV_Anh.113-132/15._Minuet_in_C_minor,_BWV_Anh.121",26,16,-0.20554535061536372,0.3822825156114573,0.14613992174222412,0.9753130985981933,-0.20554575824076626,-0.28257820193134275,-0.22938707842364203,0.07296455368758115,0.5247591420479468,0.27537215716289726,0.9746564675293463,0.02984562859573847,0.08677160053121456,0.07768372965050718,-0.01585042779949871,0.0,-0.13345049278535948,0.05525075107988897,-0.0373581089752546,,,,,,
frozen_p100,"pianocore:Bach,_Johann_Sebastian/Notebook_for_Anna_Magdalena_Bach,_Book_2,_BWV_Anh.113-132/15._Minuet_in_C_minor,_BWV_Anh.121","pianocore:Bach,_Johann_Sebastian/Notebook_for_Anna_Magdalena_Bach,_Book_2,_BWV_Anh.113-132/15._Minuet_in_C_minor,_BWV_Anh.121",26,16,-0.23991784676847794,0.40045753028832887,0.16036623356462784,1.0331376076837724,-0.23991825439388004,-0.32983258219224565,-0.2677465277961806,0.052184791016554044,0.638900588575147,0.40819396208166925,1.2355656295027306,-0.05298205094378394,0.062059693522994196,0.05555998073470292,-0.024754060137787984,0.0,-0.13345049278535948,0.05525075107988897,-0.02220733355831994,,,,,,
pt_frozen,"pianocore:Bach,_Johann_Sebastian/Notebook_for_Anna_Magdalena_Bach,_Book_2,_BWV_Anh.113-132/15._Minuet_in_C_minor,_BWV_Anh.121","pianocore:Bach,_Johann_Sebastian/Notebook_for_Anna_Magdalena_Bach,_Book_2,_BWV_Anh.113-132/15._Minuet_in_C_minor,_BWV_Anh.121",26,16,0.19579160559589137,0.7008721789070276,0.4912218111658845,1.2444070955131206,0.19579119797048894,0.2691690164574424,0.21850197172087493,-0.43668234984888676,0.4225020372761237,0.178507971502475,1.2068427294191246,-0.45082383713475527,-0.5193155375466785,-0.4649259386148068,-0.00907725569206399,0.0,-0.13345049278535948,0.05525075107988897,-0.09680574364269723,,,,,,
ridge,"pianocore:Bach,_Johann_Sebastian/Notebook_for_Anna_Magdalena_Bach,_Book_2,_BWV_Anh.113-132/15._Minuet_in_C_minor,_BWV_Anh.121","pianocore:Bach,_Johann_Sebastian/Notebook_for_Anna_Magdalena_Bach,_Book_2,_BWV_Anh.113-132/15._Minuet_in_C_minor,_BWV_Anh.121",26,1,0.3024451838759311,0.5499669836681137,0.3024636831250034,0.5542680590071445,0.3024447762505287,0.4157934781136655,0.3375265697078501,0.22185255012104776,0.5305224734537044,0.2814540948394365,0.7746567494544101,0.10626615345174895,0.2638335997827302,0.23620145200466602,-0.025951375868535465,,,,,,,,,,
frozen_p95,"pianocore:Bartók,_Béla/Romanian_Folk_Dances,_Sz.56/3._Pe_loc","pianocore:Bartók,_Béla/Romanian_Folk_Dances,_Sz.56/3._Pe_loc",23,16,0.4830233793368566,0.7190869513196766,0.517086043558227,0.9036476844710455,0.48300879166434374,0.5301235779447243,0.5013762091724291,0.15742053187933247,0.4003690349513932,0.1602953641479099,0.45398649729881757,0.1567100177016969,0.16542107827484398,0.1606407519621933,0.008108579594195912,0.0,-0.060529595503518774,-0.07124733514807846,-0.04143834770185295,,,,,,
frozen_p100,"pianocore:Bartók,_Béla/Romanian_Folk_Dances,_Sz.56/3._Pe_loc","pianocore:Bartók,_Béla/Romanian_Folk_Dances,_Sz.56/3._Pe_loc",23,16,0.3815143245067525,0.6490691060964723,0.42129070448887357,0.8485092725176855,0.38149973683423977,0.4187162514211076,0.3960102428764154,0.23805974837806432,0.4970348221218696,0.24704361440171857,0.5918180802619782,0.229632315425069,0.2501586025685866,0.2429295374296948,-0.027925828270339553,0.0,-0.060529595503518774,-0.07124733514807846,-0.08699585709859337,,,,,,
pt_frozen,"pianocore:Bartók,_Béla/Romanian_Folk_Dances,_Sz.56/3._Pe_loc","pianocore:Bartók,_Béla/Romanian_Folk_Dances,_Sz.56/3._Pe_loc",23,16,0.4732816761158375,0.7105873288811467,0.504934351966443,0.888499317939234,0.4732670884433249,0.5194319493658088,0.49126436274681096,-0.14549122295639116,0.19450353505206183,0.03783162514774865,0.6226657100560432,-0.1489272677572393,-0.15288548891081297,-0.14846741514968942,-0.017831497575083472,0.0,-0.060529595503518774,-0.07124733514807846,-0.01890869539442086,,,,,,
ridge,"pianocore:Bartók,_Béla/Romanian_Folk_Dances,_Sz.56/3._Pe_loc","pianocore:Bartók,_Béla/Romanian_Folk_Dances,_Sz.56/3._Pe_loc",23,1,0.4753429738584568,0.758919855279086,0.5759593467368287,0.441719015307985,0.4753283861859442,0.521694246764388,0.4934039810186822,0.08309884252447186,0.298821951311124,0.08929455858538776,0.22010908031205445,0.04769406844678481,0.08732215531025231,0.08479872600450566,-0.05723864229365798,,,,,,,,,,
frozen_p95,"pianocore:Boulanger,_Lili/3_Morceaux/1._D’un_Vieux_Jardin._Expressif_(C_sharp_minor)","pianocore:Boulanger,_Lili/3_Morceaux/1._D’un_Vieux_Jardin._Expressif_(C_sharp_minor)",26,16,0.5121352608500691,0.7173330042656404,0.5145666390087693,0.6680239973936707,0.5118700031545664,0.5315732072281486,0.5194609786054041,0.2987010069116245,0.5742066832017272,0.3297133150335287,0.7503098010670967,0.2986505551800068,0.3339689032202973,0.31222884253884287,0.00244184232370058,0.0,-0.08133867475243917,-0.08856336946610699,-0.06130976088967355,,,,,,
frozen_p100,"pianocore:Boulanger,_Lili/3_Morceaux/1._D’un_Vieux_Jardin._Expressif_(C_sharp_minor)","pianocore:Boulanger,_Lili/3_Morceaux/1._D’un_Vieux_Jardin._Expressif_(C_sharp_minor)",26,16,0.5188498946074125,0.7204072898776663,0.518986663308884,0.7087124747243236,0.5185846369119098,0.5385426929765599,0.5262716602537971,0.29802150747354683,0.6113111381951633,0.373701307681466,0.8864107568934069,0.29655931070364405,0.33320917467294514,0.31151856932868405,-0.013145662820241315,0.0,-0.08133867475243917,-0.08856336946610699,-0.06124825345374152,,,,,,
pt_frozen,"pianocore:Boulanger,_Lili/3_Morceaux/1._D’un_Vieux_Jardin._Expressif_(C_sharp_minor)","pianocore:Boulanger,_Lili/3_Morceaux/1._D’un_Vieux_Jardin._Expressif_(C_sharp_minor)",26,16,0.5802070888366269,0.765088739404736,0.585360779163928,0.693299531808462,0.5799418311411242,0.6022286818475594,0.5885065239612591,-0.277219884679218,0.10129044076705296,0.010259753390783872,0.6374617175713981,-0.28303998874334746,-0.3099514855822627,-0.2897748642265301,-0.026226778809945353,0.0,-0.08133867475243917,-0.08856336946610699,-0.13825842064507166,,,,,,
ridge,"pianocore:Boulanger,_Lili/3_Morceaux/1._D’un_Vieux_Jardin._Expressif_(C_sharp_minor)","pianocore:Boulanger,_Lili/3_Morceaux/1._D’un_Vieux_Jardin._Expressif_(C_sharp_minor)",26,1,0.2155897620953361,0.6305362318713134,0.3975759397024746,0.20393785211918827,0.21532450439983353,0.2237724094457963,0.21867361487561288,0.22488592249828387,0.658637438869887,0.43380327588108414,0.20156266010518611,0.22393891738488936,0.2514384054575941,0.2350707552375061,0.010579270959547495,,,,,,,,,,
frozen_p95,"pianocore:Boulanger,_Lili/3_Morceaux/3._Cortège._Pas_vite_(B_major)","pianocore:Boulanger,_Lili/3_Morceaux/3._Cortège._Pas_vite_(B_major)",20,16,0.09956046550568987,0.7094871518433962,0.5033720186308543,1.3449488368608054,0.0995532980991225,0.10896562981177947,0.10358743015337624,0.07236769359598472,0.5452318419333618,0.29727776145804646,1.0194786846872825,0.03277508369271531,0.08246340482388624,0.07678297518432542,0.04286830071823616,0.0,-0.04333704013574868,-0.019456174495702694,-0.04216366063048271,,,,,,
frozen_p100,"pianocore:Boulanger,_Lili/3_Morceaux/3._Cortège._Pas_vite_(B_major)","pianocore:Boulanger,_Lili/3_Morceaux/3._Cortège._Pas_vite_(B_major)",20,16,0.08377075963897607,0.7258322010742975,0.5268323841163594,1.3914609448026491,0.08376359223240892,0.09168432005122105,0.08715907131331935,-0.3843825843867352,0.4789236998530931,0.22936791028097558,1.262345996362269,-0.3885210345103429,-0.43800617497216576,-0.4078344489327643,0.013859516054101947,0.0,-0.04333704013574868,-0.019456174495702694,-0.06380111427689794,,,,,,
pt_frozen,"pianocore:Boulanger,_Lili/3_Morceaux/3._Cortège._Pas_vite_(B_major)","pianocore:Boulanger,_Lili/3_Morceaux/3._Cortège._Pas_vite_(B_major)",20,16,0.28275565806751835,0.5632626371621445,0.31726479842285366,0.7490289967521822,0.282748490660951,0.3094666965213263,0.294192396869288,-0.2901358866362549,0.26803691889717396,0.0718437898918902,0.8696843875431787,-0.2948236371649293,-0.33061151854852194,-0.3078375926700787,0.014750659869203077,0.0,-0.04333704013574868,-0.019456174495702694,-0.028859230657208634,,,,,,
ridge,"pianocore:Boulanger,_Lili/3_Morceaux/3._Cortège._Pas_vite_(B_major)","pianocore:Boulanger,_Lili/3_Morceaux/3._Cortège._Pas_vite_(B_major)",20,1,0.3029668560916646,0.5574279907079844,0.31072596482474063,0.46934218746435125,0.30295968868509715,0.33158718290882544,0.31522108584747144,0.03285966313584676,0.18333614007727186,0.03361214025843305,0.2107674565346743,0.029305140112740102,0.03744377592957046,0.03486448957750132,0.012844578843691917,,,,,,,,,,
frozen_p95,"pianocore:Debussy,_Claude/2_Arabesques","pianocore:Debussy,_Claude/2_Arabesques",32,16,0.43712432640320376,0.747228733225738,0.5583507797581412,1.0954046275018021,0.4371217330633529,0.4859821887782564,0.45241504955054235,0.5072765619612729,0.7499020199919506,0.5623530395880079,0.9845858021898997,0.5058096767934015,0.5753785356941906,0.528439943141505,0.00882729644671422,0.0,-0.1673871059206964,0.04372747105267849,-0.014223278629393432,,,,,,
frozen_p100,"pianocore:Debussy,_Claude/2_Arabesques","pianocore:Debussy,_Claude/2_Arabesques",32,16,0.26654042909148457,0.7366362186123819,0.5426329185715489,1.2620812580599576,0.2665378357516338,0.2963319433480651,0.2758640829415139,0.2311630105169502,0.6737766311920476,0.45397494874050476,1.1458062258400472,0.21789814962076148,0.26219668810178093,0.24080704155088095,-0.026544894467873337,0.0,-0.1673871059206964,0.04372747105267849,-0.017846581226274028,,,,,,
pt_frozen,"pianocore:Debussy,_Claude/2_Arabesques","pianocore:Debussy,_Claude/2_Arabesques",32,16,-0.005882806213318048,0.44849685163655156,0.20114942592789894,0.9035047989750752,-0.005885399553168691,-0.006540333875332173,-0.006088588311691234,-0.9409450722119892,0.22954739042497974,0.05269200445091808,1.2263608517420443,-0.9503139811885148,-1.0672671249087415,-0.9802009352384453,0.022308694841912655,0.0,-0.1673871059206964,0.04372747105267849,-0.01639583923272414,,,,,,
ridge,"pianocore:Debussy,_Claude/2_Arabesques","pianocore:Debussy,_Claude/2_Arabesques",32,1,0.13584918718242545,0.37267086706218994,0.13888357515688443,0.4277561461706681,0.13584659384257458,0.15103319889308794,0.14060122724409285,0.011126299090585934,0.12575098893654946,0.015813311218520178,0.19421274561817778,-0.060347723936976516,0.012620006833522256,0.011590483968099141,0.06161745646860779,,,,,,,,,,
frozen_p95,"pianocore:Elgar,_Edward/Variations_on_an_Original_Theme_'Enigma',_Op.36/Variation_IX._Adagio_""Nimrod""","pianocore:Elgar,_Edward/Variations_on_an_Original_Theme_'Enigma',_Op.36/Variation_IX._Adagio_""Nimrod""",19,16,0.5202587879319016,0.7216362777690478,0.5207589173923663,0.74399985218068,0.52025846003333,0.5458982451573793,0.5319261021052961,0.020345110196920424,0.16671514538312857,0.027793939700117693,0.2530217471190165,0.011602953842164143,0.023936942971976786,0.021895342637279325,0.03353633323893067,0.0,-0.23328500718432066,0.15196921993714174,0.027307931132136143,,,,,,
frozen_p100,"pianocore:Elgar,_Edward/Variations_on_an_Original_Theme_'Enigma',_Op.36/Variation_IX._Adagio_""Nimrod""","pianocore:Elgar,_Edward/Variations_on_an_Original_Theme_'Enigma',_Op.36/Variation_IX._Adagio_""Nimrod""",19,16,0.48457666165915547,0.696433143688693,0.4850191236281157,0.7174679236723474,0.48457633376058384,0.5084576279729833,0.4954437691137865,0.009382635407441109,0.16648116027785503,0.027715976727460855,0.3018818298479109,0.00368169197498891,0.011039095217521297,0.010097562269173133,0.027081932884702974,0.0,-0.23328500718432066,0.15196921993714174,-0.01217530385144161,,,,,,
pt_frozen,"pianocore:Elgar,_Edward/Variations_on_an_Original_Theme_'Enigma',_Op.36/Variation_IX._Adagio_""Nimrod""","pianocore:Elgar,_Edward/Variations_on_an_Original_Theme_'Enigma',_Op.36/Variation_IX._Adagio_""Nimrod""",19,16,0.6165032771823933,0.7930741921922445,0.6289666743213812,0.9047137780880513,0.6165029492838217,0.6468858670998436,0.6303289685318989,-0.2501237004719383,-0.04976389601266896,0.0024764453463597294,0.4528295239783789,-0.2790869607262567,-0.29428185427291786,-0.2691823278679657,0.0610421771563498,0.0,-0.23328500718432066,0.15196921993714174,0.09020075866206745,,,,,,
ridge,"pianocore:Elgar,_Edward/Variations_on_an_Original_Theme_'Enigma',_Op.36/Variation_IX._Adagio_""Nimrod""","pianocore:Elgar,_Edward/Variations_on_an_Original_Theme_'Enigma',_Op.36/Variation_IX._Adagio_""Nimrod""",19,1,0.20138715996459222,0.6138002438058608,0.37675073929613423,0.19503589559610446,0.20138683206602037,0.21131194661586247,0.20590346477346388,0.03918325486566254,0.20209834254627024,0.04084374005994958,0.16134929109366783,0.035691534990136886,0.04610087279437628,0.0421688937844823,0.02119463730667074,,,,,,,,,,
frozen_p95,"pianocore:Field,_John/Nocturne_No.1_in_E_flat_major,_H_24","pianocore:Field,_John/Nocturne_No.1_in_E_flat_major,_H_24",34,16,0.4694155593470628,0.7603101363871501,0.5780715034930467,1.0899401473782364,0.46940726658616916,0.5192523883522561,0.4844677393896514,-0.13546216471460193,0.5728840831051808,0.3281961726752637,1.2538087025674713,-0.23794225568576732,-0.1490351365467543,-0.13964167597803834,-0.06092853485938672,0.0,-0.11771639746205764,0.09725039237847166,-0.02187937485506719,,,,,,
frozen_p100,"pianocore:Field,_John/Nocturne_No.1_in_E_flat_major,_H_24","pianocore:Field,_John/Nocturne_No.1_in_E_flat_major,_H_24",34,16,0.5236333208117119,0.7734756620125647,0.5982645997257752,1.0466629218071308,0.5236250280508183,0.579226331633538,0.5404240361261334,-0.5892259112753357,0.5914151212349481,0.34977184562534835,1.5604340874583569,-0.8749788122244868,-0.6482648814066935,-0.6074057206565924,-0.10174107163100432,0.0,-0.11771639746205764,0.09725039237847166,-0.00040086531426819505,,,,,,
pt_frozen,"pianocore:Field,_John/Nocturne_No.1_in_E_flat_major,_H_24","pianocore:Field,_John/Nocturne_No.1_in_E_flat_major,_H_24",34,16,0.5942461740749072,0.8017866623291496,0.6428618518889179,1.0222762943167116,0.5942378813140137,0.6573359979519751,0.6133011462071405,0.1367496484587123,0.43667696651781757,0.19068677308720317,0.6689206416275849,0.13544811554471303,0.15045162295836212,0.14096888338093805,-0.0068663914913072235,0.0,-0.11771639746205764,0.09725039237847166,-0.030148793167902532,,,,,,
ridge,"pianocore:Field,_John/Nocturne_No.1_in_E_flat_major,_H_24","pianocore:Field,_John/Nocturne_No.1_in_E_flat_major,_H_24",34,1,0.23332731357501768,0.49759745504568237,0.24760322726793987,0.3781155999675073,0.23331902081412426,0.2580991669943073,0.24080913786237168,0.13712353020254586,0.4319559165206921,0.18658591381723122,0.20955451451367862,0.06077870520552642,0.15086296672259306,0.14135430076620226,-0.05258850026601157,,,,,,,,,,
frozen_p95,"pianocore:Glinka,_Mikhail/Nocturne_in_E_flat_major","pianocore:Glinka,_Mikhail/Nocturne_in_E_flat_major",42,16,0.3582567881662795,0.7126494746377731,0.5078692737014939,1.0994472067087024,0.35819014261070714,0.3972411233182908,0.36849160933110336,0.4832249598602404,0.7040364703445974,0.4956673515752793,0.8155819396162758,0.47996025236584594,0.5463205221990328,0.49987028234366615,-0.013561723330042068,0.0,-0.038150747707900834,0.03820341283368933,-0.05324790413523406,0.34596054136880766,0.3910429858834281,0.46783446537595824,0.5467639442928118,0.09273463732236246,0.5483525203357955
frozen_p100,"pianocore:Glinka,_Mikhail/Nocturne_in_E_flat_major","pianocore:Glinka,_Mikhail/Nocturne_in_E_flat_major",42,16,0.3736330421742311,0.7147508102755779,0.5108687207895951,1.085204152297707,0.37356639661865865,0.4142905711342275,0.38430713822554574,0.41486977479123943,0.7450039471753539,0.5550308813068573,1.1193849115894359,0.3757378553291141,0.4690400762288809,0.4291605125710587,-0.04695245634854504,0.0,-0.038150747707900834,0.03820341283368933,-0.05795026729055919,0.3641300518352523,0.41158018239932914,0.395234106885225,0.4619150045432237,0.06847100096186634,0.40487833922115324
pt_frozen,"pianocore:Glinka,_Mikhail/Nocturne_in_E_flat_major","pianocore:Glinka,_Mikhail/Nocturne_in_E_flat_major",42,16,0.2487100620257784,0.6169894902447537,0.380676031072481,0.980260696159429,0.24864341647020605,0.27577387975081846,0.2558153091301114,-0.03344280239327957,0.36277002939336256,0.13160209422606114,0.76902720978448,-0.06655779588551414,-0.03780948995801003,-0.03459478392740123,0.0431921754993149,0.0,-0.038150747707900834,0.03820341283368933,-0.04142157312985795,0.24104539764009064,0.27245625080160607,-0.0325016052565648,-0.03798502932366595,0.11833647068956268,0.6997396423161164
ridge,"pianocore:Glinka,_Mikhail/Nocturne_in_E_flat_major","pianocore:Glinka,_Mikhail/Nocturne_in_E_flat_major",42,1,0.2873917600185185,0.5658592285255749,0.3201966665075588,0.3847379804925507,0.2873251144629462,0.3186647939499462,0.2956020811211246,0.08510105830712789,0.3445658004547201,0.1187255908430019,0.16119586688906173,0.08397277744867415,0.09621285834963308,0.08803247674961201,-0.007972625277430104,,,,,0.2875281974325177,0.32499626808547055,0.08490014241966357,0.09922384983563085,,
frozen_p95,"pianocore:Gossec,_François_Joseph/Gavotte_in_D_major_pour_Mlle_Laure","pianocore:Gossec,_François_Joseph/Gavotte_in_D_major_pour_Mlle_Laure",25,16,-0.4818099095138584,0.4498692432338561,0.2023823360078023,1.2770283848273343,-0.48184231254649657,-0.5744226726826424,-0.5144456875836767,-0.4976327528706175,-0.1556027596646814,0.024212218815264582,0.5667856204231229,-0.5201499463324291,-0.5418023502114884,-0.5143428678735766,0.03066308118616896,0.0,-0.08698538624571328,0.19725950215608634,-0.14144928046915406,,,,,,
frozen_p100,"pianocore:Gossec,_François_Joseph/Gavotte_in_D_major_pour_Mlle_Laure","pianocore:Gossec,_François_Joseph/Gavotte_in_D_major_pour_Mlle_Laure",25,16,-0.3450134636963871,0.5106346656878876,0.26074776180218073,1.288941305450499,-0.34504586672902504,-0.4113314234818038,-0.3683832255256023,-0.6769314714002783,-0.07212665892961567,0.005202254928349106,0.7537872145030974,-0.6769428915165134,-0.7370155200217471,-0.6996622958304819,0.0006905480852622131,0.0,-0.08698538624571328,0.19725950215608634,-0.11891826673352957,,,,,,
pt_frozen,"pianocore:Gossec,_François_Joseph/Gavotte_in_D_major_pour_Mlle_Laure","pianocore:Gossec,_François_Joseph/Gavotte_in_D_major_pour_Mlle_Laure",25,16,-0.3375891085094227,0.5777370499304442,0.33378009886233256,1.3971082767695093,-0.3376215115420609,-0.4024799701072886,-0.3604559757252048,-1.2774092803023853,-0.0155533278416067,0.0002419060069484985,1.1147790066111127,-1.2871148318790397,-1.3907913943713877,-1.3203036755297224,-0.020131158777887244,0.0,-0.08698538624571328,0.19725950215608634,-0.06698679747968939,,,,,,
ridge,"pianocore:Gossec,_François_Joseph/Gavotte_in_D_major_pour_Mlle_Laure","pianocore:Gossec,_François_Joseph/Gavotte_in_D_major_pour_Mlle_Laure",25,1,0.32580465346862375,0.5712998377956713,0.3263835046653603,0.595359164401718,0.32577225043598557,0.3884303251602299,0.34787329123376354,-0.0021074581106506063,0.10567380389213321,0.011166952829033022,0.22088843377776693,-0.002260241866529178,-0.0022945148821818637,-0.002178224890348579,-0.002525790086378245,,,,,,,,,,
frozen_p95,"pianocore:Handel,_George_Frideric/Gavotte_in_G_major,_HWV_491","pianocore:Handel,_George_Frideric/Gavotte_in_G_major,_HWV_491",24,16,0.2543732732548002,0.7408825911754926,0.5489070139069121,1.2835922194778768,0.2543732716482816,0.3504493666929756,0.2857121883899323,-0.29783641307999664,0.8594243698426026,0.7386102474793547,1.8774846139143124,-0.3762405587809361,-0.3468245061206627,-0.3156837329136246,-0.017860892856333934,0.0,-0.08709558149170071,0.14344052997812462,-0.0019225966805000994,,,,,,
frozen_p100,"pianocore:Handel,_George_Frideric/Gavotte_in_G_major,_HWV_491","pianocore:Handel,_George_Frideric/Gavotte_in_G_major,_HWV_491",24,16,0.28803719431356833,0.7030335762752575,0.49425620937037834,1.157147014808859,0.2880371927070495,0.3968280591731023,0.3235235214455565,-0.8110149681977747,0.7655523158513822,0.5860703483054144,1.947535952160781,-1.027084513268679,-0.9444106007485005,-0.8596136045350906,-0.029650391388657386,0.0,-0.08709558149170071,0.14344052997812462,-0.1375536005716973,,,,,,
pt_frozen,"pianocore:Handel,_George_Frideric/Gavotte_in_G_major,_HWV_491","pianocore:Handel,_George_Frideric/Gavotte_in_G_major,_HWV_491",24,16,-0.3596200165905237,0.7394436553326764,0.54677691941175,1.691492465006989,-0.35962001819704215,-0.49544751872586185,-0.40392538341078765,0.04189242804382309,0.6561479101287614,0.43053007996634113,1.2795560043355325,0.0414884066422232,0.0487828889565356,0.044402757637755474,-0.001282141144654885,0.0,-0.08709558149170071,0.14344052997812462,0.05000232681112804,,,,,,
ridge,"pianocore:Handel,_George_Frideric/Gavotte_in_G_major,_HWV_491","pianocore:Handel,_George_Frideric/Gavotte_in_G_major,_HWV_491",24,1,0.45641313588071675,0.6826487173635543,0.46600927131810577,0.7806085838262506,0.45641313427419816,0.6287991359042427,0.5126434636541766,0.17418225716913482,0.5444047895742132,0.2963765749113434,0.8939678278694665,-0.0940945140059799,0.2028317313284376,0.18461982059831106,-0.03303887015186624,,,,,,,,,,
frozen_p95,"pianocore:Haydn,_Joseph/12_Minuets,_Hob.IX:8/12._Minuet_in_F_major","pianocore:Haydn,_Joseph/12_Minuets,_Hob.IX:8/12._Minuet_in_F_major",29,16,0.4201571269013403,0.7461873031050965,0.5567954913152572,1.1158335724138992,0.4201443563464028,0.45977269151515826,0.43349184849880273,0.032100618423164806,0.7044964063411993,0.49631518654766416,1.3858293412008749,0.03208749171658232,0.038667619203282065,0.03422806177403992,0.0003360390595842158,,,,,,,,,,
frozen_p100,"pianocore:Haydn,_Joseph/12_Minuets,_Hob.IX:8/12._Minuet_in_F_major","pianocore:Haydn,_Joseph/12_Minuets,_Hob.IX:8/12._Minuet_in_F_major",29,16,0.4765387828325711,0.773027717162817,0.5975718515019562,1.1209257894043647,0.47652601227763336,0.5214704327643996,0.49166291519307737,-1.569270225570925,0.4873343357895568,0.2374947548394485,1.8314939172419882,-1.6979405279880893,-1.8903045015991509,-1.673272381015631,-0.03326986454265518,,,,,,,,,,
pt_frozen,"pianocore:Haydn,_Joseph/12_Minuets,_Hob.IX:8/12._Minuet_in_F_major","pianocore:Haydn,_Joseph/12_Minuets,_Hob.IX:8/12._Minuet_in_F_major",29,16,0.4266386781125231,0.7608895000405216,0.5789528312719149,1.1511639587992155,0.42662590755758534,0.46686537197862354,0.4401791077067967,0.4356539321778625,0.7527350722895348,0.5666100890547318,1.1146137216692267,0.4341032997588228,0.5247780628958125,0.4645265554113629,-0.003652298808165543,,,,,,,,,,
ridge,"pianocore:Haydn,_Joseph/12_Minuets,_Hob.IX:8/12._Minuet_in_F_major","pianocore:Haydn,_Joseph/12_Minuets,_Hob.IX:8/12._Minuet_in_F_major",29,1,0.32305045147428324,0.7124957207433363,0.5076501520775664,0.2828450479831475,0.3230376809193456,0.35351007054176525,0.3333032534774625,0.25080740535957746,0.5157414874319945,0.2659892818585662,0.6389562450667396,0.21983996651928728,0.3021164613080749,0.26742946976496074,-0.016321667116139648,,,,,,,,,,
frozen_p95,"pianocore:Haydn,_Joseph/Flötenuhr_in_C_major,_Hob.XIX:8","pianocore:Haydn,_Joseph/Flötenuhr_in_C_major,_Hob.XIX:8",21,16,0.09332089490962614,0.6755243511095563,0.4563331489419871,1.2780293336884234,0.09330389862245747,0.11096802884293483,0.1003764680604029,0.05538326258348358,0.31484178701693344,0.09912535085201608,0.5239878801397367,0.050012006650867025,0.05923742979047276,0.05702084132400398,0.018813340390716193,0.0,-0.11310967349497991,-0.014713147661637116,-0.04022532016654212,,,,,,
frozen_p100,"pianocore:Haydn,_Joseph/Flötenuhr_in_C_major,_Hob.XIX:8","pianocore:Haydn,_Joseph/Flötenuhr_in_C_major,_Hob.XIX:8",21,16,0.2620680656232405,0.6749984611371836,0.45562292253756603,1.1149471591854059,0.2620510693360719,0.3116255656683821,0.28188185340654426,0.0031499362655059704,0.40887100046781316,0.16717549502355047,0.8138716902919716,0.0024692329254952794,0.003369142944424875,0.003243073946851749,0.006697410688034908,0.0,-0.11310967349497991,-0.014713147661637116,-0.036769088209095635,,,,,,
pt_frozen,"pianocore:Haydn,_Joseph/Flötenuhr_in_C_major,_Hob.XIX:8","pianocore:Haydn,_Joseph/Flötenuhr_in_C_major,_Hob.XIX:8",21,16,0.3790180849893475,0.7109503513435614,0.5054504020755335,1.0665235745848318,0.37900108870217897,0.45069102506810005,0.4076739377509331,0.2767001851533317,0.5365407044348789,0.2878759275154761,0.6422560881883516,0.2558599837398893,0.2959559806778056,0.2848816883651031,0.0370577413756597,0.0,-0.11310967349497991,-0.014713147661637116,-0.012318752879449724,,,,,,
ridge,"pianocore:Haydn,_Joseph/Flötenuhr_in_C_major,_Hob.XIX:8","pianocore:Haydn,_Joseph/Flötenuhr_in_C_major,_Hob.XIX:8",21,1,0.3596286634452378,0.6047691037715339,0.36574566887662435,0.5265578166616394,0.359611667158069,0.42763503218206683,0.38681856924834,-0.02691786542366481,0.006920972846084595,4.789986513624052e-05,0.17113353414637317,-0.02729267497544119,-0.028791102018234375,-0.02771377599486935,0.004969735956139157,,,,,,,,,,
frozen_p95,"pianocore:Rameau,_Jean-Philippe/Suite_in_E_minor,_RCT_2/8._Tambourin","pianocore:Rameau,_Jean-Philippe/Suite_in_E_minor,_RCT_2",30,16,-0.5450514735548397,0.6948038490785471,0.48275238869436443,1.7086104688286863,-0.5450605835877542,-0.7146389733192382,-0.5944649890264426,-0.11940982759565699,0.5756218755563177,0.331340543618973,1.2470013295274904,-0.12526225565357807,-0.20194618859994967,-0.13940753368393777,0.0080684536878248,0.0,-0.09943127104977711,0.02831533045398349,-0.03781036657881942,,,,,,
frozen_p100,"pianocore:Rameau,_Jean-Philippe/Suite_in_E_minor,_RCT_2/8._Tambourin","pianocore:Rameau,_Jean-Philippe/Suite_in_E_minor,_RCT_2",30,16,-0.5999158320938676,0.6479797411025381,0.4198777448793123,1.6578280351413903,-0.5999249421267818,-0.7865738469238035,-0.6543032646376075,-1.5459006594537272,0.5462176015003818,0.29835366818882986,1.904250858693503,-1.6819409190437637,-2.6144309259699785,-1.8047944846262851,-0.038900572657440416,0.0,-0.09943127104977711,0.02831533045398349,-0.020575165898753633,,,,,,
pt_frozen,"pianocore:Rameau,_Jean-Philippe/Suite_in_E_minor,_RCT_2/8._Tambourin","pianocore:Rameau,_Jean-Philippe/Suite_in_E_minor,_RCT_2",30,16,0.03214637789139141,0.8220361105081614,0.6757433669793861,1.624281078761622,0.03213726785847726,0.042148412777247186,0.03506071831309909,-1.3071122151335963,0.1481296913714859,0.021942405465811648,1.3009760040252618,-1.4457173617455101,-2.2105913326707447,-1.5260158550513725,0.0392655736757083,0.0,-0.09943127104977711,0.02831533045398349,-0.0902969433408829,,,,,,
ridge,"pianocore:Rameau,_Jean-Philippe/Suite_in_E_minor,_RCT_2/8._Tambourin","pianocore:Rameau,_Jean-Philippe/Suite_in_E_minor,_RCT_2",30,1,0.33227015916573555,0.5870556315888209,0.3446343145801494,0.4758614077531648,0.3322610491328213,0.435652808829495,0.36239325294182456,0.29661405343413305,0.5460557049234077,0.2981768328793997,0.5065236995952349,0.2295614142304614,0.5016344029826201,0.3462883623387142,0.02731053493924636,,,,,,,,,,
frozen_p95,"pianocore:Ravel,_Maurice/Le_Tombeau_de_Couperin,_M.68","pianocore:Ravel,_Maurice/Le_Tombeau_de_Couperin,_M.68",17,16,0.6283392456645779,0.8054245432714936,0.6487086949040941,0.6627029638256486,0.6283340046867961,0.6896047945452298,0.6569684630933041,0.232748342168846,0.4941759971889777,0.2442099161977205,0.601234738209383,0.1916198285924816,0.25090451169209527,0.24142654110159834,0.06363631837003478,0.0,-0.075800196446971,0.013481015950648434,0.0385523126054248,,,,,,
frozen_p100,"pianocore:Ravel,_Maurice/Le_Tombeau_de_Couperin,_M.68","pianocore:Ravel,_Maurice/Le_Tombeau_de_Couperin,_M.68",17,16,0.6677137455942411,0.8212358177916043,0.6744282684238451,0.7392936257925868,0.6677085046164593,0.7328184631512672,0.6981369956692036,0.25845206815316546,0.5764296067126401,0.3322710914948889,0.8481261715450346,0.2543284439613619,0.27861332695869157,0.2680886500558084,0.02014990849904151,0.0,-0.075800196446971,0.013481015950648434,0.026758948095882085,,,,,,
pt_frozen,"pianocore:Ravel,_Maurice/Le_Tombeau_de_Couperin,_M.68","pianocore:Ravel,_Maurice/Le_Tombeau_de_Couperin,_M.68",17,16,0.274376038713815,0.5557305232265649,0.3088364144456716,0.741365583847819,0.27437079773603334,0.30112878212031924,0.2868775199180684,-0.669793505836404,-0.06464568329864478,0.004179064369148679,0.7563126409819197,-0.7255852927708346,-0.7220425759015955,-0.6947672660503315,0.07411714376874942,0.0,-0.075800196446971,0.013481015950648434,-0.0018874065628593506,,,,,,
ridge,"pianocore:Ravel,_Maurice/Le_Tombeau_de_Couperin,_M.68","pianocore:Ravel,_Maurice/Le_Tombeau_de_Couperin,_M.68",17,1,0.1666637507809684,0.4155063131931883,0.1726454963033959,0.3381645681752006,0.16665850980318664,0.18291412228100828,0.17425750334619095,0.04407127555653656,0.2252304684828449,0.05072876393300176,0.14363703506774103,0.0440711044505131,0.04750917566209278,0.045714506579949465,0.00012979745833406608,,,,,,,,,,
frozen_p95,prokofiev_op22_no1,prokofiev_op22_no1,40,16,0.4682762546885786,0.8106159290893048,0.6570981844933168,1.245152383031593,0.46827623340537716,0.5055602810039046,0.4783965896045733,0.43166065755625493,0.750085548046723,0.5626283293885531,1.1119801070446418,0.4285000530974383,0.4659070510693564,0.4409890706542037,-0.00861597457366206,,,,,0.45605117379798604,0.5047312789425239,0.4339294113665983,0.4686706700981914,,
frozen_p100,prokofiev_op22_no1,prokofiev_op22_no1,40,16,-0.08603593401791199,0.716092595025917,0.512788604650952,1.4899301352556893,-0.08603595530111319,-0.09288609136812989,-0.08789533316180131,0.024551099584459335,0.7248973326138023,0.5254761428306056,1.4326579158947212,-0.1136473992519047,0.02649889492515277,0.02508166171682802,-0.05697325039846885,,,,,-0.09818992237454324,-0.10867097366867738,0.034507066017443376,0.03726977091178243,,
pt_frozen,prokofiev_op22_no1,prokofiev_op22_no1,40,16,0.08997145503052939,0.7364747918093508,0.5423951189706266,1.4090992516233667,0.08997143374732797,0.09713495747892344,0.0919159082217208,0.18407597839731227,0.6764731131997479,0.45761587288215894,1.1994835284735228,0.11400160039991847,0.19867989997819432,0.18805395678807046,0.04056943507012979,,,,,0.08212827020240172,0.09089485838042691,0.19150439844760353,0.20683662456648608,,
ridge,prokofiev_op22_no1,prokofiev_op22_no1,40,1,0.2913013560181382,0.5932323911271633,0.3519246698824517,0.3470143701288751,0.291301334734937,0.31449468968544814,0.2975969288875069,0.2447301234793603,0.4968079060004381,0.24681809546454025,0.4511135739101256,0.24148504138425564,0.2641461253004015,0.25001886974188015,0.008730360525553534,,,,,0.2890659861949791,0.3199216519846134,0.24128341261120645,0.26060104641429027,,
frozen_p95,prokofiev_op22_no11,prokofiev_op22_no11,27,16,-0.18100702383115386,0.5674064960691694,0.32195013178149234,1.2766012194087086,-0.1811738835187977,-0.2025118590244628,-0.1885835901757258,0.3198190337305218,0.5660120924963774,0.3203696888521277,0.5894781343783312,0.175953417917313,0.3673658801746034,0.3362438612346902,0.07929296589308202,0.0,-0.10035757033502013,0.06834011788700378,0.002445150814280317,,,,,,
frozen_p100,prokofiev_op22_no11,prokofiev_op22_no11,27,16,-0.5113756002357825,0.4820207011121158,0.2323439563006158,1.3444124662260912,-0.5115424599234262,-0.5721304139009592,-0.5327806876195516,0.28342341307321517,0.5450621358925128,0.2970927319837081,0.6619779984197722,0.22633995144092622,0.325559396485023,0.2979790841853125,0.049947218610934284,0.0,-0.10035757033502013,0.06834011788700378,-0.05422870479270503,,,,,,
pt_frozen,prokofiev_op22_no11,prokofiev_op22_no11,27,16,0.41414669419762407,0.7121507613972278,0.5071587069586513,1.0171294700983888,0.4139798345099802,0.46335006882954677,0.43148198781529346,0.018525473873478138,0.42858411352467063,0.18368434236572775,0.8349815403032487,-0.23336442601176577,0.021279618463597477,0.019476879764664834,0.10492078590305885,0.0,-0.10035757033502013,0.06834011788700378,-0.04003188789594403,,,,,,
ridge,prokofiev_op22_no11,prokofiev_op22_no11,27,1,0.1721475875823839,0.4278111728780564,0.18302239963929828,0.53209353982911,0.17198072789474006,0.19259986297771978,0.17935331690033918,-0.10631034179286813,-0.017692132148924865,0.0003130115399750208,0.3088401837599957,-0.14252621588521341,-0.1221152844746174,-0.11177008258905974,0.03978374329141532,,,,,,,,,,
frozen_p95,prokofiev_op22_no14,prokofiev_op22_no14,19,16,-0.1413178069015384,0.3094333105033673,0.09574897364907332,0.7963283510928272,-0.1414593018446364,-0.15420969443888996,-0.14704224163188395,-0.5524416427686618,0.11575826987531461,0.013399977044526163,0.8679827176388715,-0.5602578221454522,-0.7869021137943591,-0.6474383644100965,0.015684231728394504,0.0,-0.04465228603912941,-0.007993813215931622,-0.00549308157382522,,,,,,
frozen_p100,prokofiev_op22_no14,prokofiev_op22_no14,19,16,-0.28292656184190657,0.2913981646262646,0.08491289034755561,0.897895858100413,-0.28306805678500435,-0.3087368790026925,-0.294387216887831,-1.5888669716973003,0.178262212815092,0.03177741651773315,1.4513075333811087,-1.6189715784189809,-2.263194302841886,-1.862085248073332,-0.030780981964254536,0.0,-0.04465228603912941,-0.007993813215931622,-0.017808778944711223,,,,,,
pt_frozen,prokofiev_op22_no14,prokofiev_op22_no14,19,16,0.0437546255603527,0.37416505479208645,0.13999948822756506,0.6843986162699063,0.043613130617255025,0.04774619409888806,0.045527017190697294,-1.7636983836651403,0.18786867169790797,0.03529463780553633,1.529134126956738,-1.7661198496043915,-2.5122255071979924,-2.066980307838706,0.008729817680046575,0.0,-0.04465228603912941,-0.007993813215931622,-0.002057872659626092,,,,,,
ridge,prokofiev_op22_no14,prokofiev_op22_no14,19,1,0.08694466915291876,0.3088231143131413,0.0953717159340675,0.40062206191685246,0.08680317420982098,0.09487630155839921,0.0904665825948966,-0.011107171317231268,0.14145047616459594,0.020008237207190926,0.317846078503266,-0.02986057623356264,-0.015821140028477895,-0.013017137511232901,-0.02429439323538496,,,,,,,,,,
frozen_p95,prokofiev_op22_no16,prokofiev_op22_no16,25,16,0.5477493569658364,0.7409835913156987,0.5490566825991103,0.7048266330189378,0.54774762790636,0.5887726932694879,0.5631577874746576,-0.1956364254280789,0.1876770107839796,0.03522266037680999,0.6681549871834072,-0.23475569416370679,-0.20932766705007028,-0.2007986542336082,0.05155587664502924,0.0,-0.10866862372045749,0.09103161158681328,-0.09411157740301657,,,,,,
frozen_p100,prokofiev_op22_no16,prokofiev_op22_no16,25,16,0.4505940765084755,0.6727024897965522,0.45252863977848046,0.7166861602891925,0.45059234744899923,0.4843410304792373,0.4632694862141602,-0.24045806886929966,0.13836830500935304,0.019145787831161356,0.6478816578279629,-0.2524493816665083,-0.25728606761055306,-0.24680299960969165,0.02854408841402064,0.0,-0.10866862372045749,0.09103161158681328,-0.19648806560546905,,,,,,
pt_frozen,prokofiev_op22_no16,prokofiev_op22_no16,25,16,0.01483970677779245,0.40903841427011417,0.16731242434860955,0.7995159649318864,0.01483797771831652,0.015951117086268497,0.015257154261297479,-0.27495640669123333,0.029719551510302335,0.0008832517419735138,0.5549239483247298,-0.29400697873092607,-0.2941987057226483,-0.282211639860519,0.0359779838464176,0.0,-0.10866862372045749,0.09103161158681328,-0.11023109177488322,,,,,,
ridge,prokofiev_op22_no16,prokofiev_op22_no16,25,1,0.13238272699034848,0.3904044897839742,0.15241566564348524,0.24886672573092483,0.1323809979308722,0.14229744630686658,0.13610671137017183,0.01418847655219424,0.12289632872752143,0.015103507614703013,0.15314580909510386,0.009891291157328341,0.015181429987624211,0.014562865739708997,0.01708735559933334,,,,,,,,,,
frozen_p95,prokofiev_op22_no17,prokofiev_op22_no17,23,16,-0.5003834516115571,0.4251074479015556,0.18071634226137379,1.2503951515982306,-0.5005319405584308,-0.5862653278046047,-0.5327223572076483,0.43657708014158236,0.724569705311253,0.525001257854836,1.0219317367027092,0.43650192495482376,0.591549961654521,0.4901016385668443,-0.0009355314532147781,0.0,-0.15519722479267606,-0.02875825875001925,-0.2233769460080488,,,,,,
frozen_p100,prokofiev_op22_no17,prokofiev_op22_no17,23,16,-0.12921360303836793,0.4805711010596934,0.2309485831737262,1.080706241017432,-0.12936209198524162,-0.1513908085851519,-0.1375644517663399,-0.22140851021871577,0.6532955361783449,0.42679505759055103,1.4584064402215504,-0.2936425987024365,-0.3000024547495505,-0.24855329926079905,-0.029003473488192467,0.0,-0.15519722479267606,-0.02875825875001925,-0.19024897142403718,,,,,,
pt_frozen,prokofiev_op22_no17,prokofiev_op22_no17,23,16,-0.12912771496667896,0.5061434690158907,0.2561812112274399,1.1268760412191856,-0.12927620391355266,-0.15129017936102174,-0.13747301289908953,-0.13146727125167246,0.2599287640766705,0.06756296239442543,0.706056810321353,-0.14246391746749398,-0.17813454440285928,-0.1475852214629796,0.011316419561824248,0.0,-0.15519722479267606,-0.02875825875001925,-0.15240056874131547,,,,,,
ridge,prokofiev_op22_no17,prokofiev_op22_no17,23,1,0.06392112462834743,0.27105047614469785,0.07346836061826742,0.36876043464392094,0.06377263568147362,0.07489204321842438,0.06805223489647205,0.3556676920239359,0.6308967641236947,0.39803072698174885,0.4250739399330497,-0.011053769210986442,0.4819199613279742,0.39927272084390864,-0.06535022352818222,,,,,,,,,,
frozen_p95,prokofiev_op22_no18,prokofiev_op22_no18,28,16,0.2021249149822587,0.5513624692471788,0.3040005724943459,0.8705421326220356,0.20210236995381903,0.22614130514482358,0.21031894043294908,-0.663731521723995,0.2599312974658391,0.06756427940227452,1.1150896460342605,-0.6662314765147315,-0.723445953453215,-0.6845790285301578,0.01029242338154638,0.0,-0.14322775775947982,-0.024362217323188107,-0.10831667381459753,,,,,,
frozen_p100,prokofiev_op22_no18,prokofiev_op22_no18,28,16,0.009206597563806818,0.4681951706497925,0.21920671781978832,0.9264528713553903,0.009184052535367249,0.010300521285093288,0.009579827626803872,-1.0730838890974224,0.26055285810183665,0.06788779186503582,1.3287156176860013,-1.1381597854710486,-1.169626832347721,-1.1067889685600263,-0.05251237305951512,0.0,-0.14322775775947982,-0.024362217323188107,-0.041710463714716095,,,,,,
pt_frozen,prokofiev_op22_no18,prokofiev_op22_no18,28,16,0.5969161472847724,0.7842925781919334,0.6151148482069501,0.9191951390355944,0.5968936022563325,0.6678414515145079,0.6211147776377339,-0.3835657399076504,0.08337077950282802,0.006950686874909169,0.7082839148925072,-0.38738715503032184,-0.4180742865710522,-0.3956133662620016,0.012725172381391908,0.0,-0.14322775775947982,-0.024362217323188107,-0.4188199599033504,,,,,,
ridge,prokofiev_op22_no18,prokofiev_op22_no18,28,1,0.20629899942235264,0.48392501093136564,0.23418341620492236,0.6509112881596744,0.20627645439391262,0.23081135239333025,0.21466223980697852,0.07959461989016192,0.313170939958925,0.09807603763475663,0.17722456176298082,0.06333327403569045,0.08675556876765211,0.08209465089002166,-0.026250030273478782,,,,,,,,,,
frozen_p95,prokofiev_op22_no20,prokofiev_op22_no20,19,16,0.5180115855188875,0.7604352834791579,0.5782618203600273,1.0058945160232602,0.5176345829026512,0.564266743853695,0.5385596681837865,0.1591480332380495,0.45850713518733416,0.2102287930176963,0.6845176654279556,0.15536431426481578,0.18238758198921606,0.16954171629894277,-0.019143676601979652,0.0,-0.09780036171532869,0.0219760778782796,-0.019063529244734312,,,,,,
frozen_p100,prokofiev_op22_no20,prokofiev_op22_no20,19,16,0.4628057688220285,0.7333063486601705,0.5377382009853116,1.0070442381882423,0.4624287662057923,0.5041313968843466,0.4811639898761414,0.11746348365875103,0.43789849427950495,0.19175509129225762,0.7104633629502614,0.08517467355592456,0.1346160572685439,0.125134820812829,-0.05592318953526,0.0,-0.09780036171532869,0.0219760778782796,0.00335976390161985,,,,,,
pt_frozen,prokofiev_op22_no20,prokofiev_op22_no20,19,16,0.6350657252493834,0.8203550024054164,0.6729823299715907,1.0150768674391297,0.6346887226331472,0.6917730779333874,0.6602570209363263,-0.14768622664502784,0.17995436545627458,0.03238357364677044,0.604300686627789,-0.1499230154870126,-0.16925206817106933,-0.1573313589220422,0.014719003429645987,0.0,-0.09780036171532869,0.0219760778782796,-0.001444823821088459,,,,,,
ridge,prokofiev_op22_no20,prokofiev_op22_no20,19,1,0.41785789130763673,0.6709942350436231,0.45023326346177694,0.4910626587315707,0.41748088869140043,0.4551699581883857,0.43443315474343236,0.18094665986632397,0.505729654501598,0.25576248344230557,0.23220484104588632,0.1577007791080104,0.2073693472082045,0.19276397356673725,-0.04745029486267478,,,,,,,,,,
frozen_p95,prokofiev_op22_no7,prokofiev_op22_no7,24,16,0.5860269746422657,0.7721512276539281,0.5962175183674683,0.8730994506457272,0.5860250553714124,0.6253894107266541,0.6012929902363903,0.45294113610451925,0.728722078969732,0.5310358683779682,1.0081764263566522,0.44466770269867595,0.4928244429730652,0.4683380230337958,-0.0199562519576714,0.0,-0.08614347754479357,-0.0243012684893269,-0.11344187460263111,,,,,,
frozen_p100,prokofiev_op22_no7,prokofiev_op22_no7,24,16,0.5661595704698124,0.7543637918247391,0.5690647304161985,0.8082633275035002,0.566157651198959,0.6041875467754878,0.5809080397477513,0.25819656805026714,0.7033632488188492,0.4947198597890063,1.1896998521490314,0.19895688064319894,0.2809318246545115,0.26697347755773104,-0.053400149121440296,0.0,-0.08614347754479357,-0.0243012684893269,-0.05396665030965386,,,,,,
pt_frozen,prokofiev_op22_no7,prokofiev_op22_no7,24,16,0.46298378243961014,0.7016120027024862,0.4922594023361936,0.8727132005258319,0.4629818631687568,0.49408161638404974,0.47504452016736476,0.2904709641311035,0.5934899867414037,0.3522303643623116,0.8420043731080853,0.2667054521389167,0.31604811240798225,0.30034498138073695,-0.03382280939500577,0.0,-0.08614347754479357,-0.0243012684893269,-0.09016001667913032,,,,,,
ridge,prokofiev_op22_no7,prokofiev_op22_no7,24,1,0.34287557863574025,0.5856398123335227,0.3429739897900437,0.5955600519628543,0.3428736593648869,0.3659059486237186,0.35180749500954367,0.15728196040318598,0.42251329610831956,0.17851748538831652,0.27678915608639104,0.09302955659949874,0.17113127589172056,0.16262846653237095,-0.05561357078534751,,,,,,,,,,
frozen_p95,prokofiev_op22_no8,prokofiev_op22_no8,46,16,-1.3663273090708916,0.29998164351407347,0.08998898644540462,1.5067609503951187,-1.3663335425380057,-1.556551652559531,-1.4111553004089812,-0.2617672590847322,0.11244694533591909,0.012644315515379177,0.6362900273749124,-0.34973802692460265,-0.2716620995157956,-0.2642749421414532,-0.07432777904612813,0.0,-0.0991284198995741,0.026850055053972643,-0.20237926417419705,-1.3584263932620664,-1.5586008893984453,-0.2616207030715959,-0.2723238748517363,0.1554988645560484,0.5149157846792032
frozen_p100,prokofiev_op22_no8,prokofiev_op22_no8,46,16,-0.9102957774584377,0.32059366167522324,0.10278029590632747,1.327110464001327,-0.9103020109255515,-1.0370299907746174,-0.9401617773225226,0.010680257476323063,0.37437201786367,0.14015440775931606,0.7341971841361156,-0.05866534238337717,0.011083972760886901,0.01078257241367786,-0.06599201956535243,0.0,-0.0991284198995741,0.026850055053972643,-0.05938882871394746,-0.9032282000652522,-1.0363257685025506,0.010793127517183521,0.011234685453941155,0.13421619544824148,0.4444407860674659
pt_frozen,prokofiev_op22_no8,prokofiev_op22_no8,46,16,-0.45230284861875947,0.3718396564565657,0.13826473011373674,1.1403236047160568,-0.4523090820858733,-0.5152738599315992,-0.46714250529945844,-0.19763005746621154,-0.029187103533048764,0.0008518870126489074,0.41632602139018016,-0.28134719743537184,-0.20510050235625438,-0.1995233177170912,-0.07250853930106874,0.0,-0.0991284198995741,0.026850055053972643,-0.0573095025285677,-0.44698746269275846,-0.5128544765903159,-0.1947483240752819,-0.20271567811874902,0.15553576901581861,0.5150379893584142
ridge,prokofiev_op22_no8,prokofiev_op22_no8,46,1,-0.09646034875464649,0.20602145575778236,0.042444840232555875,0.5787213202428692,-0.09646658222176008,-0.10988985894061745,-0.09962512753769137,0.3515903263659631,0.7739946736861484,0.5990677548945273,0.27652364083241115,0.2093882977359255,0.3648804917925362,0.35495849818171166,-0.09450066414560412,,,,,-0.09808552174093142,-0.11253917192775975,0.35081993151301666,0.36517233538165594,,
frozen_p95,scarlatti_k213,scarlatti_k213,42,16,0.30208754266427407,0.6215667930241605,0.3863452781903396,0.9118386234281207,0.3020838590178839,0.35399093873588144,0.31501744816458344,0.23753310620015455,0.5237698365489306,0.2743348416784935,0.7156076208312209,0.2338241023696459,0.26813135463495513,0.24643493052972376,-0.012028115094086777,0.0,-0.04819907022962222,0.014465412791612287,-0.04842120519826221,0.2889991700213591,0.3507682153056445,0.21901984652687406,0.260716826033243,0.06910715384265236,0.3407981746582274
frozen_p100,scarlatti_k213,scarlatti_k213,42,16,0.4301280733079379,0.6863422346123245,0.471065663012639,0.8886726319941856,0.43012438966154787,0.5040308484886753,0.44853835031523115,0.017503941616524465,0.472646970340227,0.22339515857179543,0.9263993443894111,-0.019344650314122136,0.01975874290607335,0.018159921811613744,-0.03791223456841583,0.0,-0.04819907022962222,0.014465412791612287,-0.0423490432671183,0.41180832243114274,0.4998259001799469,-0.0006238851512706089,-0.0007426603526022676,0.05120218353626286,0.25250078634991
pt_frozen,scarlatti_k213,scarlatti_k213,42,16,0.3326574825517493,0.7020757205296264,0.4929103173571941,1.1023916392806108,0.3326537989053592,0.38981327560692985,0.3468958380146395,-0.24034936804207274,0.21782923956519523,0.047449577609551215,0.7542982001319966,-0.24124948817803493,-0.27131039824180275,-0.24935673499929445,-0.005925420459970033,0.0,-0.04819907022962222,0.014465412791612287,-0.06266784447126517,0.3311922059778625,0.4019793517241184,-0.24165604272527413,-0.2876624993130774,0.06536769320324451,0.3223572276758337
ridge,scarlatti_k213,scarlatti_k213,42,1,0.29731721434130554,0.5504676349007136,0.30301461707318533,0.4749864933362162,0.2973135306949155,0.34840099290020465,0.31004294096724816,0.02671490129730336,0.1882710295938715,0.035445980584336435,0.28171127406611773,-0.042762761002957284,0.03015622869743961,0.027716072721929885,-0.05205848592488559,,,,,0.2889961607622976,0.35076456286460006,0.022062142524302053,0.026262331316734326,,
frozen_p95,scarlatti_k322,scarlatti_k322,28,16,0.45332504368052184,0.6852315282107669,0.46954224725406307,0.812578312911211,0.45328835419337377,0.5151988075990067,0.47419533215489507,0.22781479230506108,0.48939456317066593,0.23950703846100693,0.5975252533374544,0.17792020483565663,0.25998187218357055,0.2388068034896771,0.03745247740850892,0.0,-0.024663322674322252,0.1647949367652224,-0.005915856259320451,,,,,,
frozen_p100,scarlatti_k322,scarlatti_k322,28,16,0.4286965422900977,0.6578721119456884,0.43279571567588065,0.7218968992220478,0.4286598528029496,0.48720879309136084,0.44843297783515457,0.012779708609312324,0.43670462049297015,0.1907109255599091,0.858523559079891,0.01246329265348245,0.014584182776684869,0.013396326602149289,0.0029825176356367486,0.0,-0.024663322674322252,0.1647949367652224,-0.023951004983857604,,,,,,
pt_frozen,scarlatti_k322,scarlatti_k322,28,16,0.49775702932395127,0.7182490420657248,0.5158816864283313,0.8528768887557024,0.4977203398368033,0.5656952589684209,0.5206728883459801,0.34400041257680924,0.5866466669182511,0.3441543118062934,0.599052279740041,0.31041351473145995,0.39257271395213394,0.36059835314202693,0.03072831734257077,0.0,-0.024663322674322252,0.1647949367652224,-0.013494293525233791,,,,,,
ridge,scarlatti_k322,scarlatti_k322,28,1,0.42206953036628025,0.7119679820879812,0.5068984075184317,0.4207140084633255,0.4220328408791323,0.4796772686616157,0.44150086992667614,0.13730389876677584,0.3949393857319477,0.15597711840232817,0.2582893962129126,0.13729895080070176,0.15669098700004302,0.1439287802139595,0.0003729642363845334,,,,,,,,,,
frozen_p95,scarlatti_k54,scarlatti_k54,22,16,0.13709547322878357,0.6844213279552009,0.4684325541599607,1.2600401957237772,0.1370940236366046,0.18031359279081727,0.15252621205764216,-0.5485874674428355,0.5602678246863813,0.3139000353788096,1.4889698774576916,-0.5583148639379965,-0.6814645274078903,-0.5977769621275779,0.011648377089708945,0.0,-0.04910978211056327,0.04185545700404425,-0.018385561278954077,,,,,,
frozen_p100,scarlatti_k54,scarlatti_k54,22,16,0.04332962668977114,0.6852856511040812,0.4696164236091446,1.3381920738932689,0.0433281770975924,0.05698890327093,0.04820657949685636,-0.9477494173787735,0.5868722244240162,0.34441900780039286,1.7236080887210683,-1.1304806172415365,-1.1773101777656443,-1.0327300589270214,-0.05048629089069488,0.0,-0.04910978211056327,0.04185545700404425,-0.034828681359957425,,,,,,
pt_frozen,scarlatti_k54,scarlatti_k54,22,16,0.11748492860102522,0.6478579229765511,0.41971988836349083,1.1976169245058264,0.11748347900884626,0.1545209996793376,0.13070840861005661,-0.0739531575729171,0.49058822093598126,0.24067680252113116,1.0515070743310582,-0.07916310833381357,-0.09186584923397044,-0.08058422129063136,-0.008524794560718973,0.0,-0.04910978211056327,0.04185545700404425,-0.012691034773459675,,,,,,
ridge,scarlatti_k54,scarlatti_k54,22,1,0.2633920607148975,0.51768351633533,0.26799622308531196,0.44982953804065257,0.2633906111227188,0.34642404786643916,0.2930380731087855,0.02745337726783348,0.21761880658559887,0.04735794497974029,0.35870235527894123,-0.2257643987133453,0.03410304441109775,0.029915004328854522,-0.059431160036430855,,,,,,,,,,
frozen_p95,scarlatti_k87,scarlatti_k87,42,16,0.2832859262826174,0.6783672336958622,0.46018210375217616,1.0989575063717276,0.2832859065821156,0.32258067937405727,0.2931899408249976,0.41580677287994183,0.651813741707784,0.42486115387910167,0.7469682528943807,0.4150573679265763,0.46008968743070067,0.4272707576025464,0.0033141500842957874,0.0,-0.10051237327352736,0.0007862594577248139,-0.013779736329222247,0.27071120914373886,0.31362660444837437,0.4100205898463285,0.4630082211376907,0.08184167367394292,0.43698968752651285
frozen_p100,scarlatti_k87,scarlatti_k87,42,16,0.3884008598673273,0.7143894660138115,0.5103523091514988,1.063604942881849,0.3884008401668254,0.44227616560264815,0.4019798181123668,-0.259954791682399,0.5894724556649952,0.34747777598771973,1.3688520600107335,-0.49724916076965364,-0.2876396601788912,-0.2671218653204115,-0.05897359576974507,0.0,-0.10051237327352736,0.0007862594577248139,-0.024557846973356945,0.37901543698395257,0.4391001204227125,-0.2673193172071636,-0.3018654296902968,0.07294829149585275,0.3895039003401393
pt_frozen,scarlatti_k87,scarlatti_k87,42,16,0.5469222960654045,0.7841420711530804,0.6148787877522427,1.04482673063046,0.5469222763649028,0.6227862010115789,0.566043353171432,0.29212425529313346,0.5492439607118919,0.3016689283784862,0.6469408034723048,0.2913662946744259,0.3232351324579097,0.3001782558967976,0.0033330145772282414,0.0,-0.10051237327352736,0.0007862594577248139,-0.031108552020576052,0.539695357683214,0.6252523602628667,0.28787285733527473,0.3250751374183051,0.0839767715865316,0.44838994032898816
ridge,scarlatti_k87,scarlatti_k87,42,1,0.254064305014276,0.5932832985819753,0.3519850723763092,0.28036035701003964,0.25406428531377423,0.2893057102824093,0.26294669675388826,0.24852140595182348,0.5136064478768504,0.2637915833006758,0.3900338888321648,0.13930741230241706,0.27498863280235064,0.2553732558660011,-0.04000857068988516,,,,,0.2491511286199136,0.2886486404116856,0.24749005270396668,0.2794735969105455,,
frozen_p95,schumann_op133_no1,schumann_op133_no1,41,16,0.2071573246201961,0.48986811588445955,0.2399707709601903,0.6710129373395428,0.2071463921343829,0.21689996475719855,0.20981639257022233,0.21721393582003556,0.6518122638280628,0.42485922727666414,1.1074933929706117,0.14040447622306163,0.23358888734969555,0.2216649392126394,-0.04494848643094868,,,,,0.20490703301743207,0.2165348198404805,0.2272880296073084,0.24754124188902524,,
frozen_p100,schumann_op133_no1,schumann_op133_no1,41,16,0.23581076519127464,0.5083689765228838,0.2584390162909244,0.6587958727205045,0.23579983270546145,0.24690098094831767,0.23883762822467636,0.17496647594380477,0.6210572597480686,0.3857121198857799,1.080127672584678,0.09726018258877267,0.1881565484503357,0.17855177250904464,-0.045210136054617614,,,,,0.23530392670154562,0.24865663528368112,0.1846738443419416,0.20112978607719348,,
pt_frozen,schumann_op133_no1,schumann_op133_no1,41,16,0.30806161668804455,0.55783064503442,0.3111750285395171,0.5020326894135135,0.3080506842022315,0.3225498008587828,0.31201589044143596,-2.1526275779900614,0.16810614724306036,0.02825967674090549,1.6448888850657124,-2.153099543976843,-2.31490617267563,-2.196737789503307,-0.0035234090706778775,,,,,0.3066049708559576,0.32400377453536455,-2.100962765092887,-2.2881756374598385,,
ridge,schumann_op133_no1,schumann_op133_no1,41,1,0.1670142295967172,0.590743868345999,0.348978317988395,0.16417137932252973,0.16700329711090411,0.17486893393653608,0.16915802145120828,0.13967056826522928,0.37424206816639805,0.14005712558546293,0.3939031291813485,0.13163773330604578,0.15019981343925018,0.14253260458370243,-0.014535907123794394,,,,,0.16647727658443365,0.17592430363128367,0.14042528701417262,0.15293832235762125,,
frozen_p95,schumann_op68_no14,schumann_op68_no14,28,16,0.18444031772344216,0.47563174898376703,0.22622556064135718,0.6800461391766178,0.18444023080686056,0.22474309039997364,0.19737705875690092,-0.11197357987157197,0.3300856634773908,0.1089565452333093,0.8001177103687505,-0.1126630576899339,-0.135023518880242,-0.11943562406876507,0.002708500426527668,0.0,-0.06940907277529318,0.15033555372993013,0.01203830075477963,,,,,,
frozen_p100,schumann_op68_no14,schumann_op68_no14,28,16,0.19407904835777479,0.49559127830594846,0.24561071513292407,0.7225971521840256,0.19407896144119308,0.23648801763188704,0.20769185503483423,-0.45606213777786864,0.40321664447110434,0.16258366237853694,1.1897570440415306,-0.5438665062950068,-0.549943252162177,-0.4864546270835435,-0.030565170367165613,0.0,-0.06940907277529318,0.15033555372993013,-0.0030682267417869724,,,,,,
pt_frozen,schumann_op68_no14,schumann_op68_no14,28,16,-0.3680500423500772,0.4683559425511588,0.21935728892298437,1.2347809755929173,-0.3680501292666589,-0.4484740915683444,-0.39386526617969486,-0.1631581499291439,0.1812573091796847,0.03285421213105981,0.6239901429069828,-0.16361805899715098,-0.1967445138638117,-0.1740311909384602,-0.0022120999464573105,0.0,-0.06940907277529318,0.15033555372993013,-0.01649379664607742,,,,,,
ridge,schumann_op68_no14,schumann_op68_no14,28,1,0.36409517420129855,0.6352812284195996,0.40358223918231545,0.436567703512469,0.36409508728471673,0.4436550297663924,0.3896330014958542,0.29909153496760854,0.5484144965796088,0.3007584600586658,0.5075865026164275,0.07096766284298983,0.36066000180523217,0.3190233283022009,-0.04926677408258891,,,,,,,,,,
frozen_p95,turina_op55_no5,turina_op55_no5,30,16,0.030501123828308163,0.47757072933689776,0.22807380151937656,0.9220622114724597,0.030486968424358385,0.03381007806734556,0.03158496709017411,-0.02574470457378375,0.6345987593234265,0.40271558533483215,1.2891675409717849,-0.030693198315767,-0.03304732147574902,-0.027919839344738406,-0.010467688213051829,0.0,-0.049600091202608,0.06330258803950017,0.017670295141820724,,,,,,
frozen_p100,turina_op55_no5,turina_op55_no5,30,16,0.05988378810532846,0.5033558806495824,0.2533671425845166,0.9432233089495052,0.059869632701378794,0.06638035903878495,0.06201173068863519,-1.0259204243461757,0.4182613049673499,0.1749425192329905,1.5141002272452393,-1.0732289777649218,-1.3169279909480816,-1.1125990335658886,-0.03236563260794725,0.0,-0.049600091202608,0.06330258803950017,-0.018010179688114025,,,,,,
pt_frozen,turina_op55_no5,turina_op55_no5,30,16,-0.1669326198586638,0.3551214657264438,0.1261112554196978,0.8964567364029089,-0.16694677526261348,-0.18504252306171515,-0.17286449293448536,-0.9205212307631871,0.07017597985079359,0.004924668148018988,1.0321769668103735,-1.1685966679269635,-1.181631777948664,-0.9982948067114596,0.07411500605074378,0.0,-0.049600091202608,0.06330258803950017,-0.03802508807504967,,,,,,
ridge,turina_op55_no5,turina_op55_no5,30,1,-0.0018652496895961157,0.16543521164120875,0.027368809250771533,0.336414914940658,-0.0018794050935457829,-0.0020676037373353003,-0.001931530470564935,0.10313821746469709,0.3215722613481809,0.10340871926858276,0.30512532230514444,0.08336154757217662,0.13239389946087898,0.11185222396567662,0.020926222946659558,,,,,,,,,,
