piece_id,row_id,performance_id,source_dataset,capture_model,score_key,stem,kind,passage,work,performer,n_notes,match_share,spq_cond,vel_cond,gen_notes
bach_bwv852_fugue,PianoCoRe_020860,ATEPP_02620,ATEPP,ATEPP,"Bach,_Johann_Sebastian/The_Well-Tempered_Clavier,_Book_I,_BWV_846-869/No.7_in_E_flat_major,_BWV_852:_Fugue/score_MS_refined.mid",bach_bwv852_fugue__PianoCoRe_020860,real,bach_bwv852_fugue,bach_bwv852,ATEPP_02620,863,0.9546460176991151,0.7483073439354476,66.0,904
bach_bwv852_fugue,PianoCoRe_020861,ATEPP_02621,ATEPP,ATEPP,"Bach,_Johann_Sebastian/The_Well-Tempered_Clavier,_Book_I,_BWV_846-869/No.7_in_E_flat_major,_BWV_852:_Fugue/score_MS_refined.mid",bach_bwv852_fugue__PianoCoRe_020861,real,bach_bwv852_fugue,bach_bwv852,ATEPP_02621,890,0.9845132743362832,0.6615610534769608,74.0,904
bach_bwv852_fugue,PianoCoRe_020862,ATEPP_02622,ATEPP,ATEPP,"Bach,_Johann_Sebastian/The_Well-Tempered_Clavier,_Book_I,_BWV_846-869/No.7_in_E_flat_major,_BWV_852:_Fugue/score_MS_refined.mid",bach_bwv852_fugue__PianoCoRe_020862,real,bach_bwv852_fugue,bach_bwv852,ATEPP_02622,887,0.9811946902654868,0.6225245378291953,68.0,904
bach_bwv852_fugue,PianoCoRe_020863,ATEPP_02623,ATEPP,ATEPP,"Bach,_Johann_Sebastian/The_Well-Tempered_Clavier,_Book_I,_BWV_846-869/No.7_in_E_flat_major,_BWV_852:_Fugue/score_MS_refined.mid",bach_bwv852_fugue__PianoCoRe_020863,real,bach_bwv852_fugue,bach_bwv852,ATEPP_02623,894,0.9889380530973452,0.6311061764170205,75.0,904
bach_bwv852_fugue,PianoCoRe_020864,Aria_081319_7,Aria-MIDI,Aria-AMT,"Bach,_Johann_Sebastian/The_Well-Tempered_Clavier,_Book_I,_BWV_846-869/No.7_in_E_flat_major,_BWV_852:_Fugue/score_MS_refined.mid",bach_bwv852_fugue__PianoCoRe_020864,real,bach_bwv852_fugue,bach_bwv852,Aria_081319_7,882,0.9756637168141593,0.6179113929066496,55.0,904
bach_bwv852_fugue,PianoCoRe_020865,Aria_111529_1,Aria-MIDI,Aria-AMT,"Bach,_Johann_Sebastian/The_Well-Tempered_Clavier,_Book_I,_BWV_846-869/No.7_in_E_flat_major,_BWV_852:_Fugue/score_MS_refined.mid",bach_bwv852_fugue__PianoCoRe_020865,real,bach_bwv852_fugue,bach_bwv852,Aria_111529_1,867,0.959070796460177,0.6940950267245206,75.0,904
bach_bwv852_fugue,PianoCoRe_020866,Aria_152915_0,Aria-MIDI,Aria-AMT,"Bach,_Johann_Sebastian/The_Well-Tempered_Clavier,_Book_I,_BWV_846-869/No.7_in_E_flat_major,_BWV_852:_Fugue/score_MS_refined.mid",bach_bwv852_fugue__PianoCoRe_020866,real,bach_bwv852_fugue,bach_bwv852,Aria_152915_0,894,0.9889380530973452,0.6549400408610354,75.0,904
bach_bwv852_fugue,PianoCoRe_020867,Aria_182306_0,Aria-MIDI,Aria-AMT,"Bach,_Johann_Sebastian/The_Well-Tempered_Clavier,_Book_I,_BWV_846-869/No.7_in_E_flat_major,_BWV_852:_Fugue/score_MS_refined.mid",bach_bwv852_fugue__PianoCoRe_020867,real,bach_bwv852_fugue,bach_bwv852,Aria_182306_0,884,0.9778761061946902,0.7115289903135108,60.0,904
bach_bwv852_fugue,PianoCoRe_020868,Aria_238961_0,Aria-MIDI,Aria-AMT,"Bach,_Johann_Sebastian/The_Well-Tempered_Clavier,_Book_I,_BWV_846-869/No.7_in_E_flat_major,_BWV_852:_Fugue/score_MS_refined.mid",bach_bwv852_fugue__PianoCoRe_020868,real,bach_bwv852_fugue,bach_bwv852,Aria_238961_0,901,0.9966814159292036,0.6582095491845716,70.0,904
bach_bwv852_fugue,PianoCoRe_020869,Aria_259565_0,Aria-MIDI,Aria-AMT,"Bach,_Johann_Sebastian/The_Well-Tempered_Clavier,_Book_I,_BWV_846-869/No.7_in_E_flat_major,_BWV_852:_Fugue/score_MS_refined.mid",bach_bwv852_fugue__PianoCoRe_020869,real,bach_bwv852_fugue,bach_bwv852,Aria_259565_0,899,0.9944690265486725,0.569681963470884,70.0,904
bach_bwv852_fugue,PianoCoRe_020870,Aria_289676_0,Aria-MIDI,Aria-AMT,"Bach,_Johann_Sebastian/The_Well-Tempered_Clavier,_Book_I,_BWV_846-869/No.7_in_E_flat_major,_BWV_852:_Fugue/score_MS_refined.mid",bach_bwv852_fugue__PianoCoRe_020870,real,bach_bwv852_fugue,bach_bwv852,Aria_289676_0,903,0.9988938053097345,0.589020271938388,85.0,904
bach_bwv852_fugue,PianoCoRe_020871,Aria_337188_0,Aria-MIDI,Aria-AMT,"Bach,_Johann_Sebastian/The_Well-Tempered_Clavier,_Book_I,_BWV_846-869/No.7_in_E_flat_major,_BWV_852:_Fugue/score_MS_refined.mid",bach_bwv852_fugue__PianoCoRe_020871,real,bach_bwv852_fugue,bach_bwv852,Aria_337188_0,904,1.0,0.7511997442975376,70.0,904
bach_bwv852_fugue,PianoCoRe_020873,Aria_378015_0,Aria-MIDI,Aria-AMT,"Bach,_Johann_Sebastian/The_Well-Tempered_Clavier,_Book_I,_BWV_846-869/No.7_in_E_flat_major,_BWV_852:_Fugue/score_MS_refined.mid",bach_bwv852_fugue__PianoCoRe_020873,real,bach_bwv852_fugue,bach_bwv852,Aria_378015_0,900,0.995575221238938,0.6280678512431509,75.0,904
bach_bwv852_fugue,PianoCoRe_020874,Aria_419171_0,Aria-MIDI,Aria-AMT,"Bach,_Johann_Sebastian/The_Well-Tempered_Clavier,_Book_I,_BWV_846-869/No.7_in_E_flat_major,_BWV_852:_Fugue/score_MS_refined.mid",bach_bwv852_fugue__PianoCoRe_020874,real,bach_bwv852_fugue,bach_bwv852,Aria_419171_0,884,0.9778761061946902,0.6970751490071063,85.0,904
bach_bwv852_fugue,PianoCoRe_020875,Aria_419525_0,Aria-MIDI,Aria-AMT,"Bach,_Johann_Sebastian/The_Well-Tempered_Clavier,_Book_I,_BWV_846-869/No.7_in_E_flat_major,_BWV_852:_Fugue/score_MS_refined.mid",bach_bwv852_fugue__PianoCoRe_020875,real,bach_bwv852_fugue,bach_bwv852,Aria_419525_0,851,0.9413716814159292,0.5870264713159685,75.0,904
bach_bwv852_fugue,PianoCoRe_020879,Aria_602321_1,Aria-MIDI,Aria-AMT,"Bach,_Johann_Sebastian/The_Well-Tempered_Clavier,_Book_I,_BWV_846-869/No.7_in_E_flat_major,_BWV_852:_Fugue/score_MS_refined.mid",bach_bwv852_fugue__PianoCoRe_020879,real,bach_bwv852_fugue,bach_bwv852,Aria_602321_1,886,0.9800884955752213,0.6626221259350771,75.0,904
bach_bwv852_fugue,PianoCoRe_020880,Aria_784329_1,Aria-MIDI,Aria-AMT,"Bach,_Johann_Sebastian/The_Well-Tempered_Clavier,_Book_I,_BWV_846-869/No.7_in_E_flat_major,_BWV_852:_Fugue/score_MS_refined.mid",bach_bwv852_fugue__PianoCoRe_020880,real,bach_bwv852_fugue,bach_bwv852,Aria_784329_1,892,0.9867256637168141,0.7281416237950529,65.0,904
bach_bwv852_fugue,PianoCoRe_020881,Aria_802890_1,Aria-MIDI,Aria-AMT,"Bach,_Johann_Sebastian/The_Well-Tempered_Clavier,_Book_I,_BWV_846-869/No.7_in_E_flat_major,_BWV_852:_Fugue/score_MS_refined.mid",bach_bwv852_fugue__PianoCoRe_020881,real,bach_bwv852_fugue,bach_bwv852,Aria_802890_1,889,0.9834070796460177,0.8297614867753037,65.0,904
bach_bwv852_fugue,PianoCoRe_020883,Aria_871512_0,Aria-MIDI,Aria-AMT,"Bach,_Johann_Sebastian/The_Well-Tempered_Clavier,_Book_I,_BWV_846-869/No.7_in_E_flat_major,_BWV_852:_Fugue/score_MS_refined.mid",bach_bwv852_fugue__PianoCoRe_020883,real,bach_bwv852_fugue,bach_bwv852,Aria_871512_0,893,0.9878318584070797,0.6026905968530447,60.0,904
bach_bwv852_fugue,PianoCoRe_020884,Aria_884664_0,Aria-MIDI,Aria-AMT,"Bach,_Johann_Sebastian/The_Well-Tempered_Clavier,_Book_I,_BWV_846-869/No.7_in_E_flat_major,_BWV_852:_Fugue/score_MS_refined.mid",bach_bwv852_fugue__PianoCoRe_020884,real,bach_bwv852_fugue,bach_bwv852,Aria_884664_0,764,0.8451327433628318,0.5469596273011259,75.0,904
bach_bwv852_fugue,PianoCoRe_020886,PERiScoPe_770193592,PERiScoPe,Transkun V2,"Bach,_Johann_Sebastian/The_Well-Tempered_Clavier,_Book_I,_BWV_846-869/No.7_in_E_flat_major,_BWV_852:_Fugue/score_MS_refined.mid",bach_bwv852_fugue__PianoCoRe_020886,real,bach_bwv852_fugue,bach_bwv852,PERiScoPe_770193592,895,0.9900442477876106,0.7940958694985714,57.0,904
bach_bwv852_prelude,PianoCoRe_020888,ATEPP_02681,ATEPP,ATEPP,"Bach,_Johann_Sebastian/The_Well-Tempered_Clavier,_Book_I,_BWV_846-869/No.7_in_E_flat_major,_BWV_852:_Prelude/score_MS_refined.mid",bach_bwv852_prelude__PianoCoRe_020888,real,bach_bwv852_prelude,bach_bwv852,ATEPP_02681,1344,0.9498233215547703,0.9123500535872566,67.0,1412
bach_bwv852_prelude,PianoCoRe_020889,ATEPP_02682,ATEPP,ATEPP,"Bach,_Johann_Sebastian/The_Well-Tempered_Clavier,_Book_I,_BWV_846-869/No.7_in_E_flat_major,_BWV_852:_Prelude/score_MS_refined.mid",bach_bwv852_prelude__PianoCoRe_020889,real,bach_bwv852_prelude,bach_bwv852,ATEPP_02682,1388,0.9809187279151943,0.8213629531912654,72.0,1412
bach_bwv852_prelude,PianoCoRe_020890,ATEPP_02683,ATEPP,ATEPP,"Bach,_Johann_Sebastian/The_Well-Tempered_Clavier,_Book_I,_BWV_846-869/No.7_in_E_flat_major,_BWV_852:_Prelude/score_MS_refined.mid",bach_bwv852_prelude__PianoCoRe_020890,real,bach_bwv852_prelude,bach_bwv852,ATEPP_02683,1376,0.9724381625441696,0.7871525356600132,65.0,1412
bach_bwv852_prelude,PianoCoRe_020891,ATEPP_02684,ATEPP,ATEPP,"Bach,_Johann_Sebastian/The_Well-Tempered_Clavier,_Book_I,_BWV_846-869/No.7_in_E_flat_major,_BWV_852:_Prelude/score_MS_refined.mid",bach_bwv852_prelude__PianoCoRe_020891,real,bach_bwv852_prelude,bach_bwv852,ATEPP_02684,1395,0.9858657243816255,0.7563753682952403,71.0,1412
bach_bwv852_prelude,PianoCoRe_020892,Aria_018573_0,Aria-MIDI,Aria-AMT,"Bach,_Johann_Sebastian/The_Well-Tempered_Clavier,_Book_I,_BWV_846-869/No.7_in_E_flat_major,_BWV_852:_Prelude/score_MS_refined.mid",bach_bwv852_prelude__PianoCoRe_020892,real,bach_bwv852_prelude,bach_bwv852,Aria_018573_0,1389,0.9816254416961131,1.1806768912187908,50.0,1412
bach_bwv852_prelude,PianoCoRe_020893,Aria_019546_0,Aria-MIDI,Aria-AMT,"Bach,_Johann_Sebastian/The_Well-Tempered_Clavier,_Book_I,_BWV_846-869/No.7_in_E_flat_major,_BWV_852:_Prelude/score_MS_refined.mid",bach_bwv852_prelude__PianoCoRe_020893,real,bach_bwv852_prelude,bach_bwv852,Aria_019546_0,1397,0.9872791519434629,1.0199681759633556,65.0,1412
bach_bwv852_prelude,PianoCoRe_020894,Aria_111529_0,Aria-MIDI,Aria-AMT,"Bach,_Johann_Sebastian/The_Well-Tempered_Clavier,_Book_I,_BWV_846-869/No.7_in_E_flat_major,_BWV_852:_Prelude/score_MS_refined.mid",bach_bwv852_prelude__PianoCoRe_020894,real,bach_bwv852_prelude,bach_bwv852,Aria_111529_0,1371,0.9689045936395759,0.7238861296805288,75.0,1412
bach_bwv852_prelude,PianoCoRe_020895,Aria_127667_0,Aria-MIDI,Aria-AMT,"Bach,_Johann_Sebastian/The_Well-Tempered_Clavier,_Book_I,_BWV_846-869/No.7_in_E_flat_major,_BWV_852:_Prelude/score_MS_refined.mid",bach_bwv852_prelude__PianoCoRe_020895,real,bach_bwv852_prelude,bach_bwv852,Aria_127667_0,1398,0.9879858657243816,0.9136524726892941,60.0,1412
bach_bwv852_prelude,PianoCoRe_020896,Aria_138422_0,Aria-MIDI,Aria-AMT,"Bach,_Johann_Sebastian/The_Well-Tempered_Clavier,_Book_I,_BWV_846-869/No.7_in_E_flat_major,_BWV_852:_Prelude/score_MS_refined.mid",bach_bwv852_prelude__PianoCoRe_020896,real,bach_bwv852_prelude,bach_bwv852,Aria_138422_0,1385,0.9787985865724381,0.9370300079375404,35.0,1412
bach_bwv852_prelude,PianoCoRe_020897,Aria_147620_0,Aria-MIDI,Aria-AMT,"Bach,_Johann_Sebastian/The_Well-Tempered_Clavier,_Book_I,_BWV_846-869/No.7_in_E_flat_major,_BWV_852:_Prelude/score_MS_refined.mid",bach_bwv852_prelude__PianoCoRe_020897,real,bach_bwv852_prelude,bach_bwv852,Aria_147620_0,1377,0.9731448763250884,0.940704186093435,45.0,1412
bach_bwv852_prelude,PianoCoRe_020899,Aria_161035_0,Aria-MIDI,Aria-AMT,"Bach,_Johann_Sebastian/The_Well-Tempered_Clavier,_Book_I,_BWV_846-869/No.7_in_E_flat_major,_BWV_852:_Prelude/score_MS_refined.mid",bach_bwv852_prelude__PianoCoRe_020899,real,bach_bwv852_prelude,bach_bwv852,Aria_161035_0,1400,0.9893992932862191,0.7298066565417408,70.0,1412
bach_bwv852_prelude,PianoCoRe_020900,Aria_161413_0,Aria-MIDI,Aria-AMT,"Bach,_Johann_Sebastian/The_Well-Tempered_Clavier,_Book_I,_BWV_846-869/No.7_in_E_flat_major,_BWV_852:_Prelude/score_MS_refined.mid",bach_bwv852_prelude__PianoCoRe_020900,real,bach_bwv852_prelude,bach_bwv852,Aria_161413_0,1397,0.9872791519434629,0.8656468547389394,60.0,1412
bach_bwv852_prelude,PianoCoRe_020901,Aria_189390_0,Aria-MIDI,Aria-AMT,"Bach,_Johann_Sebastian/The_Well-Tempered_Clavier,_Book_I,_BWV_846-869/No.7_in_E_flat_major,_BWV_852:_Prelude/score_MS_refined.mid",bach_bwv852_prelude__PianoCoRe_020901,real,bach_bwv852_prelude,bach_bwv852,Aria_189390_0,1132,0.8,0.7785715340495682,50.0,1412
bach_bwv852_prelude,PianoCoRe_020902,Aria_249893_0,Aria-MIDI,Aria-AMT,"Bach,_Johann_Sebastian/The_Well-Tempered_Clavier,_Book_I,_BWV_846-869/No.7_in_E_flat_major,_BWV_852:_Prelude/score_MS_refined.mid",bach_bwv852_prelude__PianoCoRe_020902,real,bach_bwv852_prelude,bach_bwv852,Aria_249893_0,1395,0.9858657243816255,1.174047203532235,65.0,1412
bach_bwv852_prelude,PianoCoRe_020903,Aria_255762_0,Aria-MIDI,Aria-AMT,"Bach,_Johann_Sebastian/The_Well-Tempered_Clavier,_Book_I,_BWV_846-869/No.7_in_E_flat_major,_BWV_852:_Prelude/score_MS_refined.mid",bach_bwv852_prelude__PianoCoRe_020903,real,bach_bwv852_prelude,bach_bwv852,Aria_255762_0,1387,0.9802120141342756,0.7475421651854608,65.0,1412
bach_bwv852_prelude,PianoCoRe_020904,Aria_260522_1,Aria-MIDI,Aria-AMT,"Bach,_Johann_Sebastian/The_Well-Tempered_Clavier,_Book_I,_BWV_846-869/No.7_in_E_flat_major,_BWV_852:_Prelude/score_MS_refined.mid",bach_bwv852_prelude__PianoCoRe_020904,real,bach_bwv852_prelude,bach_bwv852,Aria_260522_1,1370,0.9681978798586572,0.968350269960091,65.0,1412
bach_bwv852_prelude,PianoCoRe_020908,Aria_378181_0,Aria-MIDI,Aria-AMT,"Bach,_Johann_Sebastian/The_Well-Tempered_Clavier,_Book_I,_BWV_846-869/No.7_in_E_flat_major,_BWV_852:_Prelude/score_MS_refined.mid",bach_bwv852_prelude__PianoCoRe_020908,real,bach_bwv852_prelude,bach_bwv852,Aria_378181_0,1401,0.9901060070671378,0.9488179233190357,70.0,1412
bach_bwv852_prelude,PianoCoRe_020909,Aria_415779_0,Aria-MIDI,Aria-AMT,"Bach,_Johann_Sebastian/The_Well-Tempered_Clavier,_Book_I,_BWV_846-869/No.7_in_E_flat_major,_BWV_852:_Prelude/score_MS_refined.mid",bach_bwv852_prelude__PianoCoRe_020909,real,bach_bwv852_prelude,bach_bwv852,Aria_415779_0,1398,0.9879858657243816,0.7506988355807752,70.0,1412
bach_bwv852_prelude,PianoCoRe_020910,Aria_423383_0,Aria-MIDI,Aria-AMT,"Bach,_Johann_Sebastian/The_Well-Tempered_Clavier,_Book_I,_BWV_846-869/No.7_in_E_flat_major,_BWV_852:_Prelude/score_MS_refined.mid",bach_bwv852_prelude__PianoCoRe_020910,real,bach_bwv852_prelude,bach_bwv852,Aria_423383_0,1227,0.8671378091872791,0.9478557244211727,65.0,1412
bach_bwv852_prelude,PianoCoRe_020913,Aria_506536_7,Aria-MIDI,Aria-AMT,"Bach,_Johann_Sebastian/The_Well-Tempered_Clavier,_Book_I,_BWV_846-869/No.7_in_E_flat_major,_BWV_852:_Prelude/score_MS_refined.mid",bach_bwv852_prelude__PianoCoRe_020913,real,bach_bwv852_prelude,bach_bwv852,Aria_506536_7,1258,0.8890459363957597,0.8053250337632092,55.0,1412
bach_bwv852_prelude,PianoCoRe_020914,Aria_570024_0,Aria-MIDI,Aria-AMT,"Bach,_Johann_Sebastian/The_Well-Tempered_Clavier,_Book_I,_BWV_846-869/No.7_in_E_flat_major,_BWV_852:_Prelude/score_MS_refined.mid",bach_bwv852_prelude__PianoCoRe_020914,real,bach_bwv852_prelude,bach_bwv852,Aria_570024_0,1375,0.9717314487632509,0.9475207774316006,30.0,1412
bach_bwv852_prelude,PianoCoRe_020915,Aria_586609_0,Aria-MIDI,Aria-AMT,"Bach,_Johann_Sebastian/The_Well-Tempered_Clavier,_Book_I,_BWV_846-869/No.7_in_E_flat_major,_BWV_852:_Prelude/score_MS_refined.mid",bach_bwv852_prelude__PianoCoRe_020915,real,bach_bwv852_prelude,bach_bwv852,Aria_586609_0,1389,0.9816254416961131,0.8374610786476271,70.0,1412
bach_bwv852_prelude,PianoCoRe_020916,Aria_602321_0,Aria-MIDI,Aria-AMT,"Bach,_Johann_Sebastian/The_Well-Tempered_Clavier,_Book_I,_BWV_846-869/No.7_in_E_flat_major,_BWV_852:_Prelude/score_MS_refined.mid",bach_bwv852_prelude__PianoCoRe_020916,real,bach_bwv852_prelude,bach_bwv852,Aria_602321_0,1387,0.9802120141342756,1.1988059812296838,60.0,1412
bach_bwv852_prelude,PianoCoRe_020917,Aria_610079_0,Aria-MIDI,Aria-AMT,"Bach,_Johann_Sebastian/The_Well-Tempered_Clavier,_Book_I,_BWV_846-869/No.7_in_E_flat_major,_BWV_852:_Prelude/score_MS_refined.mid",bach_bwv852_prelude__PianoCoRe_020917,real,bach_bwv852_prelude,bach_bwv852,Aria_610079_0,1401,0.9901060070671378,1.2639405764368086,65.0,1412
bach_bwv852_prelude,PianoCoRe_020919,Aria_666920_0,Aria-MIDI,Aria-AMT,"Bach,_Johann_Sebastian/The_Well-Tempered_Clavier,_Book_I,_BWV_846-869/No.7_in_E_flat_major,_BWV_852:_Prelude/score_MS_refined.mid",bach_bwv852_prelude__PianoCoRe_020919,real,bach_bwv852_prelude,bach_bwv852,Aria_666920_0,1139,0.8049469964664311,0.7771977173209328,40.0,1412
bach_bwv852_prelude,PianoCoRe_020920,Aria_699808_0,Aria-MIDI,Aria-AMT,"Bach,_Johann_Sebastian/The_Well-Tempered_Clavier,_Book_I,_BWV_846-869/No.7_in_E_flat_major,_BWV_852:_Prelude/score_MS_refined.mid",bach_bwv852_prelude__PianoCoRe_020920,real,bach_bwv852_prelude,bach_bwv852,Aria_699808_0,1396,0.9865724381625441,0.7800499997403766,75.0,1412
bach_bwv852_prelude,PianoCoRe_020921,Aria_742626_0,Aria-MIDI,Aria-AMT,"Bach,_Johann_Sebastian/The_Well-Tempered_Clavier,_Book_I,_BWV_846-869/No.7_in_E_flat_major,_BWV_852:_Prelude/score_MS_refined.mid",bach_bwv852_prelude__PianoCoRe_020921,real,bach_bwv852_prelude,bach_bwv852,Aria_742626_0,1388,0.9809187279151943,0.8231785010459121,60.0,1412
bach_bwv852_prelude,PianoCoRe_020922,Aria_776213_0,Aria-MIDI,Aria-AMT,"Bach,_Johann_Sebastian/The_Well-Tempered_Clavier,_Book_I,_BWV_846-869/No.7_in_E_flat_major,_BWV_852:_Prelude/score_MS_refined.mid",bach_bwv852_prelude__PianoCoRe_020922,real,bach_bwv852_prelude,bach_bwv852,Aria_776213_0,1399,0.9886925795053003,0.7367111053143521,70.0,1412
bach_bwv852_prelude,PianoCoRe_020923,Aria_784329_0,Aria-MIDI,Aria-AMT,"Bach,_Johann_Sebastian/The_Well-Tempered_Clavier,_Book_I,_BWV_846-869/No.7_in_E_flat_major,_BWV_852:_Prelude/score_MS_refined.mid",bach_bwv852_prelude__PianoCoRe_020923,real,bach_bwv852_prelude,bach_bwv852,Aria_784329_0,1401,0.9901060070671378,0.8796292818309143,60.0,1412
bach_bwv852_prelude,PianoCoRe_020924,Aria_802890_0,Aria-MIDI,Aria-AMT,"Bach,_Johann_Sebastian/The_Well-Tempered_Clavier,_Book_I,_BWV_846-869/No.7_in_E_flat_major,_BWV_852:_Prelude/score_MS_refined.mid",bach_bwv852_prelude__PianoCoRe_020924,real,bach_bwv852_prelude,bach_bwv852,Aria_802890_0,1376,0.9724381625441696,0.8555981229274081,50.0,1412
bach_bwv852_prelude,PianoCoRe_020925,Aria_804401_0,Aria-MIDI,Aria-AMT,"Bach,_Johann_Sebastian/The_Well-Tempered_Clavier,_Book_I,_BWV_846-869/No.7_in_E_flat_major,_BWV_852:_Prelude/score_MS_refined.mid",bach_bwv852_prelude__PianoCoRe_020925,real,bach_bwv852_prelude,bach_bwv852,Aria_804401_0,1398,0.9879858657243816,0.7042875881693818,65.0,1412
bach_bwv852_prelude,PianoCoRe_020926,Aria_805783_0,Aria-MIDI,Aria-AMT,"Bach,_Johann_Sebastian/The_Well-Tempered_Clavier,_Book_I,_BWV_846-869/No.7_in_E_flat_major,_BWV_852:_Prelude/score_MS_refined.mid",bach_bwv852_prelude__PianoCoRe_020926,real,bach_bwv852_prelude,bach_bwv852,Aria_805783_0,1390,0.9823321554770318,1.4303026825978453,70.0,1412
bach_bwv852_prelude,PianoCoRe_020927,Aria_855922_0,Aria-MIDI,Aria-AMT,"Bach,_Johann_Sebastian/The_Well-Tempered_Clavier,_Book_I,_BWV_846-869/No.7_in_E_flat_major,_BWV_852:_Prelude/score_MS_refined.mid",bach_bwv852_prelude__PianoCoRe_020927,real,bach_bwv852_prelude,bach_bwv852,Aria_855922_0,1377,0.9731448763250884,0.7490265752378304,65.0,1412
bach_bwv852_prelude,PianoCoRe_020928,Aria_863645_0,Aria-MIDI,Aria-AMT,"Bach,_Johann_Sebastian/The_Well-Tempered_Clavier,_Book_I,_BWV_846-869/No.7_in_E_flat_major,_BWV_852:_Prelude/score_MS_refined.mid",bach_bwv852_prelude__PianoCoRe_020928,real,bach_bwv852_prelude,bach_bwv852,Aria_863645_0,1398,0.9879858657243816,0.8052024963948401,60.0,1412
bach_bwv852_prelude,PianoCoRe_020929,Aria_876829_0,Aria-MIDI,Aria-AMT,"Bach,_Johann_Sebastian/The_Well-Tempered_Clavier,_Book_I,_BWV_846-869/No.7_in_E_flat_major,_BWV_852:_Prelude/score_MS_refined.mid",bach_bwv852_prelude__PianoCoRe_020929,real,bach_bwv852_prelude,bach_bwv852,Aria_876829_0,1404,0.992226148409894,0.8320451142138927,70.0,1412
bach_bwv852_prelude,PianoCoRe_020931,Aria_889059_0,Aria-MIDI,Aria-AMT,"Bach,_Johann_Sebastian/The_Well-Tempered_Clavier,_Book_I,_BWV_846-869/No.7_in_E_flat_major,_BWV_852:_Prelude/score_MS_refined.mid",bach_bwv852_prelude__PianoCoRe_020931,real,bach_bwv852_prelude,bach_bwv852,Aria_889059_0,1156,0.8169611307420495,0.7758915725525202,45.0,1412
bach_bwv852_prelude,PianoCoRe_020932,Aria_905175_0,Aria-MIDI,Aria-AMT,"Bach,_Johann_Sebastian/The_Well-Tempered_Clavier,_Book_I,_BWV_846-869/No.7_in_E_flat_major,_BWV_852:_Prelude/score_MS_refined.mid",bach_bwv852_prelude__PianoCoRe_020932,real,bach_bwv852_prelude,bach_bwv852,Aria_905175_0,1389,0.9816254416961131,1.0591704036684257,65.0,1412
bach_bwv852_prelude,PianoCoRe_020933,PERiScoPe_106708186,PERiScoPe,Transkun V2,"Bach,_Johann_Sebastian/The_Well-Tempered_Clavier,_Book_I,_BWV_846-869/No.7_in_E_flat_major,_BWV_852:_Prelude/score_MS_refined.mid",bach_bwv852_prelude__PianoCoRe_020933,real,bach_bwv852_prelude,bach_bwv852,PERiScoPe_106708186,1400,0.9893992932862191,0.8204702723206019,73.0,1412
bach_bwv852_prelude,PianoCoRe_020934,PERiScoPe_770193582,PERiScoPe,Transkun V2,"Bach,_Johann_Sebastian/The_Well-Tempered_Clavier,_Book_I,_BWV_846-869/No.7_in_E_flat_major,_BWV_852:_Prelude/score_MS_refined.mid",bach_bwv852_prelude__PianoCoRe_020934,real,bach_bwv852_prelude,bach_bwv852,PERiScoPe_770193582,1400,0.9893992932862191,1.0344134779106995,50.0,1412
bach_bwv859_fugue,PianoCoRe_022265,ATEPP_02551,ATEPP,ATEPP,"Bach,_Johann_Sebastian/The_Well-Tempered_Clavier,_Book_I,_BWV_846-869/No.14_in_F_sharp_minor,_BWV_859:_Fugue/score_MS_refined.mid",bach_bwv859_fugue__PianoCoRe_022265,real,bach_bwv859_fugue,bach_bwv859,ATEPP_02551,801,0.9357476635514018,0.7958274407196025,56.0,856
bach_bwv859_fugue,PianoCoRe_022266,ATEPP_02552,ATEPP,ATEPP,"Bach,_Johann_Sebastian/The_Well-Tempered_Clavier,_Book_I,_BWV_846-869/No.14_in_F_sharp_minor,_BWV_859:_Fugue/score_MS_refined.mid",bach_bwv859_fugue__PianoCoRe_022266,real,bach_bwv859_fugue,bach_bwv859,ATEPP_02552,807,0.9427570093457944,0.9521726317383342,65.0,856
bach_bwv859_fugue,PianoCoRe_022268,ATEPP_02554,ATEPP,ATEPP,"Bach,_Johann_Sebastian/The_Well-Tempered_Clavier,_Book_I,_BWV_846-869/No.14_in_F_sharp_minor,_BWV_859:_Fugue/score_MS_refined.mid",bach_bwv859_fugue__PianoCoRe_022268,real,bach_bwv859_fugue,bach_bwv859,ATEPP_02554,838,0.9789719626168224,0.813140336718755,64.0,856
bach_bwv859_fugue,PianoCoRe_022270,Aria_050483_0,Aria-MIDI,Aria-AMT,"Bach,_Johann_Sebastian/The_Well-Tempered_Clavier,_Book_I,_BWV_846-869/No.14_in_F_sharp_minor,_BWV_859:_Fugue/score_MS_refined.mid",bach_bwv859_fugue__PianoCoRe_022270,real,bach_bwv859_fugue,bach_bwv859,Aria_050483_0,841,0.9824766355140186,1.0472723307702585,50.0,856
bach_bwv859_fugue,PianoCoRe_022272,Aria_101740_0,Aria-MIDI,Aria-AMT,"Bach,_Johann_Sebastian/The_Well-Tempered_Clavier,_Book_I,_BWV_846-869/No.14_in_F_sharp_minor,_BWV_859:_Fugue/score_MS_refined.mid",bach_bwv859_fugue__PianoCoRe_022272,real,bach_bwv859_fugue,bach_bwv859,Aria_101740_0,819,0.9567757009345794,0.5862972118420827,60.0,856
bach_bwv859_fugue,PianoCoRe_022274,Aria_120081_0,Aria-MIDI,Aria-AMT,"Bach,_Johann_Sebastian/The_Well-Tempered_Clavier,_Book_I,_BWV_846-869/No.14_in_F_sharp_minor,_BWV_859:_Fugue/score_MS_refined.mid",bach_bwv859_fugue__PianoCoRe_022274,real,bach_bwv859_fugue,bach_bwv859,Aria_120081_0,826,0.9649532710280374,0.88131270225271,65.0,856
bach_bwv859_fugue,PianoCoRe_022276,Aria_191119_0,Aria-MIDI,Aria-AMT,"Bach,_Johann_Sebastian/The_Well-Tempered_Clavier,_Book_I,_BWV_846-869/No.14_in_F_sharp_minor,_BWV_859:_Fugue/score_MS_refined.mid",bach_bwv859_fugue__PianoCoRe_022276,real,bach_bwv859_fugue,bach_bwv859,Aria_191119_0,813,0.9497663551401869,0.6963112082965969,50.0,856
bach_bwv859_fugue,PianoCoRe_022277,Aria_212731_0,Aria-MIDI,Aria-AMT,"Bach,_Johann_Sebastian/The_Well-Tempered_Clavier,_Book_I,_BWV_846-869/No.14_in_F_sharp_minor,_BWV_859:_Fugue/score_MS_refined.mid",bach_bwv859_fugue__PianoCoRe_022277,real,bach_bwv859_fugue,bach_bwv859,Aria_212731_0,812,0.9485981308411215,0.7470543100130774,75.0,856
bach_bwv859_fugue,PianoCoRe_022278,Aria_261228_0,Aria-MIDI,Aria-AMT,"Bach,_Johann_Sebastian/The_Well-Tempered_Clavier,_Book_I,_BWV_846-869/No.14_in_F_sharp_minor,_BWV_859:_Fugue/score_MS_refined.mid",bach_bwv859_fugue__PianoCoRe_022278,real,bach_bwv859_fugue,bach_bwv859,Aria_261228_0,809,0.9450934579439252,0.8467112529920698,60.0,856
bach_bwv859_fugue,PianoCoRe_022279,Aria_298807_2,Aria-MIDI,Aria-AMT,"Bach,_Johann_Sebastian/The_Well-Tempered_Clavier,_Book_I,_BWV_846-869/No.14_in_F_sharp_minor,_BWV_859:_Fugue/score_MS_refined.mid",bach_bwv859_fugue__PianoCoRe_022279,real,bach_bwv859_fugue,bach_bwv859,Aria_298807_2,804,0.9392523364485982,0.7918838827920296,55.0,856
bach_bwv859_fugue,PianoCoRe_022280,Aria_346318_0,Aria-MIDI,Aria-AMT,"Bach,_Johann_Sebastian/The_Well-Tempered_Clavier,_Book_I,_BWV_846-869/No.14_in_F_sharp_minor,_BWV_859:_Fugue/score_MS_refined.mid",bach_bwv859_fugue__PianoCoRe_022280,real,bach_bwv859_fugue,bach_bwv859,Aria_346318_0,820,0.9579439252336449,0.6973095133291911,45.0,856
bach_bwv859_fugue,PianoCoRe_022281,Aria_371787_0,Aria-MIDI,Aria-AMT,"Bach,_Johann_Sebastian/The_Well-Tempered_Clavier,_Book_I,_BWV_846-869/No.14_in_F_sharp_minor,_BWV_859:_Fugue/score_MS_refined.mid",bach_bwv859_fugue__PianoCoRe_022281,real,bach_bwv859_fugue,bach_bwv859,Aria_371787_0,841,0.9824766355140186,1.0483593480497402,40.0,856
bach_bwv859_fugue,PianoCoRe_022282,Aria_383566_0,Aria-MIDI,Aria-AMT,"Bach,_Johann_Sebastian/The_Well-Tempered_Clavier,_Book_I,_BWV_846-869/No.14_in_F_sharp_minor,_BWV_859:_Fugue/score_MS_refined.mid",bach_bwv859_fugue__PianoCoRe_022282,real,bach_bwv859_fugue,bach_bwv859,Aria_383566_0,830,0.969626168224299,0.7334209905969311,60.0,856
bach_bwv859_fugue,PianoCoRe_022284,Aria_419029_0,Aria-MIDI,Aria-AMT,"Bach,_Johann_Sebastian/The_Well-Tempered_Clavier,_Book_I,_BWV_846-869/No.14_in_F_sharp_minor,_BWV_859:_Fugue/score_MS_refined.mid",bach_bwv859_fugue__PianoCoRe_022284,real,bach_bwv859_fugue,bach_bwv859,Aria_419029_0,820,0.9579439252336449,0.667685277016531,60.0,856
bach_bwv859_fugue,PianoCoRe_022285,Aria_437669_0,Aria-MIDI,Aria-AMT,"Bach,_Johann_Sebastian/The_Well-Tempered_Clavier,_Book_I,_BWV_846-869/No.14_in_F_sharp_minor,_BWV_859:_Fugue/score_MS_refined.mid",bach_bwv859_fugue__PianoCoRe_022285,real,bach_bwv859_fugue,bach_bwv859,Aria_437669_0,829,0.9684579439252337,0.8607440588390147,45.0,856
bach_bwv859_fugue,PianoCoRe_022286,Aria_467497_0,Aria-MIDI,Aria-AMT,"Bach,_Johann_Sebastian/The_Well-Tempered_Clavier,_Book_I,_BWV_846-869/No.14_in_F_sharp_minor,_BWV_859:_Fugue/score_MS_refined.mid",bach_bwv859_fugue__PianoCoRe_022286,real,bach_bwv859_fugue,bach_bwv859,Aria_467497_0,821,0.9591121495327103,0.6221259654354153,55.0,856
bach_bwv859_fugue,PianoCoRe_022289,Aria_506536_12,Aria-MIDI,Aria-AMT,"Bach,_Johann_Sebastian/The_Well-Tempered_Clavier,_Book_I,_BWV_846-869/No.14_in_F_sharp_minor,_BWV_859:_Fugue/score_MS_refined.mid",bach_bwv859_fugue__PianoCoRe_022289,real,bach_bwv859_fugue,bach_bwv859,Aria_506536_12,813,0.9497663551401869,0.9166590914750431,50.0,856
bach_bwv859_fugue,PianoCoRe_022290,Aria_512568_0,Aria-MIDI,Aria-AMT,"Bach,_Johann_Sebastian/The_Well-Tempered_Clavier,_Book_I,_BWV_846-869/No.14_in_F_sharp_minor,_BWV_859:_Fugue/score_MS_refined.mid",bach_bwv859_fugue__PianoCoRe_022290,real,bach_bwv859_fugue,bach_bwv859,Aria_512568_0,824,0.9626168224299065,0.9184559512875343,45.0,856
bach_bwv859_fugue,PianoCoRe_022291,Aria_517069_0,Aria-MIDI,Aria-AMT,"Bach,_Johann_Sebastian/The_Well-Tempered_Clavier,_Book_I,_BWV_846-869/No.14_in_F_sharp_minor,_BWV_859:_Fugue/score_MS_refined.mid",bach_bwv859_fugue__PianoCoRe_022291,real,bach_bwv859_fugue,bach_bwv859,Aria_517069_0,813,0.9497663551401869,0.9334592632143212,55.0,856
bach_bwv859_fugue,PianoCoRe_022292,Aria_550530_20,Aria-MIDI,Aria-AMT,"Bach,_Johann_Sebastian/The_Well-Tempered_Clavier,_Book_I,_BWV_846-869/No.14_in_F_sharp_minor,_BWV_859:_Fugue/score_MS_refined.mid",bach_bwv859_fugue__PianoCoRe_022292,real,bach_bwv859_fugue,bach_bwv859,Aria_550530_20,765,0.8936915887850467,0.6923055382891096,55.0,856
bach_bwv859_fugue,PianoCoRe_022294,Aria_595626_1,Aria-MIDI,Aria-AMT,"Bach,_Johann_Sebastian/The_Well-Tempered_Clavier,_Book_I,_BWV_846-869/No.14_in_F_sharp_minor,_BWV_859:_Fugue/score_MS_refined.mid",bach_bwv859_fugue__PianoCoRe_022294,real,bach_bwv859_fugue,bach_bwv859,Aria_595626_1,759,0.8866822429906542,0.5763722231209067,65.0,856
bach_bwv859_fugue,PianoCoRe_022296,Aria_658807_0,Aria-MIDI,Aria-AMT,"Bach,_Johann_Sebastian/The_Well-Tempered_Clavier,_Book_I,_BWV_846-869/No.14_in_F_sharp_minor,_BWV_859:_Fugue/score_MS_refined.mid",bach_bwv859_fugue__PianoCoRe_022296,real,bach_bwv859_fugue,bach_bwv859,Aria_658807_0,825,0.9637850467289719,0.774287447669677,65.0,856
bach_bwv859_fugue,PianoCoRe_022300,Aria_693975_0,Aria-MIDI,Aria-AMT,"Bach,_Johann_Sebastian/The_Well-Tempered_Clavier,_Book_I,_BWV_846-869/No.14_in_F_sharp_minor,_BWV_859:_Fugue/score_MS_refined.mid",bach_bwv859_fugue__PianoCoRe_022300,real,bach_bwv859_fugue,bach_bwv859,Aria_693975_0,812,0.9485981308411215,0.9197032949160522,60.0,856
bach_bwv859_fugue,PianoCoRe_022301,Aria_701550_0,Aria-MIDI,Aria-AMT,"Bach,_Johann_Sebastian/The_Well-Tempered_Clavier,_Book_I,_BWV_846-869/No.14_in_F_sharp_minor,_BWV_859:_Fugue/score_MS_refined.mid",bach_bwv859_fugue__PianoCoRe_022301,real,bach_bwv859_fugue,bach_bwv859,Aria_701550_0,844,0.985981308411215,1.0483317269075914,30.0,856
bach_bwv859_fugue,PianoCoRe_022302,Aria_734626_0,Aria-MIDI,Aria-AMT,"Bach,_Johann_Sebastian/The_Well-Tempered_Clavier,_Book_I,_BWV_846-869/No.14_in_F_sharp_minor,_BWV_859:_Fugue/score_MS_refined.mid",bach_bwv859_fugue__PianoCoRe_022302,real,bach_bwv859_fugue,bach_bwv859,Aria_734626_0,828,0.9672897196261683,0.7672881887389438,50.0,856
bach_bwv859_fugue,PianoCoRe_022303,Aria_741879_0,Aria-MIDI,Aria-AMT,"Bach,_Johann_Sebastian/The_Well-Tempered_Clavier,_Book_I,_BWV_846-869/No.14_in_F_sharp_minor,_BWV_859:_Fugue/score_MS_refined.mid",bach_bwv859_fugue__PianoCoRe_022303,real,bach_bwv859_fugue,bach_bwv859,Aria_741879_0,821,0.9591121495327103,0.7887343199827405,40.0,856
bach_bwv859_fugue,PianoCoRe_022304,Aria_769470_0,Aria-MIDI,Aria-AMT,"Bach,_Johann_Sebastian/The_Well-Tempered_Clavier,_Book_I,_BWV_846-869/No.14_in_F_sharp_minor,_BWV_859:_Fugue/score_MS_refined.mid",bach_bwv859_fugue__PianoCoRe_022304,real,bach_bwv859_fugue,bach_bwv859,Aria_769470_0,823,0.9614485981308412,0.8882516198013503,60.0,856
bach_bwv859_fugue,PianoCoRe_022305,Aria_787238_0,Aria-MIDI,Aria-AMT,"Bach,_Johann_Sebastian/The_Well-Tempered_Clavier,_Book_I,_BWV_846-869/No.14_in_F_sharp_minor,_BWV_859:_Fugue/score_MS_refined.mid",bach_bwv859_fugue__PianoCoRe_022305,real,bach_bwv859_fugue,bach_bwv859,Aria_787238_0,821,0.9591121495327103,1.178476729414273,60.0,856
bach_bwv859_fugue,PianoCoRe_022306,Aria_828169_0,Aria-MIDI,Aria-AMT,"Bach,_Johann_Sebastian/The_Well-Tempered_Clavier,_Book_I,_BWV_846-869/No.14_in_F_sharp_minor,_BWV_859:_Fugue/score_MS_refined.mid",bach_bwv859_fugue__PianoCoRe_022306,real,bach_bwv859_fugue,bach_bwv859,Aria_828169_0,821,0.9591121495327103,0.9143718355723889,60.0,856
bach_bwv859_fugue,PianoCoRe_022309,PERiScoPe_106706138,PERiScoPe,Transkun V2,"Bach,_Johann_Sebastian/The_Well-Tempered_Clavier,_Book_I,_BWV_846-869/No.14_in_F_sharp_minor,_BWV_859:_Fugue/score_MS_refined.mid",bach_bwv859_fugue__PianoCoRe_022309,real,bach_bwv859_fugue,bach_bwv859,PERiScoPe_106706138,814,0.9509345794392523,0.9516729655555886,63.0,856
bach_bwv859_fugue,PianoCoRe_022310,PERiScoPe_770193732,PERiScoPe,Transkun V2,"Bach,_Johann_Sebastian/The_Well-Tempered_Clavier,_Book_I,_BWV_846-869/No.14_in_F_sharp_minor,_BWV_859:_Fugue/score_MS_refined.mid",bach_bwv859_fugue__PianoCoRe_022310,real,bach_bwv859_fugue,bach_bwv859,PERiScoPe_770193732,813,0.9497663551401869,0.9124251970328507,42.0,856
bach_bwv861_fugue,PianoCoRe_022646,ATEPP_02521,ATEPP,ATEPP,"Bach,_Johann_Sebastian/The_Well-Tempered_Clavier,_Book_I,_BWV_846-869/No.16_in_G_minor,_BWV_861:_Fugue/score_MS_refined.mid",bach_bwv861_fugue__PianoCoRe_022646,real,bach_bwv861_fugue,bach_bwv861,ATEPP_02521,730,0.9746328437917223,1.0651153767243307,62.0,746
bach_bwv861_fugue,PianoCoRe_022647,ATEPP_02522,ATEPP,ATEPP,"Bach,_Johann_Sebastian/The_Well-Tempered_Clavier,_Book_I,_BWV_846-869/No.16_in_G_minor,_BWV_861:_Fugue/score_MS_refined.mid",bach_bwv861_fugue__PianoCoRe_022647,real,bach_bwv861_fugue,bach_bwv861,ATEPP_02522,735,0.9813084112149533,0.9569806408554009,69.0,746
bach_bwv861_fugue,PianoCoRe_022648,ATEPP_02523,ATEPP,ATEPP,"Bach,_Johann_Sebastian/The_Well-Tempered_Clavier,_Book_I,_BWV_846-869/No.16_in_G_minor,_BWV_861:_Fugue/score_MS_refined.mid",bach_bwv861_fugue__PianoCoRe_022648,real,bach_bwv861_fugue,bach_bwv861,ATEPP_02523,727,0.9706275033377837,0.6196577816949789,76.0,746
bach_bwv861_fugue,PianoCoRe_022649,ATEPP_02524,ATEPP,ATEPP,"Bach,_Johann_Sebastian/The_Well-Tempered_Clavier,_Book_I,_BWV_846-869/No.16_in_G_minor,_BWV_861:_Fugue/score_MS_refined.mid",bach_bwv861_fugue__PianoCoRe_022649,real,bach_bwv861_fugue,bach_bwv861,ATEPP_02524,744,0.9933244325767691,0.8031592532028247,81.0,746
bach_bwv861_fugue,PianoCoRe_022651,Aria_052840_0,Aria-MIDI,Aria-AMT,"Bach,_Johann_Sebastian/The_Well-Tempered_Clavier,_Book_I,_BWV_846-869/No.16_in_G_minor,_BWV_861:_Fugue/score_MS_refined.mid",bach_bwv861_fugue__PianoCoRe_022651,real,bach_bwv861_fugue,bach_bwv861,Aria_052840_0,722,0.9639519359145527,0.7938470677091926,70.0,746
bach_bwv861_fugue,PianoCoRe_022652,Aria_087352_0,Aria-MIDI,Aria-AMT,"Bach,_Johann_Sebastian/The_Well-Tempered_Clavier,_Book_I,_BWV_846-869/No.16_in_G_minor,_BWV_861:_Fugue/score_MS_refined.mid",bach_bwv861_fugue__PianoCoRe_022652,real,bach_bwv861_fugue,bach_bwv861,Aria_087352_0,743,0.9919893190921228,0.8416521868496132,70.0,746
bach_bwv861_fugue,PianoCoRe_022653,Aria_088737_0,Aria-MIDI,Aria-AMT,"Bach,_Johann_Sebastian/The_Well-Tempered_Clavier,_Book_I,_BWV_846-869/No.16_in_G_minor,_BWV_861:_Fugue/score_MS_refined.mid",bach_bwv861_fugue__PianoCoRe_022653,real,bach_bwv861_fugue,bach_bwv861,Aria_088737_0,739,0.986648865153538,0.923112917506528,75.0,746
bach_bwv861_fugue,PianoCoRe_022655,Aria_108251_0,Aria-MIDI,Aria-AMT,"Bach,_Johann_Sebastian/The_Well-Tempered_Clavier,_Book_I,_BWV_846-869/No.16_in_G_minor,_BWV_861:_Fugue/score_MS_refined.mid",bach_bwv861_fugue__PianoCoRe_022655,real,bach_bwv861_fugue,bach_bwv861,Aria_108251_0,728,0.9719626168224299,3.173562787479655,70.0,746
bach_bwv861_fugue,PianoCoRe_022656,Aria_147935_0,Aria-MIDI,Aria-AMT,"Bach,_Johann_Sebastian/The_Well-Tempered_Clavier,_Book_I,_BWV_846-869/No.16_in_G_minor,_BWV_861:_Fugue/score_MS_refined.mid",bach_bwv861_fugue__PianoCoRe_022656,real,bach_bwv861_fugue,bach_bwv861,Aria_147935_0,739,0.986648865153538,1.1063759270523958,60.0,746
bach_bwv861_fugue,PianoCoRe_022657,Aria_182228_0,Aria-MIDI,Aria-AMT,"Bach,_Johann_Sebastian/The_Well-Tempered_Clavier,_Book_I,_BWV_846-869/No.16_in_G_minor,_BWV_861:_Fugue/score_MS_refined.mid",bach_bwv861_fugue__PianoCoRe_022657,real,bach_bwv861_fugue,bach_bwv861,Aria_182228_0,744,0.9933244325767691,0.9099104454275257,75.0,746
bach_bwv861_fugue,PianoCoRe_022659,Aria_231704_0,Aria-MIDI,Aria-AMT,"Bach,_Johann_Sebastian/The_Well-Tempered_Clavier,_Book_I,_BWV_846-869/No.16_in_G_minor,_BWV_861:_Fugue/score_MS_refined.mid",bach_bwv861_fugue__PianoCoRe_022659,real,bach_bwv861_fugue,bach_bwv861,Aria_231704_0,738,0.9853137516688919,0.8580648037247087,80.0,746
bach_bwv861_fugue,PianoCoRe_022660,Aria_262442_0,Aria-MIDI,Aria-AMT,"Bach,_Johann_Sebastian/The_Well-Tempered_Clavier,_Book_I,_BWV_846-869/No.16_in_G_minor,_BWV_861:_Fugue/score_MS_refined.mid",bach_bwv861_fugue__PianoCoRe_022660,real,bach_bwv861_fugue,bach_bwv861,Aria_262442_0,743,0.9919893190921228,0.7650815071861176,75.0,746
bach_bwv861_fugue,PianoCoRe_022665,Aria_375906_0,Aria-MIDI,Aria-AMT,"Bach,_Johann_Sebastian/The_Well-Tempered_Clavier,_Book_I,_BWV_846-869/No.16_in_G_minor,_BWV_861:_Fugue/score_MS_refined.mid",bach_bwv861_fugue__PianoCoRe_022665,real,bach_bwv861_fugue,bach_bwv861,Aria_375906_0,743,0.9919893190921228,0.6835850288423801,75.0,746
bach_bwv861_fugue,PianoCoRe_022666,Aria_392310_0,Aria-MIDI,Aria-AMT,"Bach,_Johann_Sebastian/The_Well-Tempered_Clavier,_Book_I,_BWV_846-869/No.16_in_G_minor,_BWV_861:_Fugue/score_MS_refined.mid",bach_bwv861_fugue__PianoCoRe_022666,real,bach_bwv861_fugue,bach_bwv861,Aria_392310_0,735,0.9813084112149533,0.6135493844947387,70.0,746
bach_bwv861_fugue,PianoCoRe_022667,Aria_447397_0,Aria-MIDI,Aria-AMT,"Bach,_Johann_Sebastian/The_Well-Tempered_Clavier,_Book_I,_BWV_846-869/No.16_in_G_minor,_BWV_861:_Fugue/score_MS_refined.mid",bach_bwv861_fugue__PianoCoRe_022667,real,bach_bwv861_fugue,bach_bwv861,Aria_447397_0,740,0.9879839786381842,0.6939301792774278,70.0,746
bach_bwv861_fugue,PianoCoRe_022668,Aria_515848_0,Aria-MIDI,Aria-AMT,"Bach,_Johann_Sebastian/The_Well-Tempered_Clavier,_Book_I,_BWV_846-869/No.16_in_G_minor,_BWV_861:_Fugue/score_MS_refined.mid",bach_bwv861_fugue__PianoCoRe_022668,real,bach_bwv861_fugue,bach_bwv861,Aria_515848_0,733,0.9786381842456608,1.0342746219745584,55.0,746
bach_bwv861_fugue,PianoCoRe_022669,Aria_522149_0,Aria-MIDI,Aria-AMT,"Bach,_Johann_Sebastian/The_Well-Tempered_Clavier,_Book_I,_BWV_846-869/No.16_in_G_minor,_BWV_861:_Fugue/score_MS_refined.mid",bach_bwv861_fugue__PianoCoRe_022669,real,bach_bwv861_fugue,bach_bwv861,Aria_522149_0,644,0.8598130841121495,1.1999069491683962,55.0,746
bach_bwv861_fugue,PianoCoRe_022670,Aria_533804_12,Aria-MIDI,Aria-AMT,"Bach,_Johann_Sebastian/The_Well-Tempered_Clavier,_Book_I,_BWV_846-869/No.16_in_G_minor,_BWV_861:_Fugue/score_MS_refined.mid",bach_bwv861_fugue__PianoCoRe_022670,real,bach_bwv861_fugue,bach_bwv861,Aria_533804_12,720,0.9612817089452603,1.1595934758289959,50.0,746
bach_bwv861_fugue,PianoCoRe_022671,Aria_566959_0,Aria-MIDI,Aria-AMT,"Bach,_Johann_Sebastian/The_Well-Tempered_Clavier,_Book_I,_BWV_846-869/No.16_in_G_minor,_BWV_861:_Fugue/score_MS_refined.mid",bach_bwv861_fugue__PianoCoRe_022671,real,bach_bwv861_fugue,bach_bwv861,Aria_566959_0,742,0.9906542056074766,0.9949788937331453,70.0,746
bach_bwv861_fugue,PianoCoRe_022672,Aria_571174_0,Aria-MIDI,Aria-AMT,"Bach,_Johann_Sebastian/The_Well-Tempered_Clavier,_Book_I,_BWV_846-869/No.16_in_G_minor,_BWV_861:_Fugue/score_MS_refined.mid",bach_bwv861_fugue__PianoCoRe_022672,real,bach_bwv861_fugue,bach_bwv861,Aria_571174_0,737,0.9839786381842457,0.8047443527597242,55.0,746
bach_bwv861_fugue,PianoCoRe_022675,Aria_600052_0,Aria-MIDI,Aria-AMT,"Bach,_Johann_Sebastian/The_Well-Tempered_Clavier,_Book_I,_BWV_846-869/No.16_in_G_minor,_BWV_861:_Fugue/score_MS_refined.mid",bach_bwv861_fugue__PianoCoRe_022675,real,bach_bwv861_fugue,bach_bwv861,Aria_600052_0,736,0.9826435246995995,0.9313249592987047,70.0,746
bach_bwv861_fugue,PianoCoRe_022676,Aria_606740_0,Aria-MIDI,Aria-AMT,"Bach,_Johann_Sebastian/The_Well-Tempered_Clavier,_Book_I,_BWV_846-869/No.16_in_G_minor,_BWV_861:_Fugue/score_MS_refined.mid",bach_bwv861_fugue__PianoCoRe_022676,real,bach_bwv861_fugue,bach_bwv861,Aria_606740_0,702,0.9372496662216289,0.8778334974921402,65.0,746
bach_bwv861_fugue,PianoCoRe_022678,Aria_624454_0,Aria-MIDI,Aria-AMT,"Bach,_Johann_Sebastian/The_Well-Tempered_Clavier,_Book_I,_BWV_846-869/No.16_in_G_minor,_BWV_861:_Fugue/score_MS_refined.mid",bach_bwv861_fugue__PianoCoRe_022678,real,bach_bwv861_fugue,bach_bwv861,Aria_624454_0,652,0.8704939919893191,1.2009322166461855,60.0,746
bach_bwv861_fugue,PianoCoRe_022679,Aria_638365_1,Aria-MIDI,Aria-AMT,"Bach,_Johann_Sebastian/The_Well-Tempered_Clavier,_Book_I,_BWV_846-869/No.16_in_G_minor,_BWV_861:_Fugue/score_MS_refined.mid",bach_bwv861_fugue__PianoCoRe_022679,real,bach_bwv861_fugue,bach_bwv861,Aria_638365_1,737,0.9839786381842457,0.9451140935362994,70.0,746
bach_bwv861_fugue,PianoCoRe_022680,Aria_669650_0,Aria-MIDI,Aria-AMT,"Bach,_Johann_Sebastian/The_Well-Tempered_Clavier,_Book_I,_BWV_846-869/No.16_in_G_minor,_BWV_861:_Fugue/score_MS_refined.mid",bach_bwv861_fugue__PianoCoRe_022680,real,bach_bwv861_fugue,bach_bwv861,Aria_669650_0,742,0.9906542056074766,0.8478461923375272,70.0,746
bach_bwv861_fugue,PianoCoRe_022681,Aria_673286_1,Aria-MIDI,Aria-AMT,"Bach,_Johann_Sebastian/The_Well-Tempered_Clavier,_Book_I,_BWV_846-869/No.16_in_G_minor,_BWV_861:_Fugue/score_MS_refined.mid",bach_bwv861_fugue__PianoCoRe_022681,real,bach_bwv861_fugue,bach_bwv861,Aria_673286_1,705,0.9412550066755674,0.6902084584536312,70.0,746
bach_bwv861_fugue,PianoCoRe_022683,Aria_739696_1,Aria-MIDI,Aria-AMT,"Bach,_Johann_Sebastian/The_Well-Tempered_Clavier,_Book_I,_BWV_846-869/No.16_in_G_minor,_BWV_861:_Fugue/score_MS_refined.mid",bach_bwv861_fugue__PianoCoRe_022683,real,bach_bwv861_fugue,bach_bwv861,Aria_739696_1,608,0.8117489986648865,0.7262581235704427,65.0,746
bach_bwv861_fugue,PianoCoRe_022685,Aria_796338_0,Aria-MIDI,Aria-AMT,"Bach,_Johann_Sebastian/The_Well-Tempered_Clavier,_Book_I,_BWV_846-869/No.16_in_G_minor,_BWV_861:_Fugue/score_MS_refined.mid",bach_bwv861_fugue__PianoCoRe_022685,real,bach_bwv861_fugue,bach_bwv861,Aria_796338_0,734,0.9799732977303071,1.2088980517341341,58.0,746
bach_bwv861_fugue,PianoCoRe_022686,Aria_823523_0,Aria-MIDI,Aria-AMT,"Bach,_Johann_Sebastian/The_Well-Tempered_Clavier,_Book_I,_BWV_846-869/No.16_in_G_minor,_BWV_861:_Fugue/score_MS_refined.mid",bach_bwv861_fugue__PianoCoRe_022686,real,bach_bwv861_fugue,bach_bwv861,Aria_823523_0,724,0.9666221628838452,0.6341233253980829,70.0,746
bach_bwv861_prelude,PianoCoRe_022690,ATEPP_02576,ATEPP,ATEPP,"Bach,_Johann_Sebastian/The_Well-Tempered_Clavier,_Book_I,_BWV_846-869/No.16_in_G_minor,_BWV_861:_Prelude/score_MS_refined.mid",bach_bwv861_prelude__PianoCoRe_022690,real,bach_bwv861_prelude,bach_bwv861,ATEPP_02576,725,0.9028642590286425,1.533691228045197,60.0,803
bach_bwv861_prelude,PianoCoRe_022691,ATEPP_02577,ATEPP,ATEPP,"Bach,_Johann_Sebastian/The_Well-Tempered_Clavier,_Book_I,_BWV_846-869/No.16_in_G_minor,_BWV_861:_Prelude/score_MS_refined.mid",bach_bwv861_prelude__PianoCoRe_022691,real,bach_bwv861_prelude,bach_bwv861,ATEPP_02577,665,0.8281444582814446,1.8508619090848357,69.0,803
bach_bwv861_prelude,PianoCoRe_022692,ATEPP_02578,ATEPP,ATEPP,"Bach,_Johann_Sebastian/The_Well-Tempered_Clavier,_Book_I,_BWV_846-869/No.16_in_G_minor,_BWV_861:_Prelude/score_MS_refined.mid",bach_bwv861_prelude__PianoCoRe_022692,real,bach_bwv861_prelude,bach_bwv861,ATEPP_02578,738,0.9190535491905355,1.5676346279089666,45.0,803
bach_bwv861_prelude,PianoCoRe_022693,ATEPP_02579,ATEPP,ATEPP,"Bach,_Johann_Sebastian/The_Well-Tempered_Clavier,_Book_I,_BWV_846-869/No.16_in_G_minor,_BWV_861:_Prelude/score_MS_refined.mid",bach_bwv861_prelude__PianoCoRe_022693,real,bach_bwv861_prelude,bach_bwv861,ATEPP_02579,744,0.9265255292652553,1.581876877140207,64.0,803
bach_bwv861_prelude,PianoCoRe_022694,ATEPP_02580,ATEPP,ATEPP,"Bach,_Johann_Sebastian/The_Well-Tempered_Clavier,_Book_I,_BWV_846-869/No.16_in_G_minor,_BWV_861:_Prelude/score_MS_refined.mid",bach_bwv861_prelude__PianoCoRe_022694,real,bach_bwv861_prelude,bach_bwv861,ATEPP_02580,752,0.9364881693648817,1.5915429837960215,64.0,803
bach_bwv861_prelude,PianoCoRe_022695,Aria_005867_0,Aria-MIDI,Aria-AMT,"Bach,_Johann_Sebastian/The_Well-Tempered_Clavier,_Book_I,_BWV_846-869/No.16_in_G_minor,_BWV_861:_Prelude/score_MS_refined.mid",bach_bwv861_prelude__PianoCoRe_022695,real,bach_bwv861_prelude,bach_bwv861,Aria_005867_0,784,0.9763387297633873,2.353667253886984,40.0,803
bach_bwv861_prelude,PianoCoRe_022696,Aria_015512_0,Aria-MIDI,Aria-AMT,"Bach,_Johann_Sebastian/The_Well-Tempered_Clavier,_Book_I,_BWV_846-869/No.16_in_G_minor,_BWV_861:_Prelude/score_MS_refined.mid",bach_bwv861_prelude__PianoCoRe_022696,real,bach_bwv861_prelude,bach_bwv861,Aria_015512_0,783,0.975093399750934,1.7146441105616708,50.0,803
bach_bwv861_prelude,PianoCoRe_022697,Aria_066213_0,Aria-MIDI,Aria-AMT,"Bach,_Johann_Sebastian/The_Well-Tempered_Clavier,_Book_I,_BWV_846-869/No.16_in_G_minor,_BWV_861:_Prelude/score_MS_refined.mid",bach_bwv861_prelude__PianoCoRe_022697,real,bach_bwv861_prelude,bach_bwv861,Aria_066213_0,743,0.925280199252802,1.4503898098765429,60.0,803
bach_bwv861_prelude,PianoCoRe_022700,Aria_146362_0,Aria-MIDI,Aria-AMT,"Bach,_Johann_Sebastian/The_Well-Tempered_Clavier,_Book_I,_BWV_846-869/No.16_in_G_minor,_BWV_861:_Prelude/score_MS_refined.mid",bach_bwv861_prelude__PianoCoRe_022700,real,bach_bwv861_prelude,bach_bwv861,Aria_146362_0,789,0.9825653798256538,1.5683838929938523,60.0,803
bach_bwv861_prelude,PianoCoRe_022701,Aria_170414_0,Aria-MIDI,Aria-AMT,"Bach,_Johann_Sebastian/The_Well-Tempered_Clavier,_Book_I,_BWV_846-869/No.16_in_G_minor,_BWV_861:_Prelude/score_MS_refined.mid",bach_bwv861_prelude__PianoCoRe_022701,real,bach_bwv861_prelude,bach_bwv861,Aria_170414_0,686,0.8542963885429639,1.094265848013157,75.0,803
bach_bwv861_prelude,PianoCoRe_022702,Aria_224372_0,Aria-MIDI,Aria-AMT,"Bach,_Johann_Sebastian/The_Well-Tempered_Clavier,_Book_I,_BWV_846-869/No.16_in_G_minor,_BWV_861:_Prelude/score_MS_refined.mid",bach_bwv861_prelude__PianoCoRe_022702,real,bach_bwv861_prelude,bach_bwv861,Aria_224372_0,703,0.8754669987546699,1.59383440814532,55.0,803
bach_bwv861_prelude,PianoCoRe_022703,Aria_267013_0,Aria-MIDI,Aria-AMT,"Bach,_Johann_Sebastian/The_Well-Tempered_Clavier,_Book_I,_BWV_846-869/No.16_in_G_minor,_BWV_861:_Prelude/score_MS_refined.mid",bach_bwv861_prelude__PianoCoRe_022703,real,bach_bwv861_prelude,bach_bwv861,Aria_267013_0,696,0.8667496886674969,1.2172477958960284,60.0,803
bach_bwv861_prelude,PianoCoRe_022704,Aria_272800_0,Aria-MIDI,Aria-AMT,"Bach,_Johann_Sebastian/The_Well-Tempered_Clavier,_Book_I,_BWV_846-869/No.16_in_G_minor,_BWV_861:_Prelude/score_MS_refined.mid",bach_bwv861_prelude__PianoCoRe_022704,real,bach_bwv861_prelude,bach_bwv861,Aria_272800_0,708,0.8816936488169365,0.9882099814499701,60.0,803
bach_bwv861_prelude,PianoCoRe_022705,Aria_277928_0,Aria-MIDI,Aria-AMT,"Bach,_Johann_Sebastian/The_Well-Tempered_Clavier,_Book_I,_BWV_846-869/No.16_in_G_minor,_BWV_861:_Prelude/score_MS_refined.mid",bach_bwv861_prelude__PianoCoRe_022705,real,bach_bwv861_prelude,bach_bwv861,Aria_277928_0,775,0.9651307596513076,1.5401862958153225,60.0,803
bach_bwv861_prelude,PianoCoRe_022706,Aria_299906_0,Aria-MIDI,Aria-AMT,"Bach,_Johann_Sebastian/The_Well-Tempered_Clavier,_Book_I,_BWV_846-869/No.16_in_G_minor,_BWV_861:_Prelude/score_MS_refined.mid",bach_bwv861_prelude__PianoCoRe_022706,real,bach_bwv861_prelude,bach_bwv861,Aria_299906_0,740,0.9215442092154421,1.5593645732016523,55.0,803
bach_bwv861_prelude,PianoCoRe_022708,Aria_343525_0,Aria-MIDI,Aria-AMT,"Bach,_Johann_Sebastian/The_Well-Tempered_Clavier,_Book_I,_BWV_846-869/No.16_in_G_minor,_BWV_861:_Prelude/score_MS_refined.mid",bach_bwv861_prelude__PianoCoRe_022708,real,bach_bwv861_prelude,bach_bwv861,Aria_343525_0,725,0.9028642590286425,1.4057370593732499,55.0,803
bach_bwv861_prelude,PianoCoRe_022709,Aria_344060_17,Aria-MIDI,Aria-AMT,"Bach,_Johann_Sebastian/The_Well-Tempered_Clavier,_Book_I,_BWV_846-869/No.16_in_G_minor,_BWV_861:_Prelude/score_MS_refined.mid",bach_bwv861_prelude__PianoCoRe_022709,real,bach_bwv861_prelude,bach_bwv861,Aria_344060_17,704,0.8767123287671232,1.6099451239486495,55.0,803
bach_bwv861_prelude,PianoCoRe_022710,Aria_348613_0,Aria-MIDI,Aria-AMT,"Bach,_Johann_Sebastian/The_Well-Tempered_Clavier,_Book_I,_BWV_846-869/No.16_in_G_minor,_BWV_861:_Prelude/score_MS_refined.mid",bach_bwv861_prelude__PianoCoRe_022710,real,bach_bwv861_prelude,bach_bwv861,Aria_348613_0,735,0.9153175591531756,2.3022723895299344,65.0,803
bach_bwv861_prelude,PianoCoRe_022711,Aria_355232_0,Aria-MIDI,Aria-AMT,"Bach,_Johann_Sebastian/The_Well-Tempered_Clavier,_Book_I,_BWV_846-869/No.16_in_G_minor,_BWV_861:_Prelude/score_MS_refined.mid",bach_bwv861_prelude__PianoCoRe_022711,real,bach_bwv861_prelude,bach_bwv861,Aria_355232_0,737,0.9178082191780822,1.4567957193751149,65.0,803
bach_bwv861_prelude,PianoCoRe_022712,Aria_366163_0,Aria-MIDI,Aria-AMT,"Bach,_Johann_Sebastian/The_Well-Tempered_Clavier,_Book_I,_BWV_846-869/No.16_in_G_minor,_BWV_861:_Prelude/score_MS_refined.mid",bach_bwv861_prelude__PianoCoRe_022712,real,bach_bwv861_prelude,bach_bwv861,Aria_366163_0,784,0.9763387297633873,1.7055111096472098,55.0,803
bach_bwv861_prelude,PianoCoRe_022713,Aria_379841_0,Aria-MIDI,Aria-AMT,"Bach,_Johann_Sebastian/The_Well-Tempered_Clavier,_Book_I,_BWV_846-869/No.16_in_G_minor,_BWV_861:_Prelude/score_MS_refined.mid",bach_bwv861_prelude__PianoCoRe_022713,real,bach_bwv861_prelude,bach_bwv861,Aria_379841_0,653,0.813200498132005,1.362032821682705,45.0,803
bach_bwv861_prelude,PianoCoRe_022715,Aria_410107_0,Aria-MIDI,Aria-AMT,"Bach,_Johann_Sebastian/The_Well-Tempered_Clavier,_Book_I,_BWV_846-869/No.16_in_G_minor,_BWV_861:_Prelude/score_MS_refined.mid",bach_bwv861_prelude__PianoCoRe_022715,real,bach_bwv861_prelude,bach_bwv861,Aria_410107_0,772,0.9613947696139477,1.8170681966329356,60.0,803
bach_bwv861_prelude,PianoCoRe_022717,Aria_453854_0,Aria-MIDI,Aria-AMT,"Bach,_Johann_Sebastian/The_Well-Tempered_Clavier,_Book_I,_BWV_846-869/No.16_in_G_minor,_BWV_861:_Prelude/score_MS_refined.mid",bach_bwv861_prelude__PianoCoRe_022717,real,bach_bwv861_prelude,bach_bwv861,Aria_453854_0,701,0.8729763387297634,1.3777332495515284,45.0,803
bach_bwv861_prelude,PianoCoRe_022718,Aria_467750_0,Aria-MIDI,Aria-AMT,"Bach,_Johann_Sebastian/The_Well-Tempered_Clavier,_Book_I,_BWV_846-869/No.16_in_G_minor,_BWV_861:_Prelude/score_MS_refined.mid",bach_bwv861_prelude__PianoCoRe_022718,real,bach_bwv861_prelude,bach_bwv861,Aria_467750_0,754,0.9389788293897883,1.9078944684652892,65.0,803
bach_bwv861_prelude,PianoCoRe_022719,Aria_475767_0,Aria-MIDI,Aria-AMT,"Bach,_Johann_Sebastian/The_Well-Tempered_Clavier,_Book_I,_BWV_846-869/No.16_in_G_minor,_BWV_861:_Prelude/score_MS_refined.mid",bach_bwv861_prelude__PianoCoRe_022719,real,bach_bwv861_prelude,bach_bwv861,Aria_475767_0,772,0.9613947696139477,1.4351426403621594,50.0,803
bach_bwv861_prelude,PianoCoRe_022720,Aria_545036_0,Aria-MIDI,Aria-AMT,"Bach,_Johann_Sebastian/The_Well-Tempered_Clavier,_Book_I,_BWV_846-869/No.16_in_G_minor,_BWV_861:_Prelude/score_MS_refined.mid",bach_bwv861_prelude__PianoCoRe_022720,real,bach_bwv861_prelude,bach_bwv861,Aria_545036_0,782,0.9738480697384807,1.665323585949302,60.0,803
bach_bwv861_prelude,PianoCoRe_022721,Aria_582671_0,Aria-MIDI,Aria-AMT,"Bach,_Johann_Sebastian/The_Well-Tempered_Clavier,_Book_I,_BWV_846-869/No.16_in_G_minor,_BWV_861:_Prelude/score_MS_refined.mid",bach_bwv861_prelude__PianoCoRe_022721,real,bach_bwv861_prelude,bach_bwv861,Aria_582671_0,746,0.9290161892901619,1.5591902740549144,60.0,803
bach_bwv861_prelude,PianoCoRe_022722,Aria_595248_18,Aria-MIDI,Aria-AMT,"Bach,_Johann_Sebastian/The_Well-Tempered_Clavier,_Book_I,_BWV_846-869/No.16_in_G_minor,_BWV_861:_Prelude/score_MS_refined.mid",bach_bwv861_prelude__PianoCoRe_022722,real,bach_bwv861_prelude,bach_bwv861,Aria_595248_18,750,0.933997509339975,1.6039492735498946,55.0,803
bach_bwv861_prelude,PianoCoRe_022723,Aria_599558_0,Aria-MIDI,Aria-AMT,"Bach,_Johann_Sebastian/The_Well-Tempered_Clavier,_Book_I,_BWV_846-869/No.16_in_G_minor,_BWV_861:_Prelude/score_MS_refined.mid",bach_bwv861_prelude__PianoCoRe_022723,real,bach_bwv861_prelude,bach_bwv861,Aria_599558_0,704,0.8767123287671232,1.4826534503985171,55.0,803
bach_bwv861_prelude,PianoCoRe_022726,Aria_638365_0,Aria-MIDI,Aria-AMT,"Bach,_Johann_Sebastian/The_Well-Tempered_Clavier,_Book_I,_BWV_846-869/No.16_in_G_minor,_BWV_861:_Prelude/score_MS_refined.mid",bach_bwv861_prelude__PianoCoRe_022726,real,bach_bwv861_prelude,bach_bwv861,Aria_638365_0,659,0.8206724782067247,1.8485476535837857,70.0,803
bach_bwv861_prelude,PianoCoRe_022728,Aria_673286_0,Aria-MIDI,Aria-AMT,"Bach,_Johann_Sebastian/The_Well-Tempered_Clavier,_Book_I,_BWV_846-869/No.16_in_G_minor,_BWV_861:_Prelude/score_MS_refined.mid",bach_bwv861_prelude__PianoCoRe_022728,real,bach_bwv861_prelude,bach_bwv861,Aria_673286_0,711,0.8854296388542964,1.4877419613477527,60.0,803
bach_bwv861_prelude,PianoCoRe_022730,Aria_685941_0,Aria-MIDI,Aria-AMT,"Bach,_Johann_Sebastian/The_Well-Tempered_Clavier,_Book_I,_BWV_846-869/No.16_in_G_minor,_BWV_861:_Prelude/score_MS_refined.mid",bach_bwv861_prelude__PianoCoRe_022730,real,bach_bwv861_prelude,bach_bwv861,Aria_685941_0,743,0.925280199252802,1.9047806568125674,70.0,803
bach_bwv861_prelude,PianoCoRe_022731,Aria_739696_0,Aria-MIDI,Aria-AMT,"Bach,_Johann_Sebastian/The_Well-Tempered_Clavier,_Book_I,_BWV_846-869/No.16_in_G_minor,_BWV_861:_Prelude/score_MS_refined.mid",bach_bwv861_prelude__PianoCoRe_022731,real,bach_bwv861_prelude,bach_bwv861,Aria_739696_0,675,0.8405977584059776,1.6457781694953153,55.0,803
bach_bwv861_prelude,PianoCoRe_022732,Aria_757028_9,Aria-MIDI,Aria-AMT,"Bach,_Johann_Sebastian/The_Well-Tempered_Clavier,_Book_I,_BWV_846-869/No.16_in_G_minor,_BWV_861:_Prelude/score_MS_refined.mid",bach_bwv861_prelude__PianoCoRe_022732,real,bach_bwv861_prelude,bach_bwv861,Aria_757028_9,736,0.9165628891656289,1.64149456974033,30.0,803
bach_bwv861_prelude,PianoCoRe_022733,Aria_758241_0,Aria-MIDI,Aria-AMT,"Bach,_Johann_Sebastian/The_Well-Tempered_Clavier,_Book_I,_BWV_846-869/No.16_in_G_minor,_BWV_861:_Prelude/score_MS_refined.mid",bach_bwv861_prelude__PianoCoRe_022733,real,bach_bwv861_prelude,bach_bwv861,Aria_758241_0,736,0.9165628891656289,1.5112148410299484,55.0,803
bach_bwv861_prelude,PianoCoRe_022735,Aria_787814_0,Aria-MIDI,Aria-AMT,"Bach,_Johann_Sebastian/The_Well-Tempered_Clavier,_Book_I,_BWV_846-869/No.16_in_G_minor,_BWV_861:_Prelude/score_MS_refined.mid",bach_bwv861_prelude__PianoCoRe_022735,real,bach_bwv861_prelude,bach_bwv861,Aria_787814_0,748,0.9315068493150684,1.349550436844364,50.0,803
bach_bwv861_prelude,PianoCoRe_022736,Aria_808777_0,Aria-MIDI,Aria-AMT,"Bach,_Johann_Sebastian/The_Well-Tempered_Clavier,_Book_I,_BWV_846-869/No.16_in_G_minor,_BWV_861:_Prelude/score_MS_refined.mid",bach_bwv861_prelude__PianoCoRe_022736,real,bach_bwv861_prelude,bach_bwv861,Aria_808777_0,648,0.8069738480697385,2.1384008645312584,65.0,803
bach_bwv861_prelude,PianoCoRe_022737,Aria_823263_0,Aria-MIDI,Aria-AMT,"Bach,_Johann_Sebastian/The_Well-Tempered_Clavier,_Book_I,_BWV_846-869/No.16_in_G_minor,_BWV_861:_Prelude/score_MS_refined.mid",bach_bwv861_prelude__PianoCoRe_022737,real,bach_bwv861_prelude,bach_bwv861,Aria_823263_0,751,0.9352428393524284,1.440703799321841,55.0,803
bach_bwv861_prelude,PianoCoRe_022739,Aria_826443_0,Aria-MIDI,Aria-AMT,"Bach,_Johann_Sebastian/The_Well-Tempered_Clavier,_Book_I,_BWV_846-869/No.16_in_G_minor,_BWV_861:_Prelude/score_MS_refined.mid",bach_bwv861_prelude__PianoCoRe_022739,real,bach_bwv861_prelude,bach_bwv861,Aria_826443_0,755,0.9402241594022416,1.3680900411126158,35.0,803
bach_bwv861_prelude,PianoCoRe_022740,Aria_850593_0,Aria-MIDI,Aria-AMT,"Bach,_Johann_Sebastian/The_Well-Tempered_Clavier,_Book_I,_BWV_846-869/No.16_in_G_minor,_BWV_861:_Prelude/score_MS_refined.mid",bach_bwv861_prelude__PianoCoRe_022740,real,bach_bwv861_prelude,bach_bwv861,Aria_850593_0,728,0.9066002490660025,1.3841670548545109,55.0,803
bach_bwv861_prelude,PianoCoRe_022741,Aria_859872_0,Aria-MIDI,Aria-AMT,"Bach,_Johann_Sebastian/The_Well-Tempered_Clavier,_Book_I,_BWV_846-869/No.16_in_G_minor,_BWV_861:_Prelude/score_MS_refined.mid",bach_bwv861_prelude__PianoCoRe_022741,real,bach_bwv861_prelude,bach_bwv861,Aria_859872_0,694,0.8642590286425903,3.3385653349482083,70.0,803
bach_bwv861_prelude,PianoCoRe_022743,Aria_899487_0,Aria-MIDI,Aria-AMT,"Bach,_Johann_Sebastian/The_Well-Tempered_Clavier,_Book_I,_BWV_846-869/No.16_in_G_minor,_BWV_861:_Prelude/score_MS_refined.mid",bach_bwv861_prelude__PianoCoRe_022743,real,bach_bwv861_prelude,bach_bwv861,Aria_899487_0,725,0.9028642590286425,1.5180654249715422,60.0,803
bach_bwv861_prelude,PianoCoRe_022744,Aria_932638_6,Aria-MIDI,Aria-AMT,"Bach,_Johann_Sebastian/The_Well-Tempered_Clavier,_Book_I,_BWV_846-869/No.16_in_G_minor,_BWV_861:_Prelude/score_MS_refined.mid",bach_bwv861_prelude__PianoCoRe_022744,real,bach_bwv861_prelude,bach_bwv861,Aria_932638_6,722,0.8991282689912827,1.5921147238891948,50.0,803
bach_bwv861_prelude,PianoCoRe_022745,PERiScoPe_48776851,PERiScoPe,Transkun V2,"Bach,_Johann_Sebastian/The_Well-Tempered_Clavier,_Book_I,_BWV_846-869/No.16_in_G_minor,_BWV_861:_Prelude/score_MS_refined.mid",bach_bwv861_prelude__PianoCoRe_022745,real,bach_bwv861_prelude,bach_bwv861,PERiScoPe_48776851,755,0.9402241594022416,1.8465098392328876,56.0,803
bach_bwv861_prelude,PianoCoRe_022746,PERiScoPe_770193762,PERiScoPe,Transkun V2,"Bach,_Johann_Sebastian/The_Well-Tempered_Clavier,_Book_I,_BWV_846-869/No.16_in_G_minor,_BWV_861:_Prelude/score_MS_refined.mid",bach_bwv861_prelude__PianoCoRe_022746,real,bach_bwv861_prelude,bach_bwv861,PERiScoPe_770193762,705,0.8779576587795765,1.4783512938483458,44.0,803
bach_bwv882_prelude,PianoCoRe_025930,ATEPP_02871,ATEPP,ATEPP,"Bach,_Johann_Sebastian/The_Well-Tempered_Clavier,_Book_II,_BWV_870-893/No.13_in_F_sharp_major,_BWV_882:_Prelude/score_MS_refined.mid",bach_bwv882_prelude__PianoCoRe_025930,real,bach_bwv882_prelude,bach_bwv882,ATEPP_02871,1324,0.9118457300275482,0.7226229140352657,71.0,1449
bach_bwv882_prelude,PianoCoRe_025931,ATEPP_02873,ATEPP,ATEPP,"Bach,_Johann_Sebastian/The_Well-Tempered_Clavier,_Book_II,_BWV_870-893/No.13_in_F_sharp_major,_BWV_882:_Prelude/score_MS_refined.mid",bach_bwv882_prelude__PianoCoRe_025931,real,bach_bwv882_prelude,bach_bwv882,ATEPP_02873,1352,0.931129476584022,0.7883359595573488,75.0,1449
bach_bwv882_prelude,PianoCoRe_025932,Aria_035785_0,Aria-MIDI,Aria-AMT,"Bach,_Johann_Sebastian/The_Well-Tempered_Clavier,_Book_II,_BWV_870-893/No.13_in_F_sharp_major,_BWV_882:_Prelude/score_MS_refined.mid",bach_bwv882_prelude__PianoCoRe_025932,real,bach_bwv882_prelude,bach_bwv882,Aria_035785_0,1361,0.9373278236914601,0.9008999355441742,80.0,1449
bach_bwv882_prelude,PianoCoRe_025933,Aria_078668_0,Aria-MIDI,Aria-AMT,"Bach,_Johann_Sebastian/The_Well-Tempered_Clavier,_Book_II,_BWV_870-893/No.13_in_F_sharp_major,_BWV_882:_Prelude/score_MS_refined.mid",bach_bwv882_prelude__PianoCoRe_025933,real,bach_bwv882_prelude,bach_bwv882,Aria_078668_0,1366,0.940771349862259,0.8965078068129405,65.0,1449
bach_bwv882_prelude,PianoCoRe_025935,Aria_096779_0,Aria-MIDI,Aria-AMT,"Bach,_Johann_Sebastian/The_Well-Tempered_Clavier,_Book_II,_BWV_870-893/No.13_in_F_sharp_major,_BWV_882:_Prelude/score_MS_refined.mid",bach_bwv882_prelude__PianoCoRe_025935,real,bach_bwv882_prelude,bach_bwv882,Aria_096779_0,1370,0.9435261707988981,1.0266794540296509,60.0,1449
bach_bwv882_prelude,PianoCoRe_025936,Aria_103430_0,Aria-MIDI,Aria-AMT,"Bach,_Johann_Sebastian/The_Well-Tempered_Clavier,_Book_II,_BWV_870-893/No.13_in_F_sharp_major,_BWV_882:_Prelude/score_MS_refined.mid",bach_bwv882_prelude__PianoCoRe_025936,real,bach_bwv882_prelude,bach_bwv882,Aria_103430_0,1390,0.9573002754820936,1.7002389797416018,40.0,1449
bach_bwv882_prelude,PianoCoRe_025937,Aria_112995_0,Aria-MIDI,Aria-AMT,"Bach,_Johann_Sebastian/The_Well-Tempered_Clavier,_Book_II,_BWV_870-893/No.13_in_F_sharp_major,_BWV_882:_Prelude/score_MS_refined.mid",bach_bwv882_prelude__PianoCoRe_025937,real,bach_bwv882_prelude,bach_bwv882,Aria_112995_0,1362,0.9380165289256198,0.8612955462704202,80.0,1449
bach_bwv882_prelude,PianoCoRe_025938,Aria_179302_0,Aria-MIDI,Aria-AMT,"Bach,_Johann_Sebastian/The_Well-Tempered_Clavier,_Book_II,_BWV_870-893/No.13_in_F_sharp_major,_BWV_882:_Prelude/score_MS_refined.mid",bach_bwv882_prelude__PianoCoRe_025938,real,bach_bwv882_prelude,bach_bwv882,Aria_179302_0,1371,0.9442148760330579,0.8280153377376749,55.0,1449
bach_bwv882_prelude,PianoCoRe_025939,Aria_196425_0,Aria-MIDI,Aria-AMT,"Bach,_Johann_Sebastian/The_Well-Tempered_Clavier,_Book_II,_BWV_870-893/No.13_in_F_sharp_major,_BWV_882:_Prelude/score_MS_refined.mid",bach_bwv882_prelude__PianoCoRe_025939,real,bach_bwv882_prelude,bach_bwv882,Aria_196425_0,1352,0.931129476584022,0.7208345184552051,80.0,1449
bach_bwv882_prelude,PianoCoRe_025940,Aria_247548_0,Aria-MIDI,Aria-AMT,"Bach,_Johann_Sebastian/The_Well-Tempered_Clavier,_Book_II,_BWV_870-893/No.13_in_F_sharp_major,_BWV_882:_Prelude/score_MS_refined.mid",bach_bwv882_prelude__PianoCoRe_025940,real,bach_bwv882_prelude,bach_bwv882,Aria_247548_0,1334,0.918732782369146,1.1661058968683478,55.0,1449
bach_bwv882_prelude,PianoCoRe_025941,Aria_249190_0,Aria-MIDI,Aria-AMT,"Bach,_Johann_Sebastian/The_Well-Tempered_Clavier,_Book_II,_BWV_870-893/No.13_in_F_sharp_major,_BWV_882:_Prelude/score_MS_refined.mid",bach_bwv882_prelude__PianoCoRe_025941,real,bach_bwv882_prelude,bach_bwv882,Aria_249190_0,1314,0.9049586776859504,1.0511527771422509,70.0,1449
bach_bwv882_prelude,PianoCoRe_025942,Aria_455481_0,Aria-MIDI,Aria-AMT,"Bach,_Johann_Sebastian/The_Well-Tempered_Clavier,_Book_II,_BWV_870-893/No.13_in_F_sharp_major,_BWV_882:_Prelude/score_MS_refined.mid",bach_bwv882_prelude__PianoCoRe_025942,real,bach_bwv882_prelude,bach_bwv882,Aria_455481_0,1356,0.9338842975206612,0.9389399111960794,65.0,1449
bach_bwv882_prelude,PianoCoRe_025943,Aria_499412_0,Aria-MIDI,Aria-AMT,"Bach,_Johann_Sebastian/The_Well-Tempered_Clavier,_Book_II,_BWV_870-893/No.13_in_F_sharp_major,_BWV_882:_Prelude/score_MS_refined.mid",bach_bwv882_prelude__PianoCoRe_025943,real,bach_bwv882_prelude,bach_bwv882,Aria_499412_0,1399,0.9634986225895317,1.2139593190355042,50.0,1449
bach_bwv882_prelude,PianoCoRe_025944,Aria_580051_0,Aria-MIDI,Aria-AMT,"Bach,_Johann_Sebastian/The_Well-Tempered_Clavier,_Book_II,_BWV_870-893/No.13_in_F_sharp_major,_BWV_882:_Prelude/score_MS_refined.mid",bach_bwv882_prelude__PianoCoRe_025944,real,bach_bwv882_prelude,bach_bwv882,Aria_580051_0,1429,0.9841597796143251,1.5479072404892527,60.0,1449
bach_bwv882_prelude,PianoCoRe_025945,Aria_594384_0,Aria-MIDI,Aria-AMT,"Bach,_Johann_Sebastian/The_Well-Tempered_Clavier,_Book_II,_BWV_870-893/No.13_in_F_sharp_major,_BWV_882:_Prelude/score_MS_refined.mid",bach_bwv882_prelude__PianoCoRe_025945,real,bach_bwv882_prelude,bach_bwv882,Aria_594384_0,1340,0.9228650137741047,0.8183564263310734,60.0,1449
bach_bwv882_prelude,PianoCoRe_025946,Aria_622982_0,Aria-MIDI,Aria-AMT,"Bach,_Johann_Sebastian/The_Well-Tempered_Clavier,_Book_II,_BWV_870-893/No.13_in_F_sharp_major,_BWV_882:_Prelude/score_MS_refined.mid",bach_bwv882_prelude__PianoCoRe_025946,real,bach_bwv882_prelude,bach_bwv882,Aria_622982_0,1380,0.9504132231404959,0.968010871942151,65.0,1449
bach_bwv882_prelude,PianoCoRe_025947,Aria_695857_0,Aria-MIDI,Aria-AMT,"Bach,_Johann_Sebastian/The_Well-Tempered_Clavier,_Book_II,_BWV_870-893/No.13_in_F_sharp_major,_BWV_882:_Prelude/score_MS_refined.mid",bach_bwv882_prelude__PianoCoRe_025947,real,bach_bwv882_prelude,bach_bwv882,Aria_695857_0,1370,0.9435261707988981,1.0847719328556409,75.0,1449
bach_bwv882_prelude,PianoCoRe_025948,Aria_879007_0,Aria-MIDI,Aria-AMT,"Bach,_Johann_Sebastian/The_Well-Tempered_Clavier,_Book_II,_BWV_870-893/No.13_in_F_sharp_major,_BWV_882:_Prelude/score_MS_refined.mid",bach_bwv882_prelude__PianoCoRe_025948,real,bach_bwv882_prelude,bach_bwv882,Aria_879007_0,1358,0.9352617079889807,0.7421775630717758,60.0,1449
bach_bwv882_prelude,PianoCoRe_025949,Aria_915153_0,Aria-MIDI,Aria-AMT,"Bach,_Johann_Sebastian/The_Well-Tempered_Clavier,_Book_II,_BWV_870-893/No.13_in_F_sharp_major,_BWV_882:_Prelude/score_MS_refined.mid",bach_bwv882_prelude__PianoCoRe_025949,real,bach_bwv882_prelude,bach_bwv882,Aria_915153_0,1398,0.9628099173553719,0.8655095561184458,60.0,1449
bach_bwv882_prelude,PianoCoRe_025950,PERiScoPe_106707096,PERiScoPe,Transkun V2,"Bach,_Johann_Sebastian/The_Well-Tempered_Clavier,_Book_II,_BWV_870-893/No.13_in_F_sharp_major,_BWV_882:_Prelude/score_MS_refined.mid",bach_bwv882_prelude__PianoCoRe_025950,real,bach_bwv882_prelude,bach_bwv882,PERiScoPe_106707096,1312,0.9035812672176309,0.5644231459150597,71.0,1449
bach_bwv882_prelude,PianoCoRe_025951,PERiScoPe_770194182,PERiScoPe,Transkun V2,"Bach,_Johann_Sebastian/The_Well-Tempered_Clavier,_Book_II,_BWV_870-893/No.13_in_F_sharp_major,_BWV_882:_Prelude/score_MS_refined.mid",bach_bwv882_prelude__PianoCoRe_025951,real,bach_bwv882_prelude,bach_bwv882,PERiScoPe_770194182,1358,0.9352617079889807,1.1209636062225368,48.0,1449
bach_bwv910,PianoCoRe_004437,Aria_114705_0,Aria-MIDI,Aria-AMT,"Bach,_Johann_Sebastian/7_Toccatas,_BWV_910-916/Toccata_in_F_sharp_minor,_BWV_910/score_MS_refined.mid",bach_bwv910__PianoCoRe_004437,real,bach_bwv910,bach_bwv910,Aria_114705_0,2961,0.9838593110093953,0.7847329554711957,60.0,3002
bach_bwv910,PianoCoRe_004438,Aria_124240_0,Aria-MIDI,Aria-AMT,"Bach,_Johann_Sebastian/7_Toccatas,_BWV_910-916/Toccata_in_F_sharp_minor,_BWV_910/score_MS_refined.mid",bach_bwv910__PianoCoRe_004438,real,bach_bwv910,bach_bwv910,Aria_124240_0,2945,0.979041194892797,0.8034180138311774,60.0,3002
bach_bwv910,PianoCoRe_004439,Aria_131954_0,Aria-MIDI,Aria-AMT,"Bach,_Johann_Sebastian/7_Toccatas,_BWV_910-916/Toccata_in_F_sharp_minor,_BWV_910/score_MS_refined.mid",bach_bwv910__PianoCoRe_004439,real,bach_bwv910,bach_bwv910,Aria_131954_0,2957,0.9845820284268851,0.759135024093417,60.0,3002
bach_bwv910,PianoCoRe_004440,Aria_144561_0,Aria-MIDI,Aria-AMT,"Bach,_Johann_Sebastian/7_Toccatas,_BWV_910-916/Toccata_in_F_sharp_minor,_BWV_910/score_MS_refined.mid",bach_bwv910__PianoCoRe_004440,real,bach_bwv910,bach_bwv910,Aria_144561_0,2941,0.978800289086967,0.6992971425213784,65.0,3002
bach_bwv910,PianoCoRe_004441,Aria_150409_0,Aria-MIDI,Aria-AMT,"Bach,_Johann_Sebastian/7_Toccatas,_BWV_910-916/Toccata_in_F_sharp_minor,_BWV_910/score_MS_refined.mid",bach_bwv910__PianoCoRe_004441,real,bach_bwv910,bach_bwv910,Aria_150409_0,2934,0.9742230787761985,0.6555147904618214,65.0,3002
bach_bwv910,PianoCoRe_004442,Aria_153421_0,Aria-MIDI,Aria-AMT,"Bach,_Johann_Sebastian/7_Toccatas,_BWV_910-916/Toccata_in_F_sharp_minor,_BWV_910/score_MS_refined.mid",bach_bwv910__PianoCoRe_004442,real,bach_bwv910,bach_bwv910,Aria_153421_0,2919,0.9691640568537702,0.8724441231550224,65.0,3002
bach_bwv910,PianoCoRe_004443,Aria_208450_0,Aria-MIDI,Aria-AMT,"Bach,_Johann_Sebastian/7_Toccatas,_BWV_910-916/Toccata_in_F_sharp_minor,_BWV_910/score_MS_refined.mid",bach_bwv910__PianoCoRe_004443,real,bach_bwv910,bach_bwv910,Aria_208450_0,2964,0.9862683690676946,0.7042798908569797,68.0,3002
bach_bwv910,PianoCoRe_004444,Aria_210773_0,Aria-MIDI,Aria-AMT,"Bach,_Johann_Sebastian/7_Toccatas,_BWV_910-916/Toccata_in_F_sharp_minor,_BWV_910/score_MS_refined.mid",bach_bwv910__PianoCoRe_004444,real,bach_bwv910,bach_bwv910,Aria_210773_0,2960,0.9831365935919055,0.7745482353159382,65.0,3002
bach_bwv910,PianoCoRe_004445,Aria_225201_0,Aria-MIDI,Aria-AMT,"Bach,_Johann_Sebastian/7_Toccatas,_BWV_910-916/Toccata_in_F_sharp_minor,_BWV_910/score_MS_refined.mid",bach_bwv910__PianoCoRe_004445,real,bach_bwv910,bach_bwv910,Aria_225201_0,2957,0.9853047458443749,0.8050538757241562,70.0,3002
bach_bwv910,PianoCoRe_004446,Aria_256978_0,Aria-MIDI,Aria-AMT,"Bach,_Johann_Sebastian/7_Toccatas,_BWV_910-916/Toccata_in_F_sharp_minor,_BWV_910/score_MS_refined.mid",bach_bwv910__PianoCoRe_004446,real,bach_bwv910,bach_bwv910,Aria_256978_0,2528,0.8740062635509516,0.9426249151551349,70.0,3002
bach_bwv910,PianoCoRe_004447,Aria_460543_0,Aria-MIDI,Aria-AMT,"Bach,_Johann_Sebastian/7_Toccatas,_BWV_910-916/Toccata_in_F_sharp_minor,_BWV_910/score_MS_refined.mid",bach_bwv910__PianoCoRe_004447,real,bach_bwv910,bach_bwv910,Aria_460543_0,2961,0.9836184052035654,0.7014588633505424,75.0,3002
bach_bwv910,PianoCoRe_004448,Aria_542448_0,Aria-MIDI,Aria-AMT,"Bach,_Johann_Sebastian/7_Toccatas,_BWV_910-916/Toccata_in_F_sharp_minor,_BWV_910/score_MS_refined.mid",bach_bwv910__PianoCoRe_004448,real,bach_bwv910,bach_bwv910,Aria_542448_0,2976,0.9908455793784631,0.769927687951003,75.0,3002
bach_bwv910,PianoCoRe_004449,Aria_631476_0,Aria-MIDI,Aria-AMT,"Bach,_Johann_Sebastian/7_Toccatas,_BWV_910-916/Toccata_in_F_sharp_minor,_BWV_910/score_MS_refined.mid",bach_bwv910__PianoCoRe_004449,real,bach_bwv910,bach_bwv910,Aria_631476_0,2953,0.981691158756926,0.688016305776763,55.0,3002
bach_bwv910,PianoCoRe_004450,Aria_687183_0,Aria-MIDI,Aria-AMT,"Bach,_Johann_Sebastian/7_Toccatas,_BWV_910-916/Toccata_in_F_sharp_minor,_BWV_910/score_MS_refined.mid",bach_bwv910__PianoCoRe_004450,real,bach_bwv910,bach_bwv910,Aria_687183_0,2959,0.9853047458443749,0.7630826967827619,75.0,3002
bach_bwv910,PianoCoRe_004451,Aria_718916_0,Aria-MIDI,Aria-AMT,"Bach,_Johann_Sebastian/7_Toccatas,_BWV_910-916/Toccata_in_F_sharp_minor,_BWV_910/score_MS_refined.mid",bach_bwv910__PianoCoRe_004451,real,bach_bwv910,bach_bwv910,Aria_718916_0,2960,0.984822934232715,0.7118249894260357,70.0,3002
bach_bwv910,PianoCoRe_004452,Aria_724777_0,Aria-MIDI,Aria-AMT,"Bach,_Johann_Sebastian/7_Toccatas,_BWV_910-916/Toccata_in_F_sharp_minor,_BWV_910/score_MS_refined.mid",bach_bwv910__PianoCoRe_004452,real,bach_bwv910,bach_bwv910,Aria_724777_0,2973,0.9886774271259937,0.6928539708349775,75.0,3002
bach_bwv910,PianoCoRe_004453,Aria_782109_0,Aria-MIDI,Aria-AMT,"Bach,_Johann_Sebastian/7_Toccatas,_BWV_910-916/Toccata_in_F_sharp_minor,_BWV_910/score_MS_refined.mid",bach_bwv910__PianoCoRe_004453,real,bach_bwv910,bach_bwv910,Aria_782109_0,2950,0.9836184052035654,0.6924908593594072,75.0,3002
bach_bwv910,PianoCoRe_004454,Aria_792976_0,Aria-MIDI,Aria-AMT,"Bach,_Johann_Sebastian/7_Toccatas,_BWV_910-916/Toccata_in_F_sharp_minor,_BWV_910/score_MS_refined.mid",bach_bwv910__PianoCoRe_004454,real,bach_bwv910,bach_bwv910,Aria_792976_0,2483,0.8679836184052035,0.9166976866395057,70.0,3002
bach_bwv910,PianoCoRe_004455,Aria_800723_0,Aria-MIDI,Aria-AMT,"Bach,_Johann_Sebastian/7_Toccatas,_BWV_910-916/Toccata_in_F_sharp_minor,_BWV_910/score_MS_refined.mid",bach_bwv910__PianoCoRe_004455,real,bach_bwv910,bach_bwv910,Aria_800723_0,2533,0.8809925319200193,0.9406013287765171,70.0,3002
bach_bwv910,PianoCoRe_004456,Aria_843788_0,Aria-MIDI,Aria-AMT,"Bach,_Johann_Sebastian/7_Toccatas,_BWV_910-916/Toccata_in_F_sharp_minor,_BWV_910/score_MS_refined.mid",bach_bwv910__PianoCoRe_004456,real,bach_bwv910,bach_bwv910,Aria_843788_0,2941,0.9780775716694773,0.6950514172449361,65.0,3002
bach_bwv910,PianoCoRe_004457,Aria_860927_0,Aria-MIDI,Aria-AMT,"Bach,_Johann_Sebastian/7_Toccatas,_BWV_910-916/Toccata_in_F_sharp_minor,_BWV_910/score_MS_refined.mid",bach_bwv910__PianoCoRe_004457,real,bach_bwv910,bach_bwv910,Aria_860927_0,2876,0.957359672368104,0.6742618656623638,70.0,3002
bach_bwv910,PianoCoRe_004458,Aria_880137_0,Aria-MIDI,Aria-AMT,"Bach,_Johann_Sebastian/7_Toccatas,_BWV_910-916/Toccata_in_F_sharp_minor,_BWV_910/score_MS_refined.mid",bach_bwv910__PianoCoRe_004458,real,bach_bwv910,bach_bwv910,Aria_880137_0,2966,0.9855456516502048,0.7381639412599944,65.0,3002
bach_bwv910,PianoCoRe_004459,Aria_923029_0,Aria-MIDI,Aria-AMT,"Bach,_Johann_Sebastian/7_Toccatas,_BWV_910-916/Toccata_in_F_sharp_minor,_BWV_910/score_MS_refined.mid",bach_bwv910__PianoCoRe_004459,real,bach_bwv910,bach_bwv910,Aria_923029_0,2949,0.9795230065044568,0.6572338438520636,65.0,3002
bach_bwv912,PianoCoRe_004193,ATEPP_10603,ATEPP,ATEPP,"Bach,_Johann_Sebastian/7_Toccatas,_BWV_910-916/Toccata_in_D_major,_BWV_912/score_MS_refined.mid",bach_bwv912__PianoCoRe_004193,real,bach_bwv912,bach_bwv912,ATEPP_10603,2879,0.9642479373810028,0.9163459385156506,72.0,3000
bach_bwv912,PianoCoRe_004194,ATEPP_10604,ATEPP,ATEPP,"Bach,_Johann_Sebastian/7_Toccatas,_BWV_910-916/Toccata_in_D_major,_BWV_912/score_MS_refined.mid",bach_bwv912__PianoCoRe_004194,real,bach_bwv912,bach_bwv912,ATEPP_10604,2911,0.9701713560397716,1.183616849610009,69.0,3000
bach_bwv912,PianoCoRe_004195,ATEPP_10605,ATEPP,ATEPP,"Bach,_Johann_Sebastian/7_Toccatas,_BWV_910-916/Toccata_in_D_major,_BWV_912/score_MS_refined.mid",bach_bwv912__PianoCoRe_004195,real,bach_bwv912,bach_bwv912,ATEPP_10605,2895,0.9665749947112333,1.1822054093936958,70.0,3000
bach_bwv912,PianoCoRe_004196,ATEPP_10606,ATEPP,ATEPP,"Bach,_Johann_Sebastian/7_Toccatas,_BWV_910-916/Toccata_in_D_major,_BWV_912/score_MS_refined.mid",bach_bwv912__PianoCoRe_004196,real,bach_bwv912,bach_bwv912,ATEPP_10606,2862,0.9549397080600804,0.9260868433511534,65.0,3000
bach_bwv912,PianoCoRe_004198,Aria_026356_0,Aria-MIDI,Aria-AMT,"Bach,_Johann_Sebastian/7_Toccatas,_BWV_910-916/Toccata_in_D_major,_BWV_912/score_MS_refined.mid",bach_bwv912__PianoCoRe_004198,real,bach_bwv912,bach_bwv912,Aria_026356_0,2964,0.9809604400253861,1.015270407105619,70.0,3000
bach_bwv912,PianoCoRe_004200,Aria_039326_0,Aria-MIDI,Aria-AMT,"Bach,_Johann_Sebastian/7_Toccatas,_BWV_910-916/Toccata_in_D_major,_BWV_912/score_MS_refined.mid",bach_bwv912__PianoCoRe_004200,real,bach_bwv912,bach_bwv912,Aria_039326_0,2947,0.9760947746985403,0.7536048289491757,65.0,3000
bach_bwv912,PianoCoRe_004201,Aria_046903_0,Aria-MIDI,Aria-AMT,"Bach,_Johann_Sebastian/7_Toccatas,_BWV_910-916/Toccata_in_D_major,_BWV_912/score_MS_refined.mid",bach_bwv912__PianoCoRe_004201,real,bach_bwv912,bach_bwv912,Aria_046903_0,2942,0.9697482547070023,1.019416123580785,75.0,3000
bach_bwv912,PianoCoRe_004202,Aria_131060_0,Aria-MIDI,Aria-AMT,"Bach,_Johann_Sebastian/7_Toccatas,_BWV_910-916/Toccata_in_D_major,_BWV_912/score_MS_refined.mid",bach_bwv912__PianoCoRe_004202,real,bach_bwv912,bach_bwv912,Aria_131060_0,2910,0.9634017347154643,1.0559435625434437,75.0,3000
bach_bwv912,PianoCoRe_004203,Aria_135150_0,Aria-MIDI,Aria-AMT,"Bach,_Johann_Sebastian/7_Toccatas,_BWV_910-916/Toccata_in_D_major,_BWV_912/score_MS_refined.mid",bach_bwv912__PianoCoRe_004203,real,bach_bwv912,bach_bwv912,Aria_135150_0,2927,0.9746139200338481,0.9688388864991123,70.0,3000
bach_bwv912,PianoCoRe_004204,Aria_144343_0,Aria-MIDI,Aria-AMT,"Bach,_Johann_Sebastian/7_Toccatas,_BWV_910-916/Toccata_in_D_major,_BWV_912/score_MS_refined.mid",bach_bwv912__PianoCoRe_004204,real,bach_bwv912,bach_bwv912,Aria_144343_0,2912,0.9623439813835414,0.9600885969436369,60.0,3000
bach_bwv912,PianoCoRe_004205,Aria_155347_0,Aria-MIDI,Aria-AMT,"Bach,_Johann_Sebastian/7_Toccatas,_BWV_910-916/Toccata_in_D_major,_BWV_912/score_MS_refined.mid",bach_bwv912__PianoCoRe_004205,real,bach_bwv912,bach_bwv912,Aria_155347_0,2947,0.9777871800296171,0.9201067219393526,70.0,3000
bach_bwv912,PianoCoRe_004207,Aria_178073_0,Aria-MIDI,Aria-AMT,"Bach,_Johann_Sebastian/7_Toccatas,_BWV_910-916/Toccata_in_D_major,_BWV_912/score_MS_refined.mid",bach_bwv912__PianoCoRe_004207,real,bach_bwv912,bach_bwv912,Aria_178073_0,2941,0.9809604400253861,1.012895994398549,75.0,3000
bach_bwv912,PianoCoRe_004209,Aria_223431_0,Aria-MIDI,Aria-AMT,"Bach,_Johann_Sebastian/7_Toccatas,_BWV_910-916/Toccata_in_D_major,_BWV_912/score_MS_refined.mid",bach_bwv912__PianoCoRe_004209,real,bach_bwv912,bach_bwv912,Aria_223431_0,2940,0.9708060080389254,0.9380446357365606,65.0,3000
bach_bwv912,PianoCoRe_004210,Aria_260962_0,Aria-MIDI,Aria-AMT,"Bach,_Johann_Sebastian/7_Toccatas,_BWV_910-916/Toccata_in_D_major,_BWV_912/score_MS_refined.mid",bach_bwv912__PianoCoRe_004210,real,bach_bwv912,bach_bwv912,Aria_260962_0,2943,0.9771525280304633,0.9080491675372507,70.0,3000
bach_bwv912,PianoCoRe_004211,Aria_274949_0,Aria-MIDI,Aria-AMT,"Bach,_Johann_Sebastian/7_Toccatas,_BWV_910-916/Toccata_in_D_major,_BWV_912/score_MS_refined.mid",bach_bwv912__PianoCoRe_004211,real,bach_bwv912,bach_bwv912,Aria_274949_0,2933,0.9680558493759255,0.9378778334981962,60.0,3000
bach_bwv912,PianoCoRe_004212,Aria_338398_0,Aria-MIDI,Aria-AMT,"Bach,_Johann_Sebastian/7_Toccatas,_BWV_910-916/Toccata_in_D_major,_BWV_912/score_MS_refined.mid",bach_bwv912__PianoCoRe_004212,real,bach_bwv912,bach_bwv912,Aria_338398_0,2954,0.9777871800296171,1.0393076792651388,70.0,3000
bach_bwv912,PianoCoRe_004213,Aria_361495_0,Aria-MIDI,Aria-AMT,"Bach,_Johann_Sebastian/7_Toccatas,_BWV_910-916/Toccata_in_D_major,_BWV_912/score_MS_refined.mid",bach_bwv912__PianoCoRe_004213,real,bach_bwv912,bach_bwv912,Aria_361495_0,2927,0.9699598053733869,0.9309832805081054,65.0,3000
bach_bwv912,PianoCoRe_004214,Aria_366505_0,Aria-MIDI,Aria-AMT,"Bach,_Johann_Sebastian/7_Toccatas,_BWV_910-916/Toccata_in_D_major,_BWV_912/score_MS_refined.mid",bach_bwv912__PianoCoRe_004214,real,bach_bwv912,bach_bwv912,Aria_366505_0,2872,0.9411889147450815,0.9024542278893615,70.0,3000
bach_bwv912,PianoCoRe_004215,Aria_410531_0,Aria-MIDI,Aria-AMT,"Bach,_Johann_Sebastian/7_Toccatas,_BWV_910-916/Toccata_in_D_major,_BWV_912/score_MS_refined.mid",bach_bwv912__PianoCoRe_004215,real,bach_bwv912,bach_bwv912,Aria_410531_0,2939,0.9653056907129257,1.0391658131888597,65.0,3000
bach_bwv912,PianoCoRe_004217,Aria_427290_0,Aria-MIDI,Aria-AMT,"Bach,_Johann_Sebastian/7_Toccatas,_BWV_910-916/Toccata_in_D_major,_BWV_912/score_MS_refined.mid",bach_bwv912__PianoCoRe_004217,real,bach_bwv912,bach_bwv912,Aria_427290_0,2943,0.9801142373598477,0.9969117703154332,75.0,3000
bach_bwv912,PianoCoRe_004218,Aria_443836_0,Aria-MIDI,Aria-AMT,"Bach,_Johann_Sebastian/7_Toccatas,_BWV_910-916/Toccata_in_D_major,_BWV_912/score_MS_refined.mid",bach_bwv912__PianoCoRe_004218,real,bach_bwv912,bach_bwv912,Aria_443836_0,2931,0.9665749947112333,0.9265983061712327,60.0,3000
bach_bwv912,PianoCoRe_004220,Aria_459726_0,Aria-MIDI,Aria-AMT,"Bach,_Johann_Sebastian/7_Toccatas,_BWV_910-916/Toccata_in_D_major,_BWV_912/score_MS_refined.mid",bach_bwv912__PianoCoRe_004220,real,bach_bwv912,bach_bwv912,Aria_459726_0,2966,0.983075946689232,0.9234646167226958,65.0,3000
bach_bwv912,PianoCoRe_004221,Aria_485720_0,Aria-MIDI,Aria-AMT,"Bach,_Johann_Sebastian/7_Toccatas,_BWV_910-916/Toccata_in_D_major,_BWV_912/score_MS_refined.mid",bach_bwv912__PianoCoRe_004221,real,bach_bwv912,bach_bwv912,Aria_485720_0,2902,0.9699598053733869,1.014599588259159,65.0,3000
bach_bwv912,PianoCoRe_004222,Aria_513298_0,Aria-MIDI,Aria-AMT,"Bach,_Johann_Sebastian/7_Toccatas,_BWV_910-916/Toccata_in_D_major,_BWV_912/score_MS_refined.mid",bach_bwv912__PianoCoRe_004222,real,bach_bwv912,bach_bwv912,Aria_513298_0,2948,0.9854030040194627,1.1115259908257211,70.0,3000
bach_bwv912,PianoCoRe_004224,Aria_521760_0,Aria-MIDI,Aria-AMT,"Bach,_Johann_Sebastian/7_Toccatas,_BWV_910-916/Toccata_in_D_major,_BWV_912/score_MS_refined.mid",bach_bwv912__PianoCoRe_004224,real,bach_bwv912,bach_bwv912,Aria_521760_0,2961,0.9875185106833086,1.0191894394229444,65.0,3000
bach_bwv912,PianoCoRe_004225,Aria_538770_0,Aria-MIDI,Aria-AMT,"Bach,_Johann_Sebastian/7_Toccatas,_BWV_910-916/Toccata_in_D_major,_BWV_912/score_MS_refined.mid",bach_bwv912__PianoCoRe_004225,real,bach_bwv912,bach_bwv912,Aria_538770_0,2892,0.9589591707213878,1.0491187435103333,65.0,3000
bach_bwv912,PianoCoRe_004226,Aria_548381_0,Aria-MIDI,Aria-AMT,"Bach,_Johann_Sebastian/7_Toccatas,_BWV_910-916/Toccata_in_D_major,_BWV_912/score_MS_refined.mid",bach_bwv912__PianoCoRe_004226,real,bach_bwv912,bach_bwv912,Aria_548381_0,2907,0.9678442987095409,0.9633751091392273,60.0,3000
bach_bwv912,PianoCoRe_004227,Aria_566240_0,Aria-MIDI,Aria-AMT,"Bach,_Johann_Sebastian/7_Toccatas,_BWV_910-916/Toccata_in_D_major,_BWV_912/score_MS_refined.mid",bach_bwv912__PianoCoRe_004227,real,bach_bwv912,bach_bwv912,Aria_566240_0,2894,0.9640363867146181,1.136502573300756,60.0,3000
bach_bwv912,PianoCoRe_004228,Aria_580760_0,Aria-MIDI,Aria-AMT,"Bach,_Johann_Sebastian/7_Toccatas,_BWV_910-916/Toccata_in_D_major,_BWV_912/score_MS_refined.mid",bach_bwv912__PianoCoRe_004228,real,bach_bwv912,bach_bwv912,Aria_580760_0,2938,0.9811719906917706,1.1167067029301094,75.0,3000
bach_bwv912,PianoCoRe_004229,Aria_584809_0,Aria-MIDI,Aria-AMT,"Bach,_Johann_Sebastian/7_Toccatas,_BWV_910-916/Toccata_in_D_major,_BWV_912/score_MS_refined.mid",bach_bwv912__PianoCoRe_004229,real,bach_bwv912,bach_bwv912,Aria_584809_0,2951,0.9782102813623863,0.9275970758735381,70.0,3000
bach_bwv912,PianoCoRe_004230,Aria_592079_0,Aria-MIDI,Aria-AMT,"Bach,_Johann_Sebastian/7_Toccatas,_BWV_910-916/Toccata_in_D_major,_BWV_912/score_MS_refined.mid",bach_bwv912__PianoCoRe_004230,real,bach_bwv912,bach_bwv912,Aria_592079_0,2898,0.9598053733869262,0.8749991820892322,65.0,3000
bach_bwv912,PianoCoRe_004231,Aria_623185_0,Aria-MIDI,Aria-AMT,"Bach,_Johann_Sebastian/7_Toccatas,_BWV_910-916/Toccata_in_D_major,_BWV_912/score_MS_refined.mid",bach_bwv912__PianoCoRe_004231,real,bach_bwv912,bach_bwv912,Aria_623185_0,2955,0.979902686693463,1.0823781684733838,70.0,3000
bach_bwv912,PianoCoRe_004233,Aria_664690_0,Aria-MIDI,Aria-AMT,"Bach,_Johann_Sebastian/7_Toccatas,_BWV_910-916/Toccata_in_D_major,_BWV_912/score_MS_refined.mid",bach_bwv912__PianoCoRe_004233,real,bach_bwv912,bach_bwv912,Aria_664690_0,2888,0.9648825893801566,1.1399031581173298,65.0,3000
bach_bwv912,PianoCoRe_004234,Aria_670344_0,Aria-MIDI,Aria-AMT,"Bach,_Johann_Sebastian/7_Toccatas,_BWV_910-916/Toccata_in_D_major,_BWV_912/score_MS_refined.mid",bach_bwv912__PianoCoRe_004234,real,bach_bwv912,bach_bwv912,Aria_670344_0,2944,0.9820181933573091,0.9169580913035522,70.0,3000
bach_bwv912,PianoCoRe_004235,Aria_688869_0,Aria-MIDI,Aria-AMT,"Bach,_Johann_Sebastian/7_Toccatas,_BWV_910-916/Toccata_in_D_major,_BWV_912/score_MS_refined.mid",bach_bwv912__PianoCoRe_004235,real,bach_bwv912,bach_bwv912,Aria_688869_0,2922,0.9731330653691559,0.8812414243013901,75.0,3000
bach_bwv912,PianoCoRe_004236,Aria_708461_0,Aria-MIDI,Aria-AMT,"Bach,_Johann_Sebastian/7_Toccatas,_BWV_910-916/Toccata_in_D_major,_BWV_912/score_MS_refined.mid",bach_bwv912__PianoCoRe_004236,real,bach_bwv912,bach_bwv912,Aria_708461_0,2954,0.9716522107044637,0.9216943657034756,60.0,3000
bach_bwv912,PianoCoRe_004237,Aria_749862_0,Aria-MIDI,Aria-AMT,"Bach,_Johann_Sebastian/7_Toccatas,_BWV_910-916/Toccata_in_D_major,_BWV_912/score_MS_refined.mid",bach_bwv912__PianoCoRe_004237,real,bach_bwv912,bach_bwv912,Aria_749862_0,2953,0.9820181933573091,1.0516510886569692,70.0,3000
bach_bwv912,PianoCoRe_004238,Aria_770752_0,Aria-MIDI,Aria-AMT,"Bach,_Johann_Sebastian/7_Toccatas,_BWV_910-916/Toccata_in_D_major,_BWV_912/score_MS_refined.mid",bach_bwv912__PianoCoRe_004238,real,bach_bwv912,bach_bwv912,Aria_770752_0,2948,0.9752485720330019,0.9635468245336746,70.0,3000
bach_bwv912,PianoCoRe_004239,Aria_799620_0,Aria-MIDI,Aria-AMT,"Bach,_Johann_Sebastian/7_Toccatas,_BWV_910-916/Toccata_in_D_major,_BWV_912/score_MS_refined.mid",bach_bwv912__PianoCoRe_004239,real,bach_bwv912,bach_bwv912,Aria_799620_0,2928,0.9794795853606939,1.2478604185096538,70.0,3000
bach_bwv912,PianoCoRe_004240,Aria_809137_1,Aria-MIDI,Aria-AMT,"Bach,_Johann_Sebastian/7_Toccatas,_BWV_910-916/Toccata_in_D_major,_BWV_912/score_MS_refined.mid",bach_bwv912__PianoCoRe_004240,real,bach_bwv912,bach_bwv912,Aria_809137_1,2912,0.9663634440448488,0.8318232485307739,70.0,3000
bach_bwv912,PianoCoRe_004241,Aria_819288_0,Aria-MIDI,Aria-AMT,"Bach,_Johann_Sebastian/7_Toccatas,_BWV_910-916/Toccata_in_D_major,_BWV_912/score_MS_refined.mid",bach_bwv912__PianoCoRe_004241,real,bach_bwv912,bach_bwv912,Aria_819288_0,2915,0.9699598053733869,0.9830312116793346,65.0,3000
bach_bwv912,PianoCoRe_004243,Aria_835831_0,Aria-MIDI,Aria-AMT,"Bach,_Johann_Sebastian/7_Toccatas,_BWV_910-916/Toccata_in_D_major,_BWV_912/score_MS_refined.mid",bach_bwv912__PianoCoRe_004243,real,bach_bwv912,bach_bwv912,Aria_835831_0,2946,0.9686905013750793,0.8946511915481872,65.0,3000
bach_bwv912,PianoCoRe_004244,Aria_842787_0,Aria-MIDI,Aria-AMT,"Bach,_Johann_Sebastian/7_Toccatas,_BWV_910-916/Toccata_in_D_major,_BWV_912/score_MS_refined.mid",bach_bwv912__PianoCoRe_004244,real,bach_bwv912,bach_bwv912,Aria_842787_0,2942,0.9756716733657711,0.9114611389864073,55.0,3000
bach_bwv912,PianoCoRe_004245,Aria_845453_0,Aria-MIDI,Aria-AMT,"Bach,_Johann_Sebastian/7_Toccatas,_BWV_910-916/Toccata_in_D_major,_BWV_912/score_MS_refined.mid",bach_bwv912__PianoCoRe_004245,real,bach_bwv912,bach_bwv912,Aria_845453_0,2953,0.9771525280304633,1.0135470543050478,75.0,3000
bach_bwv912,PianoCoRe_004246,Aria_889604_0,Aria-MIDI,Aria-AMT,"Bach,_Johann_Sebastian/7_Toccatas,_BWV_910-916/Toccata_in_D_major,_BWV_912/score_MS_refined.mid",bach_bwv912__PianoCoRe_004246,real,bach_bwv912,bach_bwv912,Aria_889604_0,2949,0.8550877935265496,0.9753753636231765,60.0,3000
bach_bwv912,PianoCoRe_004247,Aria_906798_0,Aria-MIDI,Aria-AMT,"Bach,_Johann_Sebastian/7_Toccatas,_BWV_910-916/Toccata_in_D_major,_BWV_912/score_MS_refined.mid",bach_bwv912__PianoCoRe_004247,real,bach_bwv912,bach_bwv912,Aria_906798_0,2958,0.9824412946900782,0.935839793302302,60.0,3000
bach_bwv912,PianoCoRe_004248,PERiScoPe_6290537,PERiScoPe,Transkun V2,"Bach,_Johann_Sebastian/7_Toccatas,_BWV_910-916/Toccata_in_D_major,_BWV_912/score_MS_refined.mid",bach_bwv912__PianoCoRe_004248,real,bach_bwv912,bach_bwv912,PERiScoPe_6290537,2969,0.9866723080177703,1.0561169737941418,69.0,3000
bach_bwv912,PianoCoRe_004249,PERiScoPe_1380113582,PERiScoPe,Transkun V2,"Bach,_Johann_Sebastian/7_Toccatas,_BWV_910-916/Toccata_in_D_major,_BWV_912/score_MS_refined.mid",bach_bwv912__PianoCoRe_004249,real,bach_bwv912,bach_bwv912,PERiScoPe_1380113582,2941,0.9775756293632325,0.9686576005768219,68.0,3000
bach_bwv913,PianoCoRe_004250,ATEPP_10581,ATEPP,ATEPP,"Bach,_Johann_Sebastian/7_Toccatas,_BWV_910-916/Toccata_in_D_minor,_BWV_913/score_MS_refined.mid",bach_bwv913__PianoCoRe_004250,real,bach_bwv913,bach_bwv913,ATEPP_10581,2954,0.9837194740137758,0.7490512308055387,71.0,3000
bach_bwv913,PianoCoRe_004251,ATEPP_10582,ATEPP,ATEPP,"Bach,_Johann_Sebastian/7_Toccatas,_BWV_910-916/Toccata_in_D_minor,_BWV_913/score_MS_refined.mid",bach_bwv913__PianoCoRe_004251,real,bach_bwv913,bach_bwv913,ATEPP_10582,2933,0.9791275307868921,0.7316000702657667,75.0,3000
bach_bwv913,PianoCoRe_004252,ATEPP_10583,ATEPP,ATEPP,"Bach,_Johann_Sebastian/7_Toccatas,_BWV_910-916/Toccata_in_D_minor,_BWV_913/score_MS_refined.mid",bach_bwv913__PianoCoRe_004252,real,bach_bwv913,bach_bwv913,ATEPP_10583,2710,0.8864537674806929,0.9624887158592867,74.0,3000
bach_bwv913,PianoCoRe_004253,ATEPP_10584,ATEPP,ATEPP,"Bach,_Johann_Sebastian/7_Toccatas,_BWV_910-916/Toccata_in_D_minor,_BWV_913/score_MS_refined.mid",bach_bwv913__PianoCoRe_004253,real,bach_bwv913,bach_bwv913,ATEPP_10584,2938,0.978918806094761,0.9736579454830189,73.0,3000
bach_bwv913,PianoCoRe_004254,Aria_136361_0,Aria-MIDI,Aria-AMT,"Bach,_Johann_Sebastian/7_Toccatas,_BWV_910-916/Toccata_in_D_minor,_BWV_913/score_MS_refined.mid",bach_bwv913__PianoCoRe_004254,real,bach_bwv913,bach_bwv913,Aria_136361_0,2917,0.9728657900229597,0.8045376222272477,60.0,3000
bach_bwv913,PianoCoRe_004255,Aria_145216_0,Aria-MIDI,Aria-AMT,"Bach,_Johann_Sebastian/7_Toccatas,_BWV_910-916/Toccata_in_D_minor,_BWV_913/score_MS_refined.mid",bach_bwv913__PianoCoRe_004255,real,bach_bwv913,bach_bwv913,Aria_145216_0,2951,0.9797537048632853,0.6342867753140374,65.0,3000
bach_bwv913,PianoCoRe_004256,Aria_145713_0,Aria-MIDI,Aria-AMT,"Bach,_Johann_Sebastian/7_Toccatas,_BWV_910-916/Toccata_in_D_minor,_BWV_913/score_MS_refined.mid",bach_bwv913__PianoCoRe_004256,real,bach_bwv913,bach_bwv913,Aria_145713_0,2958,0.9847630974744312,0.8862615798665975,75.0,3000
bach_bwv913,PianoCoRe_004257,Aria_171424_0,Aria-MIDI,Aria-AMT,"Bach,_Johann_Sebastian/7_Toccatas,_BWV_910-916/Toccata_in_D_minor,_BWV_913/score_MS_refined.mid",bach_bwv913__PianoCoRe_004257,real,bach_bwv913,bach_bwv913,Aria_171424_0,2964,0.9872677937800042,0.7902634458967117,70.0,3000
bach_bwv913,PianoCoRe_004258,Aria_234803_0,Aria-MIDI,Aria-AMT,"Bach,_Johann_Sebastian/7_Toccatas,_BWV_910-916/Toccata_in_D_minor,_BWV_913/score_MS_refined.mid",bach_bwv913__PianoCoRe_004258,real,bach_bwv913,bach_bwv913,Aria_234803_0,2958,0.9860154456272177,0.665240427573696,65.0,3000
bach_bwv913,PianoCoRe_004259,Aria_236234_0,Aria-MIDI,Aria-AMT,"Bach,_Johann_Sebastian/7_Toccatas,_BWV_910-916/Toccata_in_D_minor,_BWV_913/score_MS_refined.mid",bach_bwv913__PianoCoRe_004259,real,bach_bwv913,bach_bwv913,Aria_236234_0,2943,0.9797537048632853,0.6531231181111316,75.0,3000
bach_bwv913,PianoCoRe_004261,Aria_323789_0,Aria-MIDI,Aria-AMT,"Bach,_Johann_Sebastian/7_Toccatas,_BWV_910-916/Toccata_in_D_minor,_BWV_913/score_MS_refined.mid",bach_bwv913__PianoCoRe_004261,real,bach_bwv913,bach_bwv913,Aria_323789_0,2962,0.9874765184721352,0.9314067602239633,75.0,3000
bach_bwv913,PianoCoRe_004264,Aria_454488_0,Aria-MIDI,Aria-AMT,"Bach,_Johann_Sebastian/7_Toccatas,_BWV_910-916/Toccata_in_D_minor,_BWV_913/score_MS_refined.mid",bach_bwv913__PianoCoRe_004264,real,bach_bwv913,bach_bwv913,Aria_454488_0,2974,0.9918597370068879,0.8263895162851468,75.0,3000
bach_bwv913,PianoCoRe_004265,Aria_454936_0,Aria-MIDI,Aria-AMT,"Bach,_Johann_Sebastian/7_Toccatas,_BWV_910-916/Toccata_in_D_minor,_BWV_913/score_MS_refined.mid",bach_bwv913__PianoCoRe_004265,real,bach_bwv913,bach_bwv913,Aria_454936_0,2927,0.9730745147150908,0.8177911896739444,75.0,3000
bach_bwv913,PianoCoRe_004266,Aria_509780_0,Aria-MIDI,Aria-AMT,"Bach,_Johann_Sebastian/7_Toccatas,_BWV_910-916/Toccata_in_D_minor,_BWV_913/score_MS_refined.mid",bach_bwv913__PianoCoRe_004266,real,bach_bwv913,bach_bwv913,Aria_509780_0,2965,0.9814235024003339,0.7314380305787688,75.0,3000
bach_bwv913,PianoCoRe_004267,Aria_540694_0,Aria-MIDI,Aria-AMT,"Bach,_Johann_Sebastian/7_Toccatas,_BWV_910-916/Toccata_in_D_minor,_BWV_913/score_MS_refined.mid",bach_bwv913__PianoCoRe_004267,real,bach_bwv913,bach_bwv913,Aria_540694_0,2938,0.9770402838655813,0.6496087185277384,65.0,3000
bach_bwv913,PianoCoRe_004268,Aria_542314_0,Aria-MIDI,Aria-AMT,"Bach,_Johann_Sebastian/7_Toccatas,_BWV_910-916/Toccata_in_D_minor,_BWV_913/score_MS_refined.mid",bach_bwv913__PianoCoRe_004268,real,bach_bwv913,bach_bwv913,Aria_542314_0,2956,0.986641619703611,0.7893739073865793,80.0,3000
bach_bwv913,PianoCoRe_004269,Aria_557705_0,Aria-MIDI,Aria-AMT,"Bach,_Johann_Sebastian/7_Toccatas,_BWV_910-916/Toccata_in_D_minor,_BWV_913/score_MS_refined.mid",bach_bwv913__PianoCoRe_004269,real,bach_bwv913,bach_bwv913,Aria_557705_0,2932,0.9764141097891881,0.7127304171291674,65.0,3000
bach_bwv913,PianoCoRe_004271,Aria_744597_0,Aria-MIDI,Aria-AMT,"Bach,_Johann_Sebastian/7_Toccatas,_BWV_910-916/Toccata_in_D_minor,_BWV_913/score_MS_refined.mid",bach_bwv913__PianoCoRe_004271,real,bach_bwv913,bach_bwv913,Aria_744597_0,2958,0.986850344395742,0.7332984315043516,70.0,3000
bach_bwv913,PianoCoRe_004272,Aria_809320_0,Aria-MIDI,Aria-AMT,"Bach,_Johann_Sebastian/7_Toccatas,_BWV_910-916/Toccata_in_D_minor,_BWV_913/score_MS_refined.mid",bach_bwv913__PianoCoRe_004272,real,bach_bwv913,bach_bwv913,Aria_809320_0,2933,0.9720308912544354,0.6698638414476311,75.0,3000
bach_bwv913,PianoCoRe_004274,Aria_908560_0,Aria-MIDI,Aria-AMT,"Bach,_Johann_Sebastian/7_Toccatas,_BWV_910-916/Toccata_in_D_minor,_BWV_913/score_MS_refined.mid",bach_bwv913__PianoCoRe_004274,real,bach_bwv913,bach_bwv913,Aria_908560_0,2969,0.9899812147777082,0.7613372953493495,70.0,3000
bach_bwv915,PianoCoRe_004493,Aria_027973_0,Aria-MIDI,Aria-AMT,"Bach,_Johann_Sebastian/7_Toccatas,_BWV_910-916/Toccata_in_G_minor,_BWV_915/score_MS_refined.mid",bach_bwv915__PianoCoRe_004493,real,bach_bwv915,bach_bwv915,Aria_027973_0,2890,0.9655172413793104,0.5010910988516102,70.0,3001
bach_bwv915,PianoCoRe_004494,Aria_035740_0,Aria-MIDI,Aria-AMT,"Bach,_Johann_Sebastian/7_Toccatas,_BWV_910-916/Toccata_in_G_minor,_BWV_915/score_MS_refined.mid",bach_bwv915__PianoCoRe_004494,real,bach_bwv915,bach_bwv915,Aria_035740_0,2887,0.9600611086861632,0.4391758340323236,75.0,3001
bach_bwv915,PianoCoRe_004495,Aria_069080_0,Aria-MIDI,Aria-AMT,"Bach,_Johann_Sebastian/7_Toccatas,_BWV_910-916/Toccata_in_G_minor,_BWV_915/score_MS_refined.mid",bach_bwv915__PianoCoRe_004495,real,bach_bwv915,bach_bwv915,Aria_069080_0,2841,0.939764295067656,0.5153290792908053,65.0,3001
bach_bwv915,PianoCoRe_004497,Aria_108481_0,Aria-MIDI,Aria-AMT,"Bach,_Johann_Sebastian/7_Toccatas,_BWV_910-916/Toccata_in_G_minor,_BWV_915/score_MS_refined.mid",bach_bwv915__PianoCoRe_004497,real,bach_bwv915,bach_bwv915,Aria_108481_0,2953,0.9823221300742034,0.47345433076250487,75.0,3001
bach_bwv915,PianoCoRe_004498,Aria_145418_0,Aria-MIDI,Aria-AMT,"Bach,_Johann_Sebastian/7_Toccatas,_BWV_910-916/Toccata_in_G_minor,_BWV_915/score_MS_refined.mid",bach_bwv915__PianoCoRe_004498,real,bach_bwv915,bach_bwv915,Aria_145418_0,2914,0.9705368834570057,0.42866123180337257,80.0,3001
bach_bwv915,PianoCoRe_004499,Aria_188866_0,Aria-MIDI,Aria-AMT,"Bach,_Johann_Sebastian/7_Toccatas,_BWV_910-916/Toccata_in_G_minor,_BWV_915/score_MS_refined.mid",bach_bwv915__PianoCoRe_004499,real,bach_bwv915,bach_bwv915,Aria_188866_0,2915,0.9690091663029244,0.5319566478218272,65.0,3001
bach_bwv915,PianoCoRe_004500,Aria_218837_0,Aria-MIDI,Aria-AMT,"Bach,_Johann_Sebastian/7_Toccatas,_BWV_910-916/Toccata_in_G_minor,_BWV_915/score_MS_refined.mid",bach_bwv915__PianoCoRe_004500,real,bach_bwv915,bach_bwv915,Aria_218837_0,2898,0.9622435617634221,0.44918808667223487,75.0,3001
bach_bwv915,PianoCoRe_004501,Aria_222003_0,Aria-MIDI,Aria-AMT,"Bach,_Johann_Sebastian/7_Toccatas,_BWV_910-916/Toccata_in_G_minor,_BWV_915/score_MS_refined.mid",bach_bwv915__PianoCoRe_004501,real,bach_bwv915,bach_bwv915,Aria_222003_0,2867,0.9515495416848537,0.42881671238783997,75.0,3001
bach_bwv915,PianoCoRe_004502,Aria_407989_0,Aria-MIDI,Aria-AMT,"Bach,_Johann_Sebastian/7_Toccatas,_BWV_910-916/Toccata_in_G_minor,_BWV_915/score_MS_refined.mid",bach_bwv915__PianoCoRe_004502,real,bach_bwv915,bach_bwv915,Aria_407989_0,2912,0.9679179397642951,0.5132523295073096,70.0,3001
bach_bwv915,PianoCoRe_004503,Aria_425397_0,Aria-MIDI,Aria-AMT,"Bach,_Johann_Sebastian/7_Toccatas,_BWV_910-916/Toccata_in_G_minor,_BWV_915/score_MS_refined.mid",bach_bwv915__PianoCoRe_004503,real,bach_bwv915,bach_bwv915,Aria_425397_0,2950,0.981230903535574,0.5137724410401154,75.0,3001
bach_bwv915,PianoCoRe_004504,Aria_479168_0,Aria-MIDI,Aria-AMT,"Bach,_Johann_Sebastian/7_Toccatas,_BWV_910-916/Toccata_in_G_minor,_BWV_915/score_MS_refined.mid",bach_bwv915__PianoCoRe_004504,real,bach_bwv915,bach_bwv915,Aria_479168_0,2834,0.9415102575294632,0.4750341705030119,65.0,3001
bach_bwv915,PianoCoRe_004505,Aria_608210_0,Aria-MIDI,Aria-AMT,"Bach,_Johann_Sebastian/7_Toccatas,_BWV_910-916/Toccata_in_G_minor,_BWV_915/score_MS_refined.mid",bach_bwv915__PianoCoRe_004505,real,bach_bwv915,bach_bwv915,Aria_608210_0,2845,0.9404190309908337,0.4855166632968654,60.0,3001
bach_bwv915,PianoCoRe_004506,Aria_711460_0,Aria-MIDI,Aria-AMT,"Bach,_Johann_Sebastian/7_Toccatas,_BWV_910-916/Toccata_in_G_minor,_BWV_915/score_MS_refined.mid",bach_bwv915__PianoCoRe_004506,real,bach_bwv915,bach_bwv915,Aria_711460_0,2904,0.9633347883020515,0.4696458953331096,70.0,3001
bach_bwv915,PianoCoRe_004507,Aria_792222_0,Aria-MIDI,Aria-AMT,"Bach,_Johann_Sebastian/7_Toccatas,_BWV_910-916/Toccata_in_G_minor,_BWV_915/score_MS_refined.mid",bach_bwv915__PianoCoRe_004507,real,bach_bwv915,bach_bwv915,Aria_792222_0,2960,0.9845045831514623,0.5106471014283908,70.0,3001
bach_bwv915,PianoCoRe_004508,Aria_820665_0,Aria-MIDI,Aria-AMT,"Bach,_Johann_Sebastian/7_Toccatas,_BWV_910-916/Toccata_in_G_minor,_BWV_915/score_MS_refined.mid",bach_bwv915__PianoCoRe_004508,real,bach_bwv915,bach_bwv915,Aria_820665_0,2941,0.9816673941510258,0.4713066696810323,75.0,3001
bach_bwv915,PianoCoRe_004510,Aria_827730_0,Aria-MIDI,Aria-AMT,"Bach,_Johann_Sebastian/7_Toccatas,_BWV_910-916/Toccata_in_G_minor,_BWV_915/score_MS_refined.mid",bach_bwv915__PianoCoRe_004510,real,bach_bwv915,bach_bwv915,Aria_827730_0,2928,0.9738105630728939,0.4087180014253823,65.0,3001
bach_bwv915,PianoCoRe_004511,Aria_835939_0,Aria-MIDI,Aria-AMT,"Bach,_Johann_Sebastian/7_Toccatas,_BWV_910-916/Toccata_in_G_minor,_BWV_915/score_MS_refined.mid",bach_bwv915__PianoCoRe_004511,real,bach_bwv915,bach_bwv915,Aria_835939_0,2901,0.9574421649934527,0.5126873414611206,65.0,3001
bach_bwv915,PianoCoRe_004512,Aria_837922_0,Aria-MIDI,Aria-AMT,"Bach,_Johann_Sebastian/7_Toccatas,_BWV_910-916/Toccata_in_G_minor,_BWV_915/score_MS_refined.mid",bach_bwv915__PianoCoRe_004512,real,bach_bwv915,bach_bwv915,Aria_837922_0,2942,0.9810126582278481,0.49973019470318125,70.0,3001
bach_bwv915,PianoCoRe_004513,Aria_867489_0,Aria-MIDI,Aria-AMT,"Bach,_Johann_Sebastian/7_Toccatas,_BWV_910-916/Toccata_in_G_minor,_BWV_915/score_MS_refined.mid",bach_bwv915__PianoCoRe_004513,real,bach_bwv915,bach_bwv915,Aria_867489_0,2894,0.9559144478393714,0.42015209569150824,60.0,3001
bach_bwv915,PianoCoRe_004514,Aria_869742_1,Aria-MIDI,Aria-AMT,"Bach,_Johann_Sebastian/7_Toccatas,_BWV_910-916/Toccata_in_G_minor,_BWV_915/score_MS_refined.mid",bach_bwv915__PianoCoRe_004514,real,bach_bwv915,bach_bwv915,Aria_869742_1,2865,0.9576604103011785,0.4463854836984446,70.0,3001
bach_bwv915,PianoCoRe_004515,Aria_873481_0,Aria-MIDI,Aria-AMT,"Bach,_Johann_Sebastian/7_Toccatas,_BWV_910-916/Toccata_in_G_minor,_BWV_915/score_MS_refined.mid",bach_bwv915__PianoCoRe_004515,real,bach_bwv915,bach_bwv915,Aria_873481_0,2922,0.9718463553033609,0.5084664226556115,70.0,3001
bach_bwv915,PianoCoRe_004516,GiantMIDI_XeRe4AeXWQ8,GiantMIDI-Piano,ByteDance,"Bach,_Johann_Sebastian/7_Toccatas,_BWV_910-916/Toccata_in_G_minor,_BWV_915/score_MS_refined.mid",bach_bwv915__PianoCoRe_004516,real,bach_bwv915,bach_bwv915,GiantMIDI_XeRe4AeXWQ8,2907,0.9646442601484068,0.4480933606763212,82.0,3001
bach_bwv916,PianoCoRe_004460,ATEPP_10588,ATEPP,ATEPP,"Bach,_Johann_Sebastian/7_Toccatas,_BWV_910-916/Toccata_in_G_major,_BWV_916/score_MS_refined.mid",bach_bwv916__PianoCoRe_004460,real,bach_bwv916,bach_bwv916,ATEPP_10588,2892,0.9656509695290859,0.7799031597622328,77.0,3000
bach_bwv916,PianoCoRe_004461,Aria_049628_0,Aria-MIDI,Aria-AMT,"Bach,_Johann_Sebastian/7_Toccatas,_BWV_910-916/Toccata_in_G_major,_BWV_916/score_MS_refined.mid",bach_bwv916__PianoCoRe_004461,real,bach_bwv916,bach_bwv916,Aria_049628_0,2938,0.9795013850415513,1.0114838648799214,75.0,3000
bach_bwv916,PianoCoRe_004462,Aria_070251_0,Aria-MIDI,Aria-AMT,"Bach,_Johann_Sebastian/7_Toccatas,_BWV_910-916/Toccata_in_G_major,_BWV_916/score_MS_refined.mid",bach_bwv916__PianoCoRe_004462,real,bach_bwv916,bach_bwv916,Aria_070251_0,2916,0.9739612188365651,0.7549585842588453,65.0,3000
bach_bwv916,PianoCoRe_004463,Aria_106345_0,Aria-MIDI,Aria-AMT,"Bach,_Johann_Sebastian/7_Toccatas,_BWV_910-916/Toccata_in_G_major,_BWV_916/score_MS_refined.mid",bach_bwv916__PianoCoRe_004463,real,bach_bwv916,bach_bwv916,Aria_106345_0,2915,0.9700831024930748,0.836115331739751,70.0,3000
bach_bwv916,PianoCoRe_004464,Aria_143609_0,Aria-MIDI,Aria-AMT,"Bach,_Johann_Sebastian/7_Toccatas,_BWV_910-916/Toccata_in_G_major,_BWV_916/score_MS_refined.mid",bach_bwv916__PianoCoRe_004464,real,bach_bwv916,bach_bwv916,Aria_143609_0,2909,0.967590027700831,0.7622943773742321,65.0,3000
bach_bwv916,PianoCoRe_004465,Aria_173507_0,Aria-MIDI,Aria-AMT,"Bach,_Johann_Sebastian/7_Toccatas,_BWV_910-916/Toccata_in_G_major,_BWV_916/score_MS_refined.mid",bach_bwv916__PianoCoRe_004465,real,bach_bwv916,bach_bwv916,Aria_173507_0,2934,0.9800554016620499,0.8528454960892626,65.0,3000
bach_bwv916,PianoCoRe_004466,Aria_193341_0,Aria-MIDI,Aria-AMT,"Bach,_Johann_Sebastian/7_Toccatas,_BWV_910-916/Toccata_in_G_major,_BWV_916/score_MS_refined.mid",bach_bwv916__PianoCoRe_004466,real,bach_bwv916,bach_bwv916,Aria_193341_0,2968,0.9897506925207756,0.838893228763235,70.0,3000
bach_bwv916,PianoCoRe_004467,Aria_199794_0,Aria-MIDI,Aria-AMT,"Bach,_Johann_Sebastian/7_Toccatas,_BWV_910-916/Toccata_in_G_major,_BWV_916/score_MS_refined.mid",bach_bwv916__PianoCoRe_004467,real,bach_bwv916,bach_bwv916,Aria_199794_0,2855,0.9573407202216067,0.8313188911086897,65.0,3000
bach_bwv916,PianoCoRe_004469,Aria_339973_0,Aria-MIDI,Aria-AMT,"Bach,_Johann_Sebastian/7_Toccatas,_BWV_910-916/Toccata_in_G_major,_BWV_916/score_MS_refined.mid",bach_bwv916__PianoCoRe_004469,real,bach_bwv916,bach_bwv916,Aria_339973_0,2841,0.9493074792243767,0.8079455383878809,60.0,3000
bach_bwv916,PianoCoRe_004470,Aria_376658_0,Aria-MIDI,Aria-AMT,"Bach,_Johann_Sebastian/7_Toccatas,_BWV_910-916/Toccata_in_G_major,_BWV_916/score_MS_refined.mid",bach_bwv916__PianoCoRe_004470,real,bach_bwv916,bach_bwv916,Aria_376658_0,2919,0.974792243767313,0.9574770360601849,70.0,3000
bach_bwv916,PianoCoRe_004471,Aria_388820_0,Aria-MIDI,Aria-AMT,"Bach,_Johann_Sebastian/7_Toccatas,_BWV_910-916/Toccata_in_G_major,_BWV_916/score_MS_refined.mid",bach_bwv916__PianoCoRe_004471,real,bach_bwv916,bach_bwv916,Aria_388820_0,2948,0.9836565096952908,0.7961544253611758,70.0,3000
bach_bwv916,PianoCoRe_004473,Aria_478006_0,Aria-MIDI,Aria-AMT,"Bach,_Johann_Sebastian/7_Toccatas,_BWV_910-916/Toccata_in_G_major,_BWV_916/score_MS_refined.mid",bach_bwv916__PianoCoRe_004473,real,bach_bwv916,bach_bwv916,Aria_478006_0,2962,0.9880886426592798,0.7732769494802252,70.0,3000
bach_bwv916,PianoCoRe_004474,Aria_532227_0,Aria-MIDI,Aria-AMT,"Bach,_Johann_Sebastian/7_Toccatas,_BWV_910-916/Toccata_in_G_major,_BWV_916/score_MS_refined.mid",bach_bwv916__PianoCoRe_004474,real,bach_bwv916,bach_bwv916,Aria_532227_0,2943,0.9695290858725761,0.7923098519033722,80.0,3000
bach_bwv916,PianoCoRe_004475,Aria_545704_0,Aria-MIDI,Aria-AMT,"Bach,_Johann_Sebastian/7_Toccatas,_BWV_910-916/Toccata_in_G_major,_BWV_916/score_MS_refined.mid",bach_bwv916__PianoCoRe_004475,real,bach_bwv916,bach_bwv916,Aria_545704_0,2917,0.968421052631579,0.7666754067657657,70.0,3000
bach_bwv916,PianoCoRe_004476,Aria_566363_0,Aria-MIDI,Aria-AMT,"Bach,_Johann_Sebastian/7_Toccatas,_BWV_910-916/Toccata_in_G_major,_BWV_916/score_MS_refined.mid",bach_bwv916__PianoCoRe_004476,real,bach_bwv916,bach_bwv916,Aria_566363_0,2920,0.9739612188365651,0.7963985884207608,65.0,3000
bach_bwv916,PianoCoRe_004477,Aria_569142_0,Aria-MIDI,Aria-AMT,"Bach,_Johann_Sebastian/7_Toccatas,_BWV_910-916/Toccata_in_G_major,_BWV_916/score_MS_refined.mid",bach_bwv916__PianoCoRe_004477,real,bach_bwv916,bach_bwv916,Aria_569142_0,2860,0.9578947368421052,0.7920952796222201,65.0,3000
bach_bwv916,PianoCoRe_004478,Aria_591683_5,Aria-MIDI,Aria-AMT,"Bach,_Johann_Sebastian/7_Toccatas,_BWV_910-916/Toccata_in_G_major,_BWV_916/score_MS_refined.mid",bach_bwv916__PianoCoRe_004478,real,bach_bwv916,bach_bwv916,Aria_591683_5,2969,0.9908587257617728,0.9002848831845774,70.0,3000
bach_bwv916,PianoCoRe_004479,Aria_602694_0,Aria-MIDI,Aria-AMT,"Bach,_Johann_Sebastian/7_Toccatas,_BWV_910-916/Toccata_in_G_major,_BWV_916/score_MS_refined.mid",bach_bwv916__PianoCoRe_004479,real,bach_bwv916,bach_bwv916,Aria_602694_0,2888,0.9659279778393352,0.8147870672928094,75.0,3000
bach_bwv916,PianoCoRe_004480,Aria_627515_0,Aria-MIDI,Aria-AMT,"Bach,_Johann_Sebastian/7_Toccatas,_BWV_910-916/Toccata_in_G_major,_BWV_916/score_MS_refined.mid",bach_bwv916__PianoCoRe_004480,real,bach_bwv916,bach_bwv916,Aria_627515_0,2663,0.9013850415512465,0.7703402269736124,75.0,3000
bach_bwv916,PianoCoRe_004481,Aria_632224_0,Aria-MIDI,Aria-AMT,"Bach,_Johann_Sebastian/7_Toccatas,_BWV_910-916/Toccata_in_G_major,_BWV_916/score_MS_refined.mid",bach_bwv916__PianoCoRe_004481,real,bach_bwv916,bach_bwv916,Aria_632224_0,2938,0.9770083102493075,0.8333438077727001,75.0,3000
bach_bwv916,PianoCoRe_004482,Aria_692955_0,Aria-MIDI,Aria-AMT,"Bach,_Johann_Sebastian/7_Toccatas,_BWV_910-916/Toccata_in_G_major,_BWV_916/score_MS_refined.mid",bach_bwv916__PianoCoRe_004482,real,bach_bwv916,bach_bwv916,Aria_692955_0,2928,0.9731301939058171,0.7495068521380877,75.0,3000
bach_bwv916,PianoCoRe_004483,Aria_720662_0,Aria-MIDI,Aria-AMT,"Bach,_Johann_Sebastian/7_Toccatas,_BWV_910-916/Toccata_in_G_major,_BWV_916/score_MS_refined.mid",bach_bwv916__PianoCoRe_004483,real,bach_bwv916,bach_bwv916,Aria_720662_0,2972,0.9908587257617728,0.7937374514939574,75.0,3000
bach_bwv916,PianoCoRe_004484,Aria_813378_0,Aria-MIDI,Aria-AMT,"Bach,_Johann_Sebastian/7_Toccatas,_BWV_910-916/Toccata_in_G_major,_BWV_916/score_MS_refined.mid",bach_bwv916__PianoCoRe_004484,real,bach_bwv916,bach_bwv916,Aria_813378_0,2970,0.9897506925207756,0.7541879232771818,70.0,3000
bach_bwv916,PianoCoRe_004485,Aria_855423_0,Aria-MIDI,Aria-AMT,"Bach,_Johann_Sebastian/7_Toccatas,_BWV_910-916/Toccata_in_G_major,_BWV_916/score_MS_refined.mid",bach_bwv916__PianoCoRe_004485,real,bach_bwv916,bach_bwv916,Aria_855423_0,2953,0.9850415512465374,0.8389567791260022,70.0,3000
bach_bwv916,PianoCoRe_004486,Aria_856824_0,Aria-MIDI,Aria-AMT,"Bach,_Johann_Sebastian/7_Toccatas,_BWV_910-916/Toccata_in_G_major,_BWV_916/score_MS_refined.mid",bach_bwv916__PianoCoRe_004486,real,bach_bwv916,bach_bwv916,Aria_856824_0,2931,0.9770083102493075,1.0081339617962917,75.0,3000
bach_bwv916,PianoCoRe_004487,Aria_858782_0,Aria-MIDI,Aria-AMT,"Bach,_Johann_Sebastian/7_Toccatas,_BWV_910-916/Toccata_in_G_major,_BWV_916/score_MS_refined.mid",bach_bwv916__PianoCoRe_004487,real,bach_bwv916,bach_bwv916,Aria_858782_0,2959,0.9869806094182826,0.770426389101381,70.0,3000
bach_bwv916,PianoCoRe_004488,Aria_864309_0,Aria-MIDI,Aria-AMT,"Bach,_Johann_Sebastian/7_Toccatas,_BWV_910-916/Toccata_in_G_major,_BWV_916/score_MS_refined.mid",bach_bwv916__PianoCoRe_004488,real,bach_bwv916,bach_bwv916,Aria_864309_0,2938,0.9759002770083103,0.8646940813478745,75.0,3000
bach_bwv916,PianoCoRe_004489,Aria_866373_0,Aria-MIDI,Aria-AMT,"Bach,_Johann_Sebastian/7_Toccatas,_BWV_910-916/Toccata_in_G_major,_BWV_916/score_MS_refined.mid",bach_bwv916__PianoCoRe_004489,real,bach_bwv916,bach_bwv916,Aria_866373_0,2885,0.9637119113573407,0.8639809776945913,60.0,3000
bach_bwv916,PianoCoRe_004490,Aria_873354_0,Aria-MIDI,Aria-AMT,"Bach,_Johann_Sebastian/7_Toccatas,_BWV_910-916/Toccata_in_G_major,_BWV_916/score_MS_refined.mid",bach_bwv916__PianoCoRe_004490,real,bach_bwv916,bach_bwv916,Aria_873354_0,2834,0.93601108033241,1.0337886771906035,60.0,3000
bach_bwv916,PianoCoRe_004491,Aria_874471_0,Aria-MIDI,Aria-AMT,"Bach,_Johann_Sebastian/7_Toccatas,_BWV_910-916/Toccata_in_G_major,_BWV_916/score_MS_refined.mid",bach_bwv916__PianoCoRe_004491,real,bach_bwv916,bach_bwv916,Aria_874471_0,2956,0.9858725761772853,0.8637382396157003,65.0,3000
bach_bwv916,PianoCoRe_004492,GiantMIDI_vPG1HlJ1_UE,GiantMIDI-Piano,ByteDance,"Bach,_Johann_Sebastian/7_Toccatas,_BWV_910-916/Toccata_in_G_major,_BWV_916/score_MS_refined.mid",bach_bwv916__PianoCoRe_004492,real,bach_bwv916,bach_bwv916,GiantMIDI_vPG1HlJ1_UE,2901,0.9673130193905817,0.8072343890341673,70.0,3000
chaminade_op61,PianoCoRe_071941,Aria_275428_0,Aria-MIDI,Aria-AMT,"Chaminade,_Cécile/Arabesque_No.1,_Op.61/score_MS_refined.mid",chaminade_op61__PianoCoRe_071941,real,chaminade_op61,chaminade_op61,Aria_275428_0,2261,0.9496010079798404,0.5245169523276713,60.0,2377
chaminade_op61,PianoCoRe_071942,Aria_291418_0,Aria-MIDI,Aria-AMT,"Chaminade,_Cécile/Arabesque_No.1,_Op.61/score_MS_refined.mid",chaminade_op61__PianoCoRe_071942,real,chaminade_op61,chaminade_op61,Aria_291418_0,2318,0.9735405291894162,0.4596309099657884,70.0,2377
chaminade_op61,PianoCoRe_071945,Aria_330371_0,Aria-MIDI,Aria-AMT,"Chaminade,_Cécile/Arabesque_No.1,_Op.61/score_MS_refined.mid",chaminade_op61__PianoCoRe_071945,real,chaminade_op61,chaminade_op61,Aria_330371_0,2119,0.8899622007559849,0.6168769860492702,65.0,2377
chaminade_op61,PianoCoRe_071946,Aria_341380_0,Aria-MIDI,Aria-AMT,"Chaminade,_Cécile/Arabesque_No.1,_Op.61/score_MS_refined.mid",chaminade_op61__PianoCoRe_071946,real,chaminade_op61,chaminade_op61,Aria_341380_0,2244,0.9424611507769844,0.5271057788731907,70.0,2377
chaminade_op61,PianoCoRe_071949,Aria_428520_0,Aria-MIDI,Aria-AMT,"Chaminade,_Cécile/Arabesque_No.1,_Op.61/score_MS_refined.mid",chaminade_op61__PianoCoRe_071949,real,chaminade_op61,chaminade_op61,Aria_428520_0,2331,0.9790004199916001,0.6267032773627217,80.0,2377
chaminade_op61,PianoCoRe_071950,Aria_430313_0,Aria-MIDI,Aria-AMT,"Chaminade,_Cécile/Arabesque_No.1,_Op.61/score_MS_refined.mid",chaminade_op61__PianoCoRe_071950,real,chaminade_op61,chaminade_op61,Aria_430313_0,2061,0.8656026879462411,0.5725243442290963,65.0,2377
chaminade_op61,PianoCoRe_071955,Aria_512086_0,Aria-MIDI,Aria-AMT,"Chaminade,_Cécile/Arabesque_No.1,_Op.61/score_MS_refined.mid",chaminade_op61__PianoCoRe_071955,real,chaminade_op61,chaminade_op61,Aria_512086_0,1986,0.8341033179336413,0.623949932204651,55.0,2377
chaminade_op61,PianoCoRe_071956,Aria_543751_0,Aria-MIDI,Aria-AMT,"Chaminade,_Cécile/Arabesque_No.1,_Op.61/score_MS_refined.mid",chaminade_op61__PianoCoRe_071956,real,chaminade_op61,chaminade_op61,Aria_543751_0,2170,0.9113817723645528,0.5442261969074996,60.0,2377
chaminade_op61,PianoCoRe_071959,Aria_612012_0,Aria-MIDI,Aria-AMT,"Chaminade,_Cécile/Arabesque_No.1,_Op.61/score_MS_refined.mid",chaminade_op61__PianoCoRe_071959,real,chaminade_op61,chaminade_op61,Aria_612012_0,1932,0.8114237715245695,0.5952107500536433,60.0,2377
chaminade_op61,PianoCoRe_071962,Aria_683767_0,Aria-MIDI,Aria-AMT,"Chaminade,_Cécile/Arabesque_No.1,_Op.61/score_MS_refined.mid",chaminade_op61__PianoCoRe_071962,real,chaminade_op61,chaminade_op61,Aria_683767_0,1958,0.8223435531289375,0.5138767297377395,75.0,2377
chaminade_op61,PianoCoRe_071963,Aria_692220_0,Aria-MIDI,Aria-AMT,"Chaminade,_Cécile/Arabesque_No.1,_Op.61/score_MS_refined.mid",chaminade_op61__PianoCoRe_071963,real,chaminade_op61,chaminade_op61,Aria_692220_0,2245,0.9428811423771525,0.5578204099956837,60.0,2377
chaminade_op61,PianoCoRe_071972,Aria_817986_0,Aria-MIDI,Aria-AMT,"Chaminade,_Cécile/Arabesque_No.1,_Op.61/score_MS_refined.mid",chaminade_op61__PianoCoRe_071972,real,chaminade_op61,chaminade_op61,Aria_817986_0,2272,0.9542209155816883,0.5769270148647283,70.0,2377
chaminade_op61,PianoCoRe_071973,Aria_819285_0,Aria-MIDI,Aria-AMT,"Chaminade,_Cécile/Arabesque_No.1,_Op.61/score_MS_refined.mid",chaminade_op61__PianoCoRe_071973,real,chaminade_op61,chaminade_op61,Aria_819285_0,2297,0.9647207055858883,0.43187983600295293,65.0,2377
chaminade_op61,PianoCoRe_071976,GiantMIDI_gaV2unQNWA0,GiantMIDI-Piano,ByteDance,"Chaminade,_Cécile/Arabesque_No.1,_Op.61/score_MS_refined.mid",chaminade_op61__PianoCoRe_071976,real,chaminade_op61,chaminade_op61,GiantMIDI_gaV2unQNWA0,2218,0.9315413691726165,0.5213729702479365,79.0,2377
chopin_op33_no3,PianoCoRe_102248,Aria_230278_0,Aria-MIDI,Aria-AMT,"Chopin,_Frédéric/Mazurkas,_Op.33/3._Semplice_(C_major)/score_MS_refined.mid",chopin_op33_no3__PianoCoRe_102248,real,chopin_op33_no3,chopin_op33_no3,Aria_230278_0,516,0.9662921348314607,0.574266975138164,35.0,527
chopin_op33_no3,PianoCoRe_102251,Aria_354207_0,Aria-MIDI,Aria-AMT,"Chopin,_Frédéric/Mazurkas,_Op.33/3._Semplice_(C_major)/score_MS_refined.mid",chopin_op33_no3__PianoCoRe_102251,real,chopin_op33_no3,chopin_op33_no3,Aria_354207_0,499,0.9344569288389513,0.418776803960294,55.0,527
chopin_op33_no3,PianoCoRe_102253,Aria_406801_0,Aria-MIDI,Aria-AMT,"Chopin,_Frédéric/Mazurkas,_Op.33/3._Semplice_(C_major)/score_MS_refined.mid",chopin_op33_no3__PianoCoRe_102253,real,chopin_op33_no3,chopin_op33_no3,Aria_406801_0,514,0.9625468164794008,0.6356602046686668,55.0,527
chopin_op33_no3,PianoCoRe_102254,Aria_412226_0,Aria-MIDI,Aria-AMT,"Chopin,_Frédéric/Mazurkas,_Op.33/3._Semplice_(C_major)/score_MS_refined.mid",chopin_op33_no3__PianoCoRe_102254,real,chopin_op33_no3,chopin_op33_no3,Aria_412226_0,510,0.9550561797752809,0.4907552085106973,45.0,527
chopin_op33_no3,PianoCoRe_102257,Aria_474570_0,Aria-MIDI,Aria-AMT,"Chopin,_Frédéric/Mazurkas,_Op.33/3._Semplice_(C_major)/score_MS_refined.mid",chopin_op33_no3__PianoCoRe_102257,real,chopin_op33_no3,chopin_op33_no3,Aria_474570_0,494,0.9250936329588015,0.5930177531828682,40.0,527
chopin_op33_no3,PianoCoRe_102259,Aria_515131_0,Aria-MIDI,Aria-AMT,"Chopin,_Frédéric/Mazurkas,_Op.33/3._Semplice_(C_major)/score_MS_refined.mid",chopin_op33_no3__PianoCoRe_102259,real,chopin_op33_no3,chopin_op33_no3,Aria_515131_0,516,0.9662921348314607,0.5369110961715192,55.0,527
chopin_op33_no3,PianoCoRe_102261,Aria_565255_0,Aria-MIDI,Aria-AMT,"Chopin,_Frédéric/Mazurkas,_Op.33/3._Semplice_(C_major)/score_MS_refined.mid",chopin_op33_no3__PianoCoRe_102261,real,chopin_op33_no3,chopin_op33_no3,Aria_565255_0,517,0.9681647940074907,0.6200157653285258,40.0,527
chopin_op33_no3,PianoCoRe_102262,Aria_571497_0,Aria-MIDI,Aria-AMT,"Chopin,_Frédéric/Mazurkas,_Op.33/3._Semplice_(C_major)/score_MS_refined.mid",chopin_op33_no3__PianoCoRe_102262,real,chopin_op33_no3,chopin_op33_no3,Aria_571497_0,512,0.9588014981273408,0.6496144023735028,40.0,527
chopin_op33_no3,PianoCoRe_102263,Aria_615880_0,Aria-MIDI,Aria-AMT,"Chopin,_Frédéric/Mazurkas,_Op.33/3._Semplice_(C_major)/score_MS_refined.mid",chopin_op33_no3__PianoCoRe_102263,real,chopin_op33_no3,chopin_op33_no3,Aria_615880_0,508,0.951310861423221,0.534512985885328,55.0,527
chopin_op33_no3,PianoCoRe_102264,Aria_617831_0,Aria-MIDI,Aria-AMT,"Chopin,_Frédéric/Mazurkas,_Op.33/3._Semplice_(C_major)/score_MS_refined.mid",chopin_op33_no3__PianoCoRe_102264,real,chopin_op33_no3,chopin_op33_no3,Aria_617831_0,503,0.9419475655430711,0.5551574215777525,50.0,527
chopin_op33_no3,PianoCoRe_102266,Aria_628786_0,Aria-MIDI,Aria-AMT,"Chopin,_Frédéric/Mazurkas,_Op.33/3._Semplice_(C_major)/score_MS_refined.mid",chopin_op33_no3__PianoCoRe_102266,real,chopin_op33_no3,chopin_op33_no3,Aria_628786_0,516,0.9662921348314607,0.5174124974585276,45.0,527
chopin_op33_no3,PianoCoRe_102267,Aria_643068_0,Aria-MIDI,Aria-AMT,"Chopin,_Frédéric/Mazurkas,_Op.33/3._Semplice_(C_major)/score_MS_refined.mid",chopin_op33_no3__PianoCoRe_102267,real,chopin_op33_no3,chopin_op33_no3,Aria_643068_0,506,0.947565543071161,0.4973321270542211,50.0,527
chopin_op33_no3,PianoCoRe_102268,Aria_668908_0,Aria-MIDI,Aria-AMT,"Chopin,_Frédéric/Mazurkas,_Op.33/3._Semplice_(C_major)/score_MS_refined.mid",chopin_op33_no3__PianoCoRe_102268,real,chopin_op33_no3,chopin_op33_no3,Aria_668908_0,523,0.9794007490636704,0.559245156357966,50.0,527
chopin_op33_no3,PianoCoRe_102269,Aria_675247_0,Aria-MIDI,Aria-AMT,"Chopin,_Frédéric/Mazurkas,_Op.33/3._Semplice_(C_major)/score_MS_refined.mid",chopin_op33_no3__PianoCoRe_102269,real,chopin_op33_no3,chopin_op33_no3,Aria_675247_0,500,0.9363295880149812,0.5039186879670201,60.0,527
chopin_op33_no3,PianoCoRe_102270,Aria_689603_0,Aria-MIDI,Aria-AMT,"Chopin,_Frédéric/Mazurkas,_Op.33/3._Semplice_(C_major)/score_MS_refined.mid",chopin_op33_no3__PianoCoRe_102270,real,chopin_op33_no3,chopin_op33_no3,Aria_689603_0,500,0.9363295880149812,0.7072382329756216,45.0,527
chopin_op33_no3,PianoCoRe_102271,Aria_692001_0,Aria-MIDI,Aria-AMT,"Chopin,_Frédéric/Mazurkas,_Op.33/3._Semplice_(C_major)/score_MS_refined.mid",chopin_op33_no3__PianoCoRe_102271,real,chopin_op33_no3,chopin_op33_no3,Aria_692001_0,479,0.897003745318352,0.5348486455427043,55.0,527
chopin_op33_no3,PianoCoRe_102272,Aria_771775_2,Aria-MIDI,Aria-AMT,"Chopin,_Frédéric/Mazurkas,_Op.33/3._Semplice_(C_major)/score_MS_refined.mid",chopin_op33_no3__PianoCoRe_102272,real,chopin_op33_no3,chopin_op33_no3,Aria_771775_2,499,0.9344569288389513,0.5826184359055913,55.0,527
chopin_op33_no3,PianoCoRe_102274,Aria_827241_1,Aria-MIDI,Aria-AMT,"Chopin,_Frédéric/Mazurkas,_Op.33/3._Semplice_(C_major)/score_MS_refined.mid",chopin_op33_no3__PianoCoRe_102274,real,chopin_op33_no3,chopin_op33_no3,Aria_827241_1,501,0.9382022471910112,0.5072643332616732,50.0,527
chopin_op33_no3,PianoCoRe_102275,Aria_836674_0,Aria-MIDI,Aria-AMT,"Chopin,_Frédéric/Mazurkas,_Op.33/3._Semplice_(C_major)/score_MS_refined.mid",chopin_op33_no3__PianoCoRe_102275,real,chopin_op33_no3,chopin_op33_no3,Aria_836674_0,523,0.9794007490636704,0.4577219050051374,65.0,527
chopin_op33_no3,PianoCoRe_102276,Aria_838445_0,Aria-MIDI,Aria-AMT,"Chopin,_Frédéric/Mazurkas,_Op.33/3._Semplice_(C_major)/score_MS_refined.mid",chopin_op33_no3__PianoCoRe_102276,real,chopin_op33_no3,chopin_op33_no3,Aria_838445_0,452,0.846441947565543,0.7491267614704733,60.0,527
chopin_op33_no3,PianoCoRe_102277,Aria_841697_0,Aria-MIDI,Aria-AMT,"Chopin,_Frédéric/Mazurkas,_Op.33/3._Semplice_(C_major)/score_MS_refined.mid",chopin_op33_no3__PianoCoRe_102277,real,chopin_op33_no3,chopin_op33_no3,Aria_841697_0,508,0.951310861423221,0.49895934628906125,60.0,527
chopin_op33_no3,PianoCoRe_102278,Aria_861186_0,Aria-MIDI,Aria-AMT,"Chopin,_Frédéric/Mazurkas,_Op.33/3._Semplice_(C_major)/score_MS_refined.mid",chopin_op33_no3__PianoCoRe_102278,real,chopin_op33_no3,chopin_op33_no3,Aria_861186_0,504,0.9438202247191011,0.6614389992494066,45.0,527
chopin_op33_no3,PianoCoRe_102279,PERiScoPe_134613105,PERiScoPe,Transkun V2,"Chopin,_Frédéric/Mazurkas,_Op.33/3._Semplice_(C_major)/score_MS_refined.mid",chopin_op33_no3__PianoCoRe_102279,real,chopin_op33_no3,chopin_op33_no3,PERiScoPe_134613105,507,0.949438202247191,0.5755798442280823,55.0,527
chopin_op33_no3,PianoCoRe_102280,PERiScoPe_574988392,PERiScoPe,Transkun V2,"Chopin,_Frédéric/Mazurkas,_Op.33/3._Semplice_(C_major)/score_MS_refined.mid",chopin_op33_no3__PianoCoRe_102280,real,chopin_op33_no3,chopin_op33_no3,PERiScoPe_574988392,502,0.9400749063670412,0.5355022339594003,46.0,527
chopin_op33_no3,PianoCoRe_102281,PERiScoPe_577432902,PERiScoPe,Transkun V2,"Chopin,_Frédéric/Mazurkas,_Op.33/3._Semplice_(C_major)/score_MS_refined.mid",chopin_op33_no3__PianoCoRe_102281,real,chopin_op33_no3,chopin_op33_no3,PERiScoPe_577432902,491,0.9194756554307116,0.5834680479861586,49.0,527
chopin_op33_no3,PianoCoRe_102282,PERiScoPe_705922622,PERiScoPe,Transkun V2,"Chopin,_Frédéric/Mazurkas,_Op.33/3._Semplice_(C_major)/score_MS_refined.mid",chopin_op33_no3__PianoCoRe_102282,real,chopin_op33_no3,chopin_op33_no3,PERiScoPe_705922622,502,0.9400749063670412,0.5169390821262067,50.0,527
chopin_op33_no3,PianoCoRe_102283,PERiScoPe_964321622,PERiScoPe,Transkun V2,"Chopin,_Frédéric/Mazurkas,_Op.33/3._Semplice_(C_major)/score_MS_refined.mid",chopin_op33_no3__PianoCoRe_102283,real,chopin_op33_no3,chopin_op33_no3,PERiScoPe_964321622,511,0.9569288389513109,0.5034593420167411,44.0,527
chopin_op33_no3,PianoCoRe_102285,PERiScoPe_2148369127,PERiScoPe,Transkun V2,"Chopin,_Frédéric/Mazurkas,_Op.33/3._Semplice_(C_major)/score_MS_refined.mid",chopin_op33_no3__PianoCoRe_102285,real,chopin_op33_no3,chopin_op33_no3,PERiScoPe_2148369127,495,0.9269662921348315,0.6033541501598296,51.0,527
chopin_op67_no1,PianoCoRe_103246,Aria_008524_0,Aria-MIDI,Aria-AMT,"Chopin,_Frédéric/Mazurkas,_Op.67/1._Vivace_(G_major)/score_MS_refined.mid",chopin_op67_no1__PianoCoRe_103246,real,chopin_op67_no1,chopin_op67_no1,Aria_008524_0,752,0.9423558897243107,0.40146321755031805,65.0,796
chopin_op67_no1,PianoCoRe_103247,Aria_044536_0,Aria-MIDI,Aria-AMT,"Chopin,_Frédéric/Mazurkas,_Op.67/1._Vivace_(G_major)/score_MS_refined.mid",chopin_op67_no1__PianoCoRe_103247,real,chopin_op67_no1,chopin_op67_no1,Aria_044536_0,750,0.9398496240601504,0.4008503823787271,65.0,796
chopin_op67_no1,PianoCoRe_103248,Aria_077946_0,Aria-MIDI,Aria-AMT,"Chopin,_Frédéric/Mazurkas,_Op.67/1._Vivace_(G_major)/score_MS_refined.mid",chopin_op67_no1__PianoCoRe_103248,real,chopin_op67_no1,chopin_op67_no1,Aria_077946_0,751,0.9411027568922306,0.4076419852215096,75.0,796
chopin_op67_no1,PianoCoRe_103249,Aria_092122_0,Aria-MIDI,Aria-AMT,"Chopin,_Frédéric/Mazurkas,_Op.67/1._Vivace_(G_major)/score_MS_refined.mid",chopin_op67_no1__PianoCoRe_103249,real,chopin_op67_no1,chopin_op67_no1,Aria_092122_0,743,0.931077694235589,0.4238870681895856,60.0,796
chopin_op67_no1,PianoCoRe_103251,Aria_122247_0,Aria-MIDI,Aria-AMT,"Chopin,_Frédéric/Mazurkas,_Op.67/1._Vivace_(G_major)/score_MS_refined.mid",chopin_op67_no1__PianoCoRe_103251,real,chopin_op67_no1,chopin_op67_no1,Aria_122247_0,674,0.8446115288220551,0.37882029131662753,45.0,796
chopin_op67_no1,PianoCoRe_103252,Aria_212945_0,Aria-MIDI,Aria-AMT,"Chopin,_Frédéric/Mazurkas,_Op.67/1._Vivace_(G_major)/score_MS_refined.mid",chopin_op67_no1__PianoCoRe_103252,real,chopin_op67_no1,chopin_op67_no1,Aria_212945_0,725,0.9085213032581454,0.8219621566602737,65.0,796
chopin_op67_no1,PianoCoRe_103254,Aria_241777_0,Aria-MIDI,Aria-AMT,"Chopin,_Frédéric/Mazurkas,_Op.67/1._Vivace_(G_major)/score_MS_refined.mid",chopin_op67_no1__PianoCoRe_103254,real,chopin_op67_no1,chopin_op67_no1,Aria_241777_0,746,0.9348370927318296,0.38305045601645016,60.0,796
chopin_op67_no1,PianoCoRe_103255,Aria_340548_0,Aria-MIDI,Aria-AMT,"Chopin,_Frédéric/Mazurkas,_Op.67/1._Vivace_(G_major)/score_MS_refined.mid",chopin_op67_no1__PianoCoRe_103255,real,chopin_op67_no1,chopin_op67_no1,Aria_340548_0,747,0.9360902255639098,0.5758297776616498,80.0,796
chopin_op67_no1,PianoCoRe_103256,Aria_368949_0,Aria-MIDI,Aria-AMT,"Chopin,_Frédéric/Mazurkas,_Op.67/1._Vivace_(G_major)/score_MS_refined.mid",chopin_op67_no1__PianoCoRe_103256,real,chopin_op67_no1,chopin_op67_no1,Aria_368949_0,755,0.9461152882205514,0.31623392229431196,75.0,796
chopin_op67_no1,PianoCoRe_103257,Aria_402191_0,Aria-MIDI,Aria-AMT,"Chopin,_Frédéric/Mazurkas,_Op.67/1._Vivace_(G_major)/score_MS_refined.mid",chopin_op67_no1__PianoCoRe_103257,real,chopin_op67_no1,chopin_op67_no1,Aria_402191_0,699,0.8759398496240601,0.38231062383915243,55.0,796
chopin_op67_no1,PianoCoRe_103259,Aria_411208_0,Aria-MIDI,Aria-AMT,"Chopin,_Frédéric/Mazurkas,_Op.67/1._Vivace_(G_major)/score_MS_refined.mid",chopin_op67_no1__PianoCoRe_103259,real,chopin_op67_no1,chopin_op67_no1,Aria_411208_0,727,0.9110275689223057,0.3453135599138061,65.0,796
chopin_op67_no1,PianoCoRe_103261,Aria_465135_0,Aria-MIDI,Aria-AMT,"Chopin,_Frédéric/Mazurkas,_Op.67/1._Vivace_(G_major)/score_MS_refined.mid",chopin_op67_no1__PianoCoRe_103261,real,chopin_op67_no1,chopin_op67_no1,Aria_465135_0,756,0.9473684210526315,0.36298778200166576,70.0,796
chopin_op67_no1,PianoCoRe_103262,Aria_479654_0,Aria-MIDI,Aria-AMT,"Chopin,_Frédéric/Mazurkas,_Op.67/1._Vivace_(G_major)/score_MS_refined.mid",chopin_op67_no1__PianoCoRe_103262,real,chopin_op67_no1,chopin_op67_no1,Aria_479654_0,689,0.8634085213032582,0.35469995115553765,60.0,796
chopin_op67_no1,PianoCoRe_103263,Aria_487123_0,Aria-MIDI,Aria-AMT,"Chopin,_Frédéric/Mazurkas,_Op.67/1._Vivace_(G_major)/score_MS_refined.mid",chopin_op67_no1__PianoCoRe_103263,real,chopin_op67_no1,chopin_op67_no1,Aria_487123_0,722,0.9047619047619048,0.37493730143396964,70.0,796
chopin_op67_no1,PianoCoRe_103264,Aria_493586_0,Aria-MIDI,Aria-AMT,"Chopin,_Frédéric/Mazurkas,_Op.67/1._Vivace_(G_major)/score_MS_refined.mid",chopin_op67_no1__PianoCoRe_103264,real,chopin_op67_no1,chopin_op67_no1,Aria_493586_0,716,0.8972431077694235,0.432371340671751,65.0,796
chopin_op67_no1,PianoCoRe_103266,Aria_589163_0,Aria-MIDI,Aria-AMT,"Chopin,_Frédéric/Mazurkas,_Op.67/1._Vivace_(G_major)/score_MS_refined.mid",chopin_op67_no1__PianoCoRe_103266,real,chopin_op67_no1,chopin_op67_no1,Aria_589163_0,762,0.9548872180451128,0.4110978561350395,70.0,796
chopin_op67_no1,PianoCoRe_103269,Aria_668241_0,Aria-MIDI,Aria-AMT,"Chopin,_Frédéric/Mazurkas,_Op.67/1._Vivace_(G_major)/score_MS_refined.mid",chopin_op67_no1__PianoCoRe_103269,real,chopin_op67_no1,chopin_op67_no1,Aria_668241_0,760,0.9523809523809523,0.3680649506591094,70.0,796
chopin_op67_no1,PianoCoRe_103271,Aria_683925_0,Aria-MIDI,Aria-AMT,"Chopin,_Frédéric/Mazurkas,_Op.67/1._Vivace_(G_major)/score_MS_refined.mid",chopin_op67_no1__PianoCoRe_103271,real,chopin_op67_no1,chopin_op67_no1,Aria_683925_0,750,0.9398496240601504,0.3874311970990363,60.0,796
chopin_op67_no1,PianoCoRe_103275,Aria_795049_0,Aria-MIDI,Aria-AMT,"Chopin,_Frédéric/Mazurkas,_Op.67/1._Vivace_(G_major)/score_MS_refined.mid",chopin_op67_no1__PianoCoRe_103275,real,chopin_op67_no1,chopin_op67_no1,Aria_795049_0,755,0.9461152882205514,0.4102175575466483,75.0,796
chopin_op67_no1,PianoCoRe_103276,PERiScoPe_134612901,PERiScoPe,Transkun V2,"Chopin,_Frédéric/Mazurkas,_Op.67/1._Vivace_(G_major)/score_MS_refined.mid",chopin_op67_no1__PianoCoRe_103276,real,chopin_op67_no1,chopin_op67_no1,PERiScoPe_134612901,765,0.9586466165413534,0.37579535164062766,74.0,796
chopin_op6_no3,PianoCoRe_100141,Aria_020498_0,Aria-MIDI,Aria-AMT,"Chopin,_Frédéric/Mazurkas,_Op.6/3._Vivace_(E_major)/score_MS_refined.mid",chopin_op6_no3__PianoCoRe_100141,real,chopin_op6_no3,chopin_op6_no3,Aria_020498_0,1245,0.9229058561897702,0.40877029382810104,70.0,1348
chopin_op6_no3,PianoCoRe_100142,Aria_023246_0,Aria-MIDI,Aria-AMT,"Chopin,_Frédéric/Mazurkas,_Op.6/3._Vivace_(E_major)/score_MS_refined.mid",chopin_op6_no3__PianoCoRe_100142,real,chopin_op6_no3,chopin_op6_no3,Aria_023246_0,1207,0.8947368421052632,0.3481882898163834,55.0,1348
chopin_op6_no3,PianoCoRe_100143,Aria_051662_0,Aria-MIDI,Aria-AMT,"Chopin,_Frédéric/Mazurkas,_Op.6/3._Vivace_(E_major)/score_MS_refined.mid",chopin_op6_no3__PianoCoRe_100143,real,chopin_op6_no3,chopin_op6_no3,Aria_051662_0,1285,0.9525574499629355,0.3254105441142649,70.0,1348
chopin_op6_no3,PianoCoRe_100144,Aria_086895_0,Aria-MIDI,Aria-AMT,"Chopin,_Frédéric/Mazurkas,_Op.6/3._Vivace_(E_major)/score_MS_refined.mid",chopin_op6_no3__PianoCoRe_100144,real,chopin_op6_no3,chopin_op6_no3,Aria_086895_0,1289,0.955522609340252,0.4134252545309612,70.0,1348
chopin_op6_no3,PianoCoRe_100145,Aria_108225_0,Aria-MIDI,Aria-AMT,"Chopin,_Frédéric/Mazurkas,_Op.6/3._Vivace_(E_major)/score_MS_refined.mid",chopin_op6_no3__PianoCoRe_100145,real,chopin_op6_no3,chopin_op6_no3,Aria_108225_0,1237,0.9169755374351372,0.3511984998316898,60.0,1348
chopin_op6_no3,PianoCoRe_100146,Aria_117679_0,Aria-MIDI,Aria-AMT,"Chopin,_Frédéric/Mazurkas,_Op.6/3._Vivace_(E_major)/score_MS_refined.mid",chopin_op6_no3__PianoCoRe_100146,real,chopin_op6_no3,chopin_op6_no3,Aria_117679_0,1264,0.9369903632320237,0.35606459656600925,55.0,1348
chopin_op6_no3,PianoCoRe_100147,Aria_125264_0,Aria-MIDI,Aria-AMT,"Chopin,_Frédéric/Mazurkas,_Op.6/3._Vivace_(E_major)/score_MS_refined.mid",chopin_op6_no3__PianoCoRe_100147,real,chopin_op6_no3,chopin_op6_no3,Aria_125264_0,1234,0.9147516679021498,0.3440559175615512,60.0,1348
chopin_op6_no3,PianoCoRe_100148,Aria_126696_0,Aria-MIDI,Aria-AMT,"Chopin,_Frédéric/Mazurkas,_Op.6/3._Vivace_(E_major)/score_MS_refined.mid",chopin_op6_no3__PianoCoRe_100148,real,chopin_op6_no3,chopin_op6_no3,Aria_126696_0,1271,0.9421793921423276,0.3649672360640061,65.0,1348
chopin_op6_no3,PianoCoRe_100150,Aria_157271_0,Aria-MIDI,Aria-AMT,"Chopin,_Frédéric/Mazurkas,_Op.6/3._Vivace_(E_major)/score_MS_refined.mid",chopin_op6_no3__PianoCoRe_100150,real,chopin_op6_no3,chopin_op6_no3,Aria_157271_0,1292,0.9577464788732394,0.3955207247003732,60.0,1348
chopin_op6_no3,PianoCoRe_100151,Aria_158510_0,Aria-MIDI,Aria-AMT,"Chopin,_Frédéric/Mazurkas,_Op.6/3._Vivace_(E_major)/score_MS_refined.mid",chopin_op6_no3__PianoCoRe_100151,real,chopin_op6_no3,chopin_op6_no3,Aria_158510_0,1271,0.9421793921423276,0.3975063079267675,70.0,1348
chopin_op6_no3,PianoCoRe_100154,Aria_276943_0,Aria-MIDI,Aria-AMT,"Chopin,_Frédéric/Mazurkas,_Op.6/3._Vivace_(E_major)/score_MS_refined.mid",chopin_op6_no3__PianoCoRe_100154,real,chopin_op6_no3,chopin_op6_no3,Aria_276943_0,1300,0.9636767976278725,0.391076252864068,70.0,1348
chopin_op6_no3,PianoCoRe_100155,Aria_384002_0,Aria-MIDI,Aria-AMT,"Chopin,_Frédéric/Mazurkas,_Op.6/3._Vivace_(E_major)/score_MS_refined.mid",chopin_op6_no3__PianoCoRe_100155,real,chopin_op6_no3,chopin_op6_no3,Aria_384002_0,1240,0.9191994069681245,0.3570123551400367,60.0,1348
chopin_op6_no3,PianoCoRe_100156,Aria_388274_0,Aria-MIDI,Aria-AMT,"Chopin,_Frédéric/Mazurkas,_Op.6/3._Vivace_(E_major)/score_MS_refined.mid",chopin_op6_no3__PianoCoRe_100156,real,chopin_op6_no3,chopin_op6_no3,Aria_388274_0,1279,0.9481097108969607,0.3625093119985634,60.0,1348
chopin_op6_no3,PianoCoRe_100157,Aria_392955_0,Aria-MIDI,Aria-AMT,"Chopin,_Frédéric/Mazurkas,_Op.6/3._Vivace_(E_major)/score_MS_refined.mid",chopin_op6_no3__PianoCoRe_100157,real,chopin_op6_no3,chopin_op6_no3,Aria_392955_0,1302,0.9651593773165308,0.42054072652509256,60.0,1348
chopin_op6_no3,PianoCoRe_100159,Aria_437343_0,Aria-MIDI,Aria-AMT,"Chopin,_Frédéric/Mazurkas,_Op.6/3._Vivace_(E_major)/score_MS_refined.mid",chopin_op6_no3__PianoCoRe_100159,real,chopin_op6_no3,chopin_op6_no3,Aria_437343_0,1232,0.9132690882134915,0.35324046944100923,65.0,1348
chopin_op6_no3,PianoCoRe_100160,Aria_514357_0,Aria-MIDI,Aria-AMT,"Chopin,_Frédéric/Mazurkas,_Op.6/3._Vivace_(E_major)/score_MS_refined.mid",chopin_op6_no3__PianoCoRe_100160,real,chopin_op6_no3,chopin_op6_no3,Aria_514357_0,1192,0.8836174944403261,0.3415638307175637,65.0,1348
chopin_op6_no3,PianoCoRe_100161,Aria_522723_0,Aria-MIDI,Aria-AMT,"Chopin,_Frédéric/Mazurkas,_Op.6/3._Vivace_(E_major)/score_MS_refined.mid",chopin_op6_no3__PianoCoRe_100161,real,chopin_op6_no3,chopin_op6_no3,Aria_522723_0,1089,0.8072646404744255,0.3914393709386943,55.0,1348
chopin_op6_no3,PianoCoRe_100162,Aria_568806_0,Aria-MIDI,Aria-AMT,"Chopin,_Frédéric/Mazurkas,_Op.6/3._Vivace_(E_major)/score_MS_refined.mid",chopin_op6_no3__PianoCoRe_100162,real,chopin_op6_no3,chopin_op6_no3,Aria_568806_0,1323,0.9807264640474426,0.3536920193501107,65.0,1348
chopin_op6_no3,PianoCoRe_100163,Aria_688076_0,Aria-MIDI,Aria-AMT,"Chopin,_Frédéric/Mazurkas,_Op.6/3._Vivace_(E_major)/score_MS_refined.mid",chopin_op6_no3__PianoCoRe_100163,real,chopin_op6_no3,chopin_op6_no3,Aria_688076_0,1260,0.9340252038547072,0.36782253160353123,65.0,1348
chopin_op6_no3,PianoCoRe_100165,Aria_723220_0,Aria-MIDI,Aria-AMT,"Chopin,_Frédéric/Mazurkas,_Op.6/3._Vivace_(E_major)/score_MS_refined.mid",chopin_op6_no3__PianoCoRe_100165,real,chopin_op6_no3,chopin_op6_no3,Aria_723220_0,1291,0.9570051890289103,0.4202397171062864,65.0,1348
chopin_op6_no3,PianoCoRe_100167,Aria_759317_0,Aria-MIDI,Aria-AMT,"Chopin,_Frédéric/Mazurkas,_Op.6/3._Vivace_(E_major)/score_MS_refined.mid",chopin_op6_no3__PianoCoRe_100167,real,chopin_op6_no3,chopin_op6_no3,Aria_759317_0,1185,0.8784284655300222,0.35749444096734845,65.0,1348
chopin_op6_no3,PianoCoRe_100169,Aria_783620_0,Aria-MIDI,Aria-AMT,"Chopin,_Frédéric/Mazurkas,_Op.6/3._Vivace_(E_major)/score_MS_refined.mid",chopin_op6_no3__PianoCoRe_100169,real,chopin_op6_no3,chopin_op6_no3,Aria_783620_0,1220,0.9043736100815419,0.3931618733294634,60.0,1348
chopin_op6_no3,PianoCoRe_100171,Aria_831963_0,Aria-MIDI,Aria-AMT,"Chopin,_Frédéric/Mazurkas,_Op.6/3._Vivace_(E_major)/score_MS_refined.mid",chopin_op6_no3__PianoCoRe_100171,real,chopin_op6_no3,chopin_op6_no3,Aria_831963_0,1300,0.9636767976278725,0.41600663670360116,65.0,1348
chopin_op6_no3,PianoCoRe_100172,Aria_844972_0,Aria-MIDI,Aria-AMT,"Chopin,_Frédéric/Mazurkas,_Op.6/3._Vivace_(E_major)/score_MS_refined.mid",chopin_op6_no3__PianoCoRe_100172,real,chopin_op6_no3,chopin_op6_no3,Aria_844972_0,1301,0.9644180874722016,0.38584654070632035,90.0,1348
chopin_op6_no3,PianoCoRe_100173,Aria_856817_0,Aria-MIDI,Aria-AMT,"Chopin,_Frédéric/Mazurkas,_Op.6/3._Vivace_(E_major)/score_MS_refined.mid",chopin_op6_no3__PianoCoRe_100173,real,chopin_op6_no3,chopin_op6_no3,Aria_856817_0,1283,0.9510748702742773,0.3009607776145324,65.0,1348
chopin_op6_no3,PianoCoRe_100174,Aria_886582_0,Aria-MIDI,Aria-AMT,"Chopin,_Frédéric/Mazurkas,_Op.6/3._Vivace_(E_major)/score_MS_refined.mid",chopin_op6_no3__PianoCoRe_100174,real,chopin_op6_no3,chopin_op6_no3,Aria_886582_0,1245,0.9229058561897702,0.4286030051711857,60.0,1348
chopin_op6_no3,PianoCoRe_100175,PERiScoPe_16624979,PERiScoPe,Transkun V2,"Chopin,_Frédéric/Mazurkas,_Op.6/3._Vivace_(E_major)/score_MS_refined.mid",chopin_op6_no3__PianoCoRe_100175,real,chopin_op6_no3,chopin_op6_no3,PERiScoPe_16624979,1161,0.860637509266123,0.32380655192393043,60.0,1348
chopin_op6_no3,PianoCoRe_100176,PERiScoPe_66017747,PERiScoPe,Transkun V2,"Chopin,_Frédéric/Mazurkas,_Op.6/3._Vivace_(E_major)/score_MS_refined.mid",chopin_op6_no3__PianoCoRe_100176,real,chopin_op6_no3,chopin_op6_no3,PERiScoPe_66017747,1293,0.9584877687175686,0.38103990932505094,56.0,1348
chopin_op6_no3,PianoCoRe_100178,PERiScoPe_134614541,PERiScoPe,Transkun V2,"Chopin,_Frédéric/Mazurkas,_Op.6/3._Vivace_(E_major)/score_MS_refined.mid",chopin_op6_no3__PianoCoRe_100178,real,chopin_op6_no3,chopin_op6_no3,PERiScoPe_134614541,1229,0.911045218680504,0.28201663921787873,69.0,1348
chopin_op6_no3,PianoCoRe_100179,PERiScoPe_497432522,PERiScoPe,Transkun V2,"Chopin,_Frédéric/Mazurkas,_Op.6/3._Vivace_(E_major)/score_MS_refined.mid",chopin_op6_no3__PianoCoRe_100179,real,chopin_op6_no3,chopin_op6_no3,PERiScoPe_497432522,1221,0.905114899925871,0.28638312427139223,71.0,1348
chopin_op6_no3,PianoCoRe_100180,PERiScoPe_964321562,PERiScoPe,Transkun V2,"Chopin,_Frédéric/Mazurkas,_Op.6/3._Vivace_(E_major)/score_MS_refined.mid",chopin_op6_no3__PianoCoRe_100180,real,chopin_op6_no3,chopin_op6_no3,PERiScoPe_964321562,1291,0.9570051890289103,0.34884866250137975,59.0,1348
clementi_op36_no2,PianoCoRe_131928,Aria_043777_0,Aria-MIDI,Aria-AMT,"Clementi,_Muzio/Piano_Sonatina_in_G_major,_Op.36,_No.2/score_PDMX_refined.mid",clementi_op36_no2__PianoCoRe_131928,real,clementi_op36_no2,clementi_op36_no2,Aria_043777_0,2076,0.99568345323741,0.5563245701549117,60.0,2084
clementi_op36_no2,PianoCoRe_131929,Aria_060404_0,Aria-MIDI,Aria-AMT,"Clementi,_Muzio/Piano_Sonatina_in_G_major,_Op.36,_No.2/score_PDMX_refined.mid",clementi_op36_no2__PianoCoRe_131929,real,clementi_op36_no2,clementi_op36_no2,Aria_060404_0,2082,0.9985611510791367,0.7118127037181321,60.0,2084
clementi_op36_no2,PianoCoRe_131930,Aria_075953_0,Aria-MIDI,Aria-AMT,"Clementi,_Muzio/Piano_Sonatina_in_G_major,_Op.36,_No.2/score_PDMX_refined.mid",clementi_op36_no2__PianoCoRe_131930,real,clementi_op36_no2,clementi_op36_no2,Aria_075953_0,2069,0.992326139088729,0.5944980608581579,70.0,2084
clementi_op36_no2,PianoCoRe_131931,Aria_102769_0,Aria-MIDI,Aria-AMT,"Clementi,_Muzio/Piano_Sonatina_in_G_major,_Op.36,_No.2/score_PDMX_refined.mid",clementi_op36_no2__PianoCoRe_131931,real,clementi_op36_no2,clementi_op36_no2,Aria_102769_0,2066,0.9908872901678657,0.6956699971721556,50.0,2084
clementi_op36_no2,PianoCoRe_131932,Aria_105993_0,Aria-MIDI,Aria-AMT,"Clementi,_Muzio/Piano_Sonatina_in_G_major,_Op.36,_No.2/score_PDMX_refined.mid",clementi_op36_no2__PianoCoRe_131932,real,clementi_op36_no2,clementi_op36_no2,Aria_105993_0,2075,0.9952038369304557,0.5915250475535917,75.0,2084
clementi_op36_no2,PianoCoRe_131934,Aria_132266_0,Aria-MIDI,Aria-AMT,"Clementi,_Muzio/Piano_Sonatina_in_G_major,_Op.36,_No.2/score_PDMX_refined.mid",clementi_op36_no2__PianoCoRe_131934,real,clementi_op36_no2,clementi_op36_no2,Aria_132266_0,1698,0.814388489208633,0.616039388724276,60.0,2084
clementi_op36_no2,PianoCoRe_131935,Aria_159772_0,Aria-MIDI,Aria-AMT,"Clementi,_Muzio/Piano_Sonatina_in_G_major,_Op.36,_No.2/score_PDMX_refined.mid",clementi_op36_no2__PianoCoRe_131935,real,clementi_op36_no2,clementi_op36_no2,Aria_159772_0,2078,0.996642685851319,0.6511942896370065,60.0,2084
clementi_op36_no2,PianoCoRe_131937,Aria_185302_0,Aria-MIDI,Aria-AMT,"Clementi,_Muzio/Piano_Sonatina_in_G_major,_Op.36,_No.2/score_PDMX_refined.mid",clementi_op36_no2__PianoCoRe_131937,real,clementi_op36_no2,clementi_op36_no2,Aria_185302_0,1708,0.8191846522781775,0.5413887388350157,65.0,2084
clementi_op36_no2,PianoCoRe_131938,Aria_186371_1,Aria-MIDI,Aria-AMT,"Clementi,_Muzio/Piano_Sonatina_in_G_major,_Op.36,_No.2/score_PDMX_refined.mid",clementi_op36_no2__PianoCoRe_131938,real,clementi_op36_no2,clementi_op36_no2,Aria_186371_1,2071,0.9932853717026379,0.5090124272508514,60.0,2084
clementi_op36_no2,PianoCoRe_131939,Aria_186437_0,Aria-MIDI,Aria-AMT,"Clementi,_Muzio/Piano_Sonatina_in_G_major,_Op.36,_No.2/score_PDMX_refined.mid",clementi_op36_no2__PianoCoRe_131939,real,clementi_op36_no2,clementi_op36_no2,Aria_186437_0,2072,0.9937649880095923,0.6549567635603518,65.0,2084
clementi_op36_no2,PianoCoRe_131940,Aria_194948_0,Aria-MIDI,Aria-AMT,"Clementi,_Muzio/Piano_Sonatina_in_G_major,_Op.36,_No.2/score_PDMX_refined.mid",clementi_op36_no2__PianoCoRe_131940,real,clementi_op36_no2,clementi_op36_no2,Aria_194948_0,2081,0.9980815347721822,0.7053657124862288,90.0,2084
clementi_op36_no2,PianoCoRe_131942,Aria_241464_0,Aria-MIDI,Aria-AMT,"Clementi,_Muzio/Piano_Sonatina_in_G_major,_Op.36,_No.2/score_PDMX_refined.mid",clementi_op36_no2__PianoCoRe_131942,real,clementi_op36_no2,clementi_op36_no2,Aria_241464_0,2048,0.9822541966426859,0.5416643607373447,75.0,2084
clementi_op36_no2,PianoCoRe_131943,Aria_247247_0,Aria-MIDI,Aria-AMT,"Clementi,_Muzio/Piano_Sonatina_in_G_major,_Op.36,_No.2/score_PDMX_refined.mid",clementi_op36_no2__PianoCoRe_131943,real,clementi_op36_no2,clementi_op36_no2,Aria_247247_0,2073,0.9942446043165467,0.5459209489421688,70.0,2084
clementi_op36_no2,PianoCoRe_131945,Aria_330584_0,Aria-MIDI,Aria-AMT,"Clementi,_Muzio/Piano_Sonatina_in_G_major,_Op.36,_No.2/score_PDMX_refined.mid",clementi_op36_no2__PianoCoRe_131945,real,clementi_op36_no2,clementi_op36_no2,Aria_330584_0,2077,0.9961630695443645,0.5474617970030548,60.0,2084
clementi_op36_no2,PianoCoRe_131946,Aria_336531_0,Aria-MIDI,Aria-AMT,"Clementi,_Muzio/Piano_Sonatina_in_G_major,_Op.36,_No.2/score_PDMX_refined.mid",clementi_op36_no2__PianoCoRe_131946,real,clementi_op36_no2,clementi_op36_no2,Aria_336531_0,1707,0.818705035971223,0.528793431180171,65.0,2084
clementi_op36_no2,PianoCoRe_131947,Aria_404408_0,Aria-MIDI,Aria-AMT,"Clementi,_Muzio/Piano_Sonatina_in_G_major,_Op.36,_No.2/score_PDMX_refined.mid",clementi_op36_no2__PianoCoRe_131947,real,clementi_op36_no2,clementi_op36_no2,Aria_404408_0,2056,0.9860911270983214,0.6278900166963355,65.0,2084
clementi_op36_no2,PianoCoRe_131948,Aria_451918_0,Aria-MIDI,Aria-AMT,"Clementi,_Muzio/Piano_Sonatina_in_G_major,_Op.36,_No.2/score_PDMX_refined.mid",clementi_op36_no2__PianoCoRe_131948,real,clementi_op36_no2,clementi_op36_no2,Aria_451918_0,1699,0.8148681055155875,0.5106733337022377,65.0,2084
clementi_op36_no2,PianoCoRe_131949,Aria_462422_0,Aria-MIDI,Aria-AMT,"Clementi,_Muzio/Piano_Sonatina_in_G_major,_Op.36,_No.2/score_PDMX_refined.mid",clementi_op36_no2__PianoCoRe_131949,real,clementi_op36_no2,clementi_op36_no2,Aria_462422_0,2078,0.996642685851319,0.7254345476752284,75.0,2084
clementi_op36_no2,PianoCoRe_131950,Aria_572069_0,Aria-MIDI,Aria-AMT,"Clementi,_Muzio/Piano_Sonatina_in_G_major,_Op.36,_No.2/score_PDMX_refined.mid",clementi_op36_no2__PianoCoRe_131950,real,clementi_op36_no2,clementi_op36_no2,Aria_572069_0,2065,0.9904076738609112,0.6715765003615178,65.0,2084
clementi_op36_no2,PianoCoRe_131953,Aria_637100_0,Aria-MIDI,Aria-AMT,"Clementi,_Muzio/Piano_Sonatina_in_G_major,_Op.36,_No.2/score_PDMX_refined.mid",clementi_op36_no2__PianoCoRe_131953,real,clementi_op36_no2,clementi_op36_no2,Aria_637100_0,2035,0.9760191846522782,0.6350768530936517,60.0,2084
clementi_op36_no2,PianoCoRe_131954,Aria_674645_0,Aria-MIDI,Aria-AMT,"Clementi,_Muzio/Piano_Sonatina_in_G_major,_Op.36,_No.2/score_PDMX_refined.mid",clementi_op36_no2__PianoCoRe_131954,real,clementi_op36_no2,clementi_op36_no2,Aria_674645_0,2077,0.9961630695443645,0.7314436571863456,70.0,2084
clementi_op36_no2,PianoCoRe_131957,Aria_744924_0,Aria-MIDI,Aria-AMT,"Clementi,_Muzio/Piano_Sonatina_in_G_major,_Op.36,_No.2/score_PDMX_refined.mid",clementi_op36_no2__PianoCoRe_131957,real,clementi_op36_no2,clementi_op36_no2,Aria_744924_0,2078,0.996642685851319,0.6558041380126485,70.0,2084
clementi_op36_no2,PianoCoRe_131959,Aria_801089_0,Aria-MIDI,Aria-AMT,"Clementi,_Muzio/Piano_Sonatina_in_G_major,_Op.36,_No.2/score_PDMX_refined.mid",clementi_op36_no2__PianoCoRe_131959,real,clementi_op36_no2,clementi_op36_no2,Aria_801089_0,1897,0.9098321342925659,0.6284147202714828,65.0,2084
clementi_op36_no2,PianoCoRe_131960,Aria_876507_0,Aria-MIDI,Aria-AMT,"Clementi,_Muzio/Piano_Sonatina_in_G_major,_Op.36,_No.2/score_PDMX_refined.mid",clementi_op36_no2__PianoCoRe_131960,real,clementi_op36_no2,clementi_op36_no2,Aria_876507_0,2070,0.9928057553956835,0.5142474600536246,70.0,2084
clementi_op36_no2,PianoCoRe_131962,Aria_883318_1,Aria-MIDI,Aria-AMT,"Clementi,_Muzio/Piano_Sonatina_in_G_major,_Op.36,_No.2/score_PDMX_refined.mid",clementi_op36_no2__PianoCoRe_131962,real,clementi_op36_no2,clementi_op36_no2,Aria_883318_1,2079,0.9971223021582734,0.6566119601136828,80.0,2084
clementi_op36_no2,PianoCoRe_131963,Aria_894887_0,Aria-MIDI,Aria-AMT,"Clementi,_Muzio/Piano_Sonatina_in_G_major,_Op.36,_No.2/score_PDMX_refined.mid",clementi_op36_no2__PianoCoRe_131963,real,clementi_op36_no2,clementi_op36_no2,Aria_894887_0,2028,0.9726618705035971,0.684632656193065,60.0,2084
clementi_op36_no3,PianoCoRe_131389,Aria_041111_0_mini,Aria-MIDI,Aria-AMT,"Clementi,_Muzio/Piano_Sonatina_in_C_major,_Op.36,_No.3/score_PDMX_mini_refined.mid",clementi_op36_no3__PianoCoRe_131389,real,clementi_op36_no3,clementi_op36_no3,Aria_041111_0_mini,2038,0.9926936190940088,0.5120310348778123,75.0,2043
clementi_op36_no3,PianoCoRe_131391,Aria_123703_0_mini,Aria-MIDI,Aria-AMT,"Clementi,_Muzio/Piano_Sonatina_in_C_major,_Op.36,_No.3/score_PDMX_mini_refined.mid",clementi_op36_no3__PianoCoRe_131391,real,clementi_op36_no3,clementi_op36_no3,Aria_123703_0_mini,2022,0.9849001461276181,0.6024777723270359,60.0,2043
clementi_op36_no3,PianoCoRe_131392,Aria_136353_0_mini,Aria-MIDI,Aria-AMT,"Clementi,_Muzio/Piano_Sonatina_in_C_major,_Op.36,_No.3/score_PDMX_mini_refined.mid",clementi_op36_no3__PianoCoRe_131392,real,clementi_op36_no3,clementi_op36_no3,Aria_136353_0_mini,2031,0.9892839746712129,0.5140603974923197,70.0,2043
clementi_op36_no3,PianoCoRe_131395,Aria_186909_0_mini,Aria-MIDI,Aria-AMT,"Clementi,_Muzio/Piano_Sonatina_in_C_major,_Op.36,_No.3/score_PDMX_mini_refined.mid",clementi_op36_no3__PianoCoRe_131395,real,clementi_op36_no3,clementi_op36_no3,Aria_186909_0_mini,2025,0.9863614223088164,0.6066864012883275,70.0,2043
clementi_op36_no3,PianoCoRe_131398,Aria_229340_0_mini,Aria-MIDI,Aria-AMT,"Clementi,_Muzio/Piano_Sonatina_in_C_major,_Op.36,_No.3/score_PDMX_mini_refined.mid",clementi_op36_no3__PianoCoRe_131398,real,clementi_op36_no3,clementi_op36_no3,Aria_229340_0_mini,2029,0.988309790550414,0.5963433970295106,70.0,2043
clementi_op36_no3,PianoCoRe_131399,Aria_230834_0_mini,Aria-MIDI,Aria-AMT,"Clementi,_Muzio/Piano_Sonatina_in_C_major,_Op.36,_No.3/score_PDMX_mini_refined.mid",clementi_op36_no3__PianoCoRe_131399,real,clementi_op36_no3,clementi_op36_no3,Aria_230834_0_mini,1814,0.8835849975645397,0.4293859515168513,75.0,2043
clementi_op36_no3,PianoCoRe_131400,Aria_252398_0_mini,Aria-MIDI,Aria-AMT,"Clementi,_Muzio/Piano_Sonatina_in_C_major,_Op.36,_No.3/score_PDMX_mini_refined.mid",clementi_op36_no3__PianoCoRe_131400,real,clementi_op36_no3,clementi_op36_no3,Aria_252398_0_mini,2024,0.985874330248417,0.4890918809125375,65.0,2043
clementi_op36_no3,PianoCoRe_131403,Aria_324946_0_mini,Aria-MIDI,Aria-AMT,"Clementi,_Muzio/Piano_Sonatina_in_C_major,_Op.36,_No.3/score_PDMX_mini_refined.mid",clementi_op36_no3__PianoCoRe_131403,real,clementi_op36_no3,clementi_op36_no3,Aria_324946_0_mini,2032,0.9897710667316123,0.550570564974318,70.0,2043
clementi_op36_no3,PianoCoRe_131404,Aria_334923_0_mini,Aria-MIDI,Aria-AMT,"Clementi,_Muzio/Piano_Sonatina_in_C_major,_Op.36,_No.3/score_PDMX_mini_refined.mid",clementi_op36_no3__PianoCoRe_131404,real,clementi_op36_no3,clementi_op36_no3,Aria_334923_0_mini,1852,0.9020944958597175,0.4782695675072941,70.0,2043
clementi_op36_no3,PianoCoRe_131405,Aria_374685_0_mini,Aria-MIDI,Aria-AMT,"Clementi,_Muzio/Piano_Sonatina_in_C_major,_Op.36,_No.3/score_PDMX_mini_refined.mid",clementi_op36_no3__PianoCoRe_131405,real,clementi_op36_no3,clementi_op36_no3,Aria_374685_0_mini,2019,0.9834388699464198,0.5360156319462338,60.0,2043
clementi_op36_no3,PianoCoRe_131406,Aria_431505_0_mini,Aria-MIDI,Aria-AMT,"Clementi,_Muzio/Piano_Sonatina_in_C_major,_Op.36,_No.3/score_PDMX_mini_refined.mid",clementi_op36_no3__PianoCoRe_131406,real,clementi_op36_no3,clementi_op36_no3,Aria_431505_0_mini,1870,0.910862152946907,0.44097660132509386,70.0,2043
clementi_op36_no3,PianoCoRe_131409,Aria_442038_0_mini,Aria-MIDI,Aria-AMT,"Clementi,_Muzio/Piano_Sonatina_in_C_major,_Op.36,_No.3/score_PDMX_mini_refined.mid",clementi_op36_no3__PianoCoRe_131409,real,clementi_op36_no3,clementi_op36_no3,Aria_442038_0_mini,2018,0.9829517778860205,0.5697510364391875,70.0,2043
clementi_op36_no3,PianoCoRe_131411,Aria_463858_0_mini,Aria-MIDI,Aria-AMT,"Clementi,_Muzio/Piano_Sonatina_in_C_major,_Op.36,_No.3/score_PDMX_mini_refined.mid",clementi_op36_no3__PianoCoRe_131411,real,clementi_op36_no3,clementi_op36_no3,Aria_463858_0_mini,1959,0.9542133463224549,0.6416564090272141,70.0,2043
clementi_op36_no3,PianoCoRe_131414,Aria_498213_0_mini,Aria-MIDI,Aria-AMT,"Clementi,_Muzio/Piano_Sonatina_in_C_major,_Op.36,_No.3/score_PDMX_mini_refined.mid",clementi_op36_no3__PianoCoRe_131414,real,clementi_op36_no3,clementi_op36_no3,Aria_498213_0_mini,2037,0.9922065270336093,0.5429253862470513,70.0,2043
clementi_op36_no3,PianoCoRe_131416,Aria_508908_0_mini,Aria-MIDI,Aria-AMT,"Clementi,_Muzio/Piano_Sonatina_in_C_major,_Op.36,_No.3/score_PDMX_mini_refined.mid",clementi_op36_no3__PianoCoRe_131416,real,clementi_op36_no3,clementi_op36_no3,Aria_508908_0_mini,2023,0.9853872381880175,0.5187511552933336,65.0,2043
clementi_op36_no3,PianoCoRe_131418,Aria_549477_0_mini,Aria-MIDI,Aria-AMT,"Clementi,_Muzio/Piano_Sonatina_in_C_major,_Op.36,_No.3/score_PDMX_mini_refined.mid",clementi_op36_no3__PianoCoRe_131418,real,clementi_op36_no3,clementi_op36_no3,Aria_549477_0_mini,2021,0.9844130540672187,0.4063460610612083,70.0,2043
clementi_op36_no3,PianoCoRe_131419,Aria_565556_0_mini,Aria-MIDI,Aria-AMT,"Clementi,_Muzio/Piano_Sonatina_in_C_major,_Op.36,_No.3/score_PDMX_mini_refined.mid",clementi_op36_no3__PianoCoRe_131419,real,clementi_op36_no3,clementi_op36_no3,Aria_565556_0_mini,2011,0.9795421334632245,0.5058817008715665,65.0,2043
clementi_op36_no3,PianoCoRe_131421,Aria_636381_0_mini,Aria-MIDI,Aria-AMT,"Clementi,_Muzio/Piano_Sonatina_in_C_major,_Op.36,_No.3/score_PDMX_mini_refined.mid",clementi_op36_no3__PianoCoRe_131421,real,clementi_op36_no3,clementi_op36_no3,Aria_636381_0_mini,2026,0.9868485143692158,0.5132944553588248,65.0,2043
clementi_op36_no3,PianoCoRe_131425,Aria_704320_0_mini,Aria-MIDI,Aria-AMT,"Clementi,_Muzio/Piano_Sonatina_in_C_major,_Op.36,_No.3/score_PDMX_mini_refined.mid",clementi_op36_no3__PianoCoRe_131425,real,clementi_op36_no3,clementi_op36_no3,Aria_704320_0_mini,1975,0.9620068192888456,0.6096641478477526,60.0,2043
clementi_op36_no3,PianoCoRe_131427,Aria_719074_0_mini,Aria-MIDI,Aria-AMT,"Clementi,_Muzio/Piano_Sonatina_in_C_major,_Op.36,_No.3/score_PDMX_mini_refined.mid",clementi_op36_no3__PianoCoRe_131427,real,clementi_op36_no3,clementi_op36_no3,Aria_719074_0_mini,2032,0.9897710667316123,0.5816921148262768,65.0,2043
clementi_op36_no3,PianoCoRe_131429,Aria_747240_0_mini,Aria-MIDI,Aria-AMT,"Clementi,_Muzio/Piano_Sonatina_in_C_major,_Op.36,_No.3/score_PDMX_mini_refined.mid",clementi_op36_no3__PianoCoRe_131429,real,clementi_op36_no3,clementi_op36_no3,Aria_747240_0_mini,2013,0.9805163175840234,0.6111302914998966,70.0,2043
clementi_op36_no3,PianoCoRe_131432,Aria_765473_0_mini,Aria-MIDI,Aria-AMT,"Clementi,_Muzio/Piano_Sonatina_in_C_major,_Op.36,_No.3/score_PDMX_mini_refined.mid",clementi_op36_no3__PianoCoRe_131432,real,clementi_op36_no3,clementi_op36_no3,Aria_765473_0_mini,2023,0.9853872381880175,0.5130615004742818,70.0,2043
clementi_op36_no3,PianoCoRe_131433,Aria_768546_0_mini,Aria-MIDI,Aria-AMT,"Clementi,_Muzio/Piano_Sonatina_in_C_major,_Op.36,_No.3/score_PDMX_mini_refined.mid",clementi_op36_no3__PianoCoRe_131433,real,clementi_op36_no3,clementi_op36_no3,Aria_768546_0_mini,2005,0.976619581100828,0.5724998040784536,70.0,2043
clementi_op36_no3,PianoCoRe_131435,Aria_776670_0_mini,Aria-MIDI,Aria-AMT,"Clementi,_Muzio/Piano_Sonatina_in_C_major,_Op.36,_No.3/score_PDMX_mini_refined.mid",clementi_op36_no3__PianoCoRe_131435,real,clementi_op36_no3,clementi_op36_no3,Aria_776670_0_mini,1833,0.8928397467121286,0.4599510623385537,75.0,2043
clementi_op36_no3,PianoCoRe_131436,Aria_820657_0_mini,Aria-MIDI,Aria-AMT,"Clementi,_Muzio/Piano_Sonatina_in_C_major,_Op.36,_No.3/score_PDMX_mini_refined.mid",clementi_op36_no3__PianoCoRe_131436,real,clementi_op36_no3,clementi_op36_no3,Aria_820657_0_mini,2005,0.976619581100828,0.49790979825101517,70.0,2043
clementi_op36_no3,PianoCoRe_131437,Aria_829173_0_mini,Aria-MIDI,Aria-AMT,"Clementi,_Muzio/Piano_Sonatina_in_C_major,_Op.36,_No.3/score_PDMX_mini_refined.mid",clementi_op36_no3__PianoCoRe_131437,real,clementi_op36_no3,clementi_op36_no3,Aria_829173_0_mini,1974,0.9615197272284461,0.5796220335297196,70.0,2043
clementi_op36_no3,PianoCoRe_131438,Aria_839711_0_mini,Aria-MIDI,Aria-AMT,"Clementi,_Muzio/Piano_Sonatina_in_C_major,_Op.36,_No.3/score_PDMX_mini_refined.mid",clementi_op36_no3__PianoCoRe_131438,real,clementi_op36_no3,clementi_op36_no3,Aria_839711_0_mini,1830,0.8913784705309303,0.4955561857257313,70.0,2043
clementi_op36_no3,PianoCoRe_131439,Aria_841014_0_mini,Aria-MIDI,Aria-AMT,"Clementi,_Muzio/Piano_Sonatina_in_C_major,_Op.36,_No.3/score_PDMX_mini_refined.mid",clementi_op36_no3__PianoCoRe_131439,real,clementi_op36_no3,clementi_op36_no3,Aria_841014_0_mini,2037,0.9922065270336093,0.5471259385004245,70.0,2043
clementi_op36_no3,PianoCoRe_131442,Aria_905764_0_mini,Aria-MIDI,Aria-AMT,"Clementi,_Muzio/Piano_Sonatina_in_C_major,_Op.36,_No.3/score_PDMX_mini_refined.mid",clementi_op36_no3__PianoCoRe_131442,real,clementi_op36_no3,clementi_op36_no3,Aria_905764_0_mini,2033,0.9902581587920117,0.5296161028009455,65.0,2043
duvernoy_op176_no18,PianoCoRe_149908,Aria_091411_0,Aria-MIDI,Aria-AMT,"Duvernoy,_Jean-Baptiste/Elementary_Studies,_Op.176/No.18/score_PDMX_refined.mid",duvernoy_op176_no18__PianoCoRe_149908,real,duvernoy_op176_no18,duvernoy_op176_no18,Aria_091411_0,398,0.961352657004831,0.3694275840760072,65.0,414
duvernoy_op176_no18,PianoCoRe_149909,Aria_118868_0,Aria-MIDI,Aria-AMT,"Duvernoy,_Jean-Baptiste/Elementary_Studies,_Op.176/No.18/score_PDMX_refined.mid",duvernoy_op176_no18__PianoCoRe_149909,real,duvernoy_op176_no18,duvernoy_op176_no18,Aria_118868_0,403,0.9734299516908212,0.39937999538697455,60.0,414
duvernoy_op176_no18,PianoCoRe_149910,Aria_283677_0,Aria-MIDI,Aria-AMT,"Duvernoy,_Jean-Baptiste/Elementary_Studies,_Op.176/No.18/score_PDMX_refined.mid",duvernoy_op176_no18__PianoCoRe_149910,real,duvernoy_op176_no18,duvernoy_op176_no18,Aria_283677_0,406,0.9806763285024155,0.3081885779876832,60.0,414
duvernoy_op176_no18,PianoCoRe_149911,Aria_381035_0,Aria-MIDI,Aria-AMT,"Duvernoy,_Jean-Baptiste/Elementary_Studies,_Op.176/No.18/score_PDMX_refined.mid",duvernoy_op176_no18__PianoCoRe_149911,real,duvernoy_op176_no18,duvernoy_op176_no18,Aria_381035_0,406,0.9806763285024155,0.30543200952154487,75.0,414
duvernoy_op176_no18,PianoCoRe_149912,Aria_391598_0,Aria-MIDI,Aria-AMT,"Duvernoy,_Jean-Baptiste/Elementary_Studies,_Op.176/No.18/score_PDMX_refined.mid",duvernoy_op176_no18__PianoCoRe_149912,real,duvernoy_op176_no18,duvernoy_op176_no18,Aria_391598_0,406,0.9806763285024155,0.3550096212973107,50.0,414
duvernoy_op176_no18,PianoCoRe_149913,Aria_429428_0,Aria-MIDI,Aria-AMT,"Duvernoy,_Jean-Baptiste/Elementary_Studies,_Op.176/No.18/score_PDMX_refined.mid",duvernoy_op176_no18__PianoCoRe_149913,real,duvernoy_op176_no18,duvernoy_op176_no18,Aria_429428_0,406,0.9806763285024155,0.37553400462486675,55.0,414
duvernoy_op176_no18,PianoCoRe_149914,Aria_432478_0,Aria-MIDI,Aria-AMT,"Duvernoy,_Jean-Baptiste/Elementary_Studies,_Op.176/No.18/score_PDMX_refined.mid",duvernoy_op176_no18__PianoCoRe_149914,real,duvernoy_op176_no18,duvernoy_op176_no18,Aria_432478_0,406,0.9806763285024155,0.44394566926916235,60.0,414
duvernoy_op176_no18,PianoCoRe_149915,Aria_436656_0,Aria-MIDI,Aria-AMT,"Duvernoy,_Jean-Baptiste/Elementary_Studies,_Op.176/No.18/score_PDMX_refined.mid",duvernoy_op176_no18__PianoCoRe_149915,real,duvernoy_op176_no18,duvernoy_op176_no18,Aria_436656_0,406,0.9806763285024155,0.37910156678225954,65.0,414
duvernoy_op176_no18,PianoCoRe_149916,Aria_455380_0,Aria-MIDI,Aria-AMT,"Duvernoy,_Jean-Baptiste/Elementary_Studies,_Op.176/No.18/score_PDMX_refined.mid",duvernoy_op176_no18__PianoCoRe_149916,real,duvernoy_op176_no18,duvernoy_op176_no18,Aria_455380_0,405,0.9782608695652174,0.35811810891765855,65.0,414
duvernoy_op176_no18,PianoCoRe_149917,Aria_591735_0,Aria-MIDI,Aria-AMT,"Duvernoy,_Jean-Baptiste/Elementary_Studies,_Op.176/No.18/score_PDMX_refined.mid",duvernoy_op176_no18__PianoCoRe_149917,real,duvernoy_op176_no18,duvernoy_op176_no18,Aria_591735_0,403,0.9734299516908212,0.5084271365079018,60.0,414
duvernoy_op176_no18,PianoCoRe_149918,Aria_690266_0,Aria-MIDI,Aria-AMT,"Duvernoy,_Jean-Baptiste/Elementary_Studies,_Op.176/No.18/score_PDMX_refined.mid",duvernoy_op176_no18__PianoCoRe_149918,real,duvernoy_op176_no18,duvernoy_op176_no18,Aria_690266_0,406,0.9806763285024155,0.3902709943582354,65.0,414
duvernoy_op176_no18,PianoCoRe_149919,Aria_720681_0,Aria-MIDI,Aria-AMT,"Duvernoy,_Jean-Baptiste/Elementary_Studies,_Op.176/No.18/score_PDMX_refined.mid",duvernoy_op176_no18__PianoCoRe_149919,real,duvernoy_op176_no18,duvernoy_op176_no18,Aria_720681_0,406,0.9806763285024155,0.43706032380104837,75.0,414
duvernoy_op176_no18,PianoCoRe_149920,Aria_728046_0,Aria-MIDI,Aria-AMT,"Duvernoy,_Jean-Baptiste/Elementary_Studies,_Op.176/No.18/score_PDMX_refined.mid",duvernoy_op176_no18__PianoCoRe_149920,real,duvernoy_op176_no18,duvernoy_op176_no18,Aria_728046_0,405,0.9782608695652174,0.2836799162218718,55.0,414
duvernoy_op176_no18,PianoCoRe_149921,Aria_764508_0,Aria-MIDI,Aria-AMT,"Duvernoy,_Jean-Baptiste/Elementary_Studies,_Op.176/No.18/score_PDMX_refined.mid",duvernoy_op176_no18__PianoCoRe_149921,real,duvernoy_op176_no18,duvernoy_op176_no18,Aria_764508_0,400,0.966183574879227,0.2902270556155864,65.0,414
duvernoy_op176_no18,PianoCoRe_149922,Aria_808133_0,Aria-MIDI,Aria-AMT,"Duvernoy,_Jean-Baptiste/Elementary_Studies,_Op.176/No.18/score_PDMX_refined.mid",duvernoy_op176_no18__PianoCoRe_149922,real,duvernoy_op176_no18,duvernoy_op176_no18,Aria_808133_0,403,0.9734299516908212,0.38214295129048026,65.0,414
duvernoy_op176_no18,PianoCoRe_149923,Aria_821916_0,Aria-MIDI,Aria-AMT,"Duvernoy,_Jean-Baptiste/Elementary_Studies,_Op.176/No.18/score_PDMX_refined.mid",duvernoy_op176_no18__PianoCoRe_149923,real,duvernoy_op176_no18,duvernoy_op176_no18,Aria_821916_0,406,0.9806763285024155,0.4077540810547845,65.0,414
duvernoy_op176_no18,PianoCoRe_149924,Aria_856445_0,Aria-MIDI,Aria-AMT,"Duvernoy,_Jean-Baptiste/Elementary_Studies,_Op.176/No.18/score_PDMX_refined.mid",duvernoy_op176_no18__PianoCoRe_149924,real,duvernoy_op176_no18,duvernoy_op176_no18,Aria_856445_0,413,0.9975845410628019,0.5172427946718186,45.0,414
duvernoy_op176_no18,PianoCoRe_149925,Aria_861827_0,Aria-MIDI,Aria-AMT,"Duvernoy,_Jean-Baptiste/Elementary_Studies,_Op.176/No.18/score_PDMX_refined.mid",duvernoy_op176_no18__PianoCoRe_149925,real,duvernoy_op176_no18,duvernoy_op176_no18,Aria_861827_0,406,0.9806763285024155,0.3001794664721344,75.0,414
duvernoy_op176_no18,PianoCoRe_149926,Aria_889786_0,Aria-MIDI,Aria-AMT,"Duvernoy,_Jean-Baptiste/Elementary_Studies,_Op.176/No.18/score_PDMX_refined.mid",duvernoy_op176_no18__PianoCoRe_149926,real,duvernoy_op176_no18,duvernoy_op176_no18,Aria_889786_0,406,0.9806763285024155,0.3959042731737259,70.0,414
duvernoy_op176_no18,PianoCoRe_149927,Aria_912885_0,Aria-MIDI,Aria-AMT,"Duvernoy,_Jean-Baptiste/Elementary_Studies,_Op.176/No.18/score_PDMX_refined.mid",duvernoy_op176_no18__PianoCoRe_149927,real,duvernoy_op176_no18,duvernoy_op176_no18,Aria_912885_0,403,0.9734299516908212,0.3929962789091272,70.0,414
duvernoy_op176_no18,PianoCoRe_149928,Aria_926801_0,Aria-MIDI,Aria-AMT,"Duvernoy,_Jean-Baptiste/Elementary_Studies,_Op.176/No.18/score_PDMX_refined.mid",duvernoy_op176_no18__PianoCoRe_149928,real,duvernoy_op176_no18,duvernoy_op176_no18,Aria_926801_0,406,0.9806763285024155,0.44002003474691226,65.0,414
grieg_op54_no2,PianoCoRe_156275,ATEPP_03277,ATEPP,ATEPP,"Grieg,_Edvard/Lyric_Pieces,_Book_5,_Op.54/2._Norwegian_March/score_MS_refined.mid",grieg_op54_no2__PianoCoRe_156275,real,grieg_op54_no2,grieg_op54_no2,ATEPP_03277,1750,0.9594298245614035,0.46826313514568135,73.0,1824
grieg_op54_no2,PianoCoRe_156276,ATEPP_03278,ATEPP,ATEPP,"Grieg,_Edvard/Lyric_Pieces,_Book_5,_Op.54/2._Norwegian_March/score_MS_refined.mid",grieg_op54_no2__PianoCoRe_156276,real,grieg_op54_no2,grieg_op54_no2,ATEPP_03278,1736,0.9517543859649122,0.4119507654541378,73.0,1824
grieg_op54_no2,PianoCoRe_156277,Aria_063298_0,Aria-MIDI,Aria-AMT,"Grieg,_Edvard/Lyric_Pieces,_Book_5,_Op.54/2._Norwegian_March/score_MS_refined.mid",grieg_op54_no2__PianoCoRe_156277,real,grieg_op54_no2,grieg_op54_no2,Aria_063298_0,1818,0.9967105263157895,0.4439352808641408,75.0,1824
grieg_op54_no2,PianoCoRe_156278,Aria_105586_0,Aria-MIDI,Aria-AMT,"Grieg,_Edvard/Lyric_Pieces,_Book_5,_Op.54/2._Norwegian_March/score_MS_refined.mid",grieg_op54_no2__PianoCoRe_156278,real,grieg_op54_no2,grieg_op54_no2,Aria_105586_0,1766,0.9682017543859649,0.4655104479490111,75.0,1824
grieg_op54_no2,PianoCoRe_156280,Aria_125200_0,Aria-MIDI,Aria-AMT,"Grieg,_Edvard/Lyric_Pieces,_Book_5,_Op.54/2._Norwegian_March/score_MS_refined.mid",grieg_op54_no2__PianoCoRe_156280,real,grieg_op54_no2,grieg_op54_no2,Aria_125200_0,1765,0.9676535087719298,0.38796716706395223,75.0,1824
grieg_op54_no2,PianoCoRe_156281,Aria_134864_1,Aria-MIDI,Aria-AMT,"Grieg,_Edvard/Lyric_Pieces,_Book_5,_Op.54/2._Norwegian_March/score_MS_refined.mid",grieg_op54_no2__PianoCoRe_156281,real,grieg_op54_no2,grieg_op54_no2,Aria_134864_1,1763,0.9665570175438597,0.4896209588458587,70.0,1824
grieg_op54_no2,PianoCoRe_156282,Aria_146910_0,Aria-MIDI,Aria-AMT,"Grieg,_Edvard/Lyric_Pieces,_Book_5,_Op.54/2._Norwegian_March/score_MS_refined.mid",grieg_op54_no2__PianoCoRe_156282,real,grieg_op54_no2,grieg_op54_no2,Aria_146910_0,1805,0.9895833333333334,0.3926355599113723,75.0,1824
grieg_op54_no2,PianoCoRe_156283,Aria_168577_0,Aria-MIDI,Aria-AMT,"Grieg,_Edvard/Lyric_Pieces,_Book_5,_Op.54/2._Norwegian_March/score_MS_refined.mid",grieg_op54_no2__PianoCoRe_156283,real,grieg_op54_no2,grieg_op54_no2,Aria_168577_0,1771,0.9709429824561403,0.3713489248491597,70.0,1824
grieg_op54_no2,PianoCoRe_156284,Aria_198920_0,Aria-MIDI,Aria-AMT,"Grieg,_Edvard/Lyric_Pieces,_Book_5,_Op.54/2._Norwegian_March/score_MS_refined.mid",grieg_op54_no2__PianoCoRe_156284,real,grieg_op54_no2,grieg_op54_no2,Aria_198920_0,1696,0.9298245614035088,0.39395925966680273,75.0,1824
grieg_op54_no2,PianoCoRe_156285,Aria_246399_0,Aria-MIDI,Aria-AMT,"Grieg,_Edvard/Lyric_Pieces,_Book_5,_Op.54/2._Norwegian_March/score_MS_refined.mid",grieg_op54_no2__PianoCoRe_156285,real,grieg_op54_no2,grieg_op54_no2,Aria_246399_0,1773,0.9720394736842105,0.44914540858612045,65.0,1824
grieg_op54_no2,PianoCoRe_156286,Aria_298698_0,Aria-MIDI,Aria-AMT,"Grieg,_Edvard/Lyric_Pieces,_Book_5,_Op.54/2._Norwegian_March/score_MS_refined.mid",grieg_op54_no2__PianoCoRe_156286,real,grieg_op54_no2,grieg_op54_no2,Aria_298698_0,1770,0.9703947368421053,0.3557634265901639,70.0,1824
grieg_op54_no2,PianoCoRe_156287,Aria_305088_0,Aria-MIDI,Aria-AMT,"Grieg,_Edvard/Lyric_Pieces,_Book_5,_Op.54/2._Norwegian_March/score_MS_refined.mid",grieg_op54_no2__PianoCoRe_156287,real,grieg_op54_no2,grieg_op54_no2,Aria_305088_0,1786,0.9791666666666666,0.4648523244793766,65.0,1824
grieg_op54_no2,PianoCoRe_156288,Aria_366415_0,Aria-MIDI,Aria-AMT,"Grieg,_Edvard/Lyric_Pieces,_Book_5,_Op.54/2._Norwegian_March/score_MS_refined.mid",grieg_op54_no2__PianoCoRe_156288,real,grieg_op54_no2,grieg_op54_no2,Aria_366415_0,1722,0.944078947368421,0.5442324113966053,70.0,1824
grieg_op54_no2,PianoCoRe_156289,Aria_418555_0,Aria-MIDI,Aria-AMT,"Grieg,_Edvard/Lyric_Pieces,_Book_5,_Op.54/2._Norwegian_March/score_MS_refined.mid",grieg_op54_no2__PianoCoRe_156289,real,grieg_op54_no2,grieg_op54_no2,Aria_418555_0,1669,0.9150219298245614,0.42089525371303127,65.0,1824
grieg_op54_no2,PianoCoRe_156290,Aria_421514_0,Aria-MIDI,Aria-AMT,"Grieg,_Edvard/Lyric_Pieces,_Book_5,_Op.54/2._Norwegian_March/score_MS_refined.mid",grieg_op54_no2__PianoCoRe_156290,real,grieg_op54_no2,grieg_op54_no2,Aria_421514_0,1711,0.9380482456140351,0.4378719963784593,60.0,1824
grieg_op54_no2,PianoCoRe_156291,Aria_439468_0,Aria-MIDI,Aria-AMT,"Grieg,_Edvard/Lyric_Pieces,_Book_5,_Op.54/2._Norwegian_March/score_MS_refined.mid",grieg_op54_no2__PianoCoRe_156291,real,grieg_op54_no2,grieg_op54_no2,Aria_439468_0,1786,0.9791666666666666,0.3894824306356698,70.0,1824
grieg_op54_no2,PianoCoRe_156292,Aria_524566_0,Aria-MIDI,Aria-AMT,"Grieg,_Edvard/Lyric_Pieces,_Book_5,_Op.54/2._Norwegian_March/score_MS_refined.mid",grieg_op54_no2__PianoCoRe_156292,real,grieg_op54_no2,grieg_op54_no2,Aria_524566_0,1729,0.9479166666666666,0.38761970265297196,70.0,1824
grieg_op54_no2,PianoCoRe_156293,Aria_575622_1,Aria-MIDI,Aria-AMT,"Grieg,_Edvard/Lyric_Pieces,_Book_5,_Op.54/2._Norwegian_March/score_MS_refined.mid",grieg_op54_no2__PianoCoRe_156293,real,grieg_op54_no2,grieg_op54_no2,Aria_575622_1,1706,0.9353070175438597,0.3784423705850944,65.0,1824
grieg_op54_no2,PianoCoRe_156294,Aria_685474_0,Aria-MIDI,Aria-AMT,"Grieg,_Edvard/Lyric_Pieces,_Book_5,_Op.54/2._Norwegian_March/score_MS_refined.mid",grieg_op54_no2__PianoCoRe_156294,real,grieg_op54_no2,grieg_op54_no2,Aria_685474_0,1786,0.9791666666666666,0.4237868777660725,70.0,1824
grieg_op54_no2,PianoCoRe_156295,Aria_695665_0,Aria-MIDI,Aria-AMT,"Grieg,_Edvard/Lyric_Pieces,_Book_5,_Op.54/2._Norwegian_March/score_MS_refined.mid",grieg_op54_no2__PianoCoRe_156295,real,grieg_op54_no2,grieg_op54_no2,Aria_695665_0,1763,0.9665570175438597,0.382353524059563,75.0,1824
grieg_op54_no2,PianoCoRe_156296,Aria_703384_0,Aria-MIDI,Aria-AMT,"Grieg,_Edvard/Lyric_Pieces,_Book_5,_Op.54/2._Norwegian_March/score_MS_refined.mid",grieg_op54_no2__PianoCoRe_156296,real,grieg_op54_no2,grieg_op54_no2,Aria_703384_0,1784,0.9780701754385965,0.42960515255005527,70.0,1824
grieg_op54_no2,PianoCoRe_156297,Aria_706837_0,Aria-MIDI,Aria-AMT,"Grieg,_Edvard/Lyric_Pieces,_Book_5,_Op.54/2._Norwegian_March/score_MS_refined.mid",grieg_op54_no2__PianoCoRe_156297,real,grieg_op54_no2,grieg_op54_no2,Aria_706837_0,1767,0.96875,0.46840543981329213,75.0,1824
grieg_op54_no2,PianoCoRe_156298,Aria_714084_0,Aria-MIDI,Aria-AMT,"Grieg,_Edvard/Lyric_Pieces,_Book_5,_Op.54/2._Norwegian_March/score_MS_refined.mid",grieg_op54_no2__PianoCoRe_156298,real,grieg_op54_no2,grieg_op54_no2,Aria_714084_0,1735,0.9512061403508771,0.4003873677909233,70.0,1824
grieg_op54_no2,PianoCoRe_156299,Aria_738626_0,Aria-MIDI,Aria-AMT,"Grieg,_Edvard/Lyric_Pieces,_Book_5,_Op.54/2._Norwegian_March/score_MS_refined.mid",grieg_op54_no2__PianoCoRe_156299,real,grieg_op54_no2,grieg_op54_no2,Aria_738626_0,1786,0.9791666666666666,0.3368876095576521,65.0,1824
grieg_op54_no2,PianoCoRe_156301,Aria_892569_0,Aria-MIDI,Aria-AMT,"Grieg,_Edvard/Lyric_Pieces,_Book_5,_Op.54/2._Norwegian_March/score_MS_refined.mid",grieg_op54_no2__PianoCoRe_156301,real,grieg_op54_no2,grieg_op54_no2,Aria_892569_0,1717,0.9413377192982456,0.39827720787895277,65.0,1824
grieg_op54_no2,PianoCoRe_156304,PERiScoPe_1404975052,PERiScoPe,Transkun V2,"Grieg,_Edvard/Lyric_Pieces,_Book_5,_Op.54/2._Norwegian_March/score_MS_refined.mid",grieg_op54_no2__PianoCoRe_156304,real,grieg_op54_no2,grieg_op54_no2,PERiScoPe_1404975052,1769,0.9698464912280702,0.4819259628478094,69.0,1824
kuhlau_op55_no1,PianoCoRe_164636,Aria_010716_0_mini,Aria-MIDI,Aria-AMT,"Kuhlau,_Friedrich/Piano_Sonatina_in_C_major,_Op.55_No.1/score_PDMX_mini_refined.mid",kuhlau_op55_no1__PianoCoRe_164636,real,kuhlau_op55_no1,kuhlau_op55_no1,Aria_010716_0_mini,1633,0.9902971497877502,0.41717603519332375,70.0,1644
kuhlau_op55_no1,PianoCoRe_164638,Aria_017913_0_mini,Aria-MIDI,Aria-AMT,"Kuhlau,_Friedrich/Piano_Sonatina_in_C_major,_Op.55_No.1/score_PDMX_mini_refined.mid",kuhlau_op55_no1__PianoCoRe_164638,real,kuhlau_op55_no1,kuhlau_op55_no1,Aria_017913_0_mini,1617,0.9805942995755003,0.40393026683618627,65.0,1644
kuhlau_op55_no1,PianoCoRe_164640,Aria_056297_0_mini,Aria-MIDI,Aria-AMT,"Kuhlau,_Friedrich/Piano_Sonatina_in_C_major,_Op.55_No.1/score_PDMX_mini_refined.mid",kuhlau_op55_no1__PianoCoRe_164640,real,kuhlau_op55_no1,kuhlau_op55_no1,Aria_056297_0_mini,1631,0.989084293511219,0.415572073028135,55.0,1644
kuhlau_op55_no1,PianoCoRe_164641,Aria_071441_0_mini,Aria-MIDI,Aria-AMT,"Kuhlau,_Friedrich/Piano_Sonatina_in_C_major,_Op.55_No.1/score_PDMX_mini_refined.mid",kuhlau_op55_no1__PianoCoRe_164641,real,kuhlau_op55_no1,kuhlau_op55_no1,Aria_071441_0_mini,1626,0.9860521528198909,0.43140572863018717,65.0,1644
kuhlau_op55_no1,PianoCoRe_164644,Aria_220909_0_mini,Aria-MIDI,Aria-AMT,"Kuhlau,_Friedrich/Piano_Sonatina_in_C_major,_Op.55_No.1/score_PDMX_mini_refined.mid",kuhlau_op55_no1__PianoCoRe_164644,real,kuhlau_op55_no1,kuhlau_op55_no1,Aria_220909_0_mini,1620,0.9824135839902971,0.40510892337172566,70.0,1644
kuhlau_op55_no1,PianoCoRe_164645,Aria_276117_0_mini,Aria-MIDI,Aria-AMT,"Kuhlau,_Friedrich/Piano_Sonatina_in_C_major,_Op.55_No.1/score_PDMX_mini_refined.mid",kuhlau_op55_no1__PianoCoRe_164645,real,kuhlau_op55_no1,kuhlau_op55_no1,Aria_276117_0_mini,1635,0.9915100060642814,0.4103959954263197,70.0,1644
kuhlau_op55_no1,PianoCoRe_164647,Aria_285309_0_mini,Aria-MIDI,Aria-AMT,"Kuhlau,_Friedrich/Piano_Sonatina_in_C_major,_Op.55_No.1/score_PDMX_mini_refined.mid",kuhlau_op55_no1__PianoCoRe_164647,real,kuhlau_op55_no1,kuhlau_op55_no1,Aria_285309_0_mini,1637,0.9927228623408126,0.4416231980936132,65.0,1644
kuhlau_op55_no1,PianoCoRe_164648,Aria_290878_0_mini,Aria-MIDI,Aria-AMT,"Kuhlau,_Friedrich/Piano_Sonatina_in_C_major,_Op.55_No.1/score_PDMX_mini_refined.mid",kuhlau_op55_no1__PianoCoRe_164648,real,kuhlau_op55_no1,kuhlau_op55_no1,Aria_290878_0_mini,1586,0.9617950272892662,0.42933158649172193,60.0,1644
kuhlau_op55_no1,PianoCoRe_164649,Aria_315305_0_mini,Aria-MIDI,Aria-AMT,"Kuhlau,_Friedrich/Piano_Sonatina_in_C_major,_Op.55_No.1/score_PDMX_mini_refined.mid",kuhlau_op55_no1__PianoCoRe_164649,real,kuhlau_op55_no1,kuhlau_op55_no1,Aria_315305_0_mini,1611,0.9769557307459066,0.571487064538093,80.0,1644
kuhlau_op55_no1,PianoCoRe_164651,Aria_396348_0_mini,Aria-MIDI,Aria-AMT,"Kuhlau,_Friedrich/Piano_Sonatina_in_C_major,_Op.55_No.1/score_PDMX_mini_refined.mid",kuhlau_op55_no1__PianoCoRe_164651,real,kuhlau_op55_no1,kuhlau_op55_no1,Aria_396348_0_mini,1605,0.9733171619163129,0.49437998506422065,65.0,1644
kuhlau_op55_no1,PianoCoRe_164653,Aria_488112_0_mini,Aria-MIDI,Aria-AMT,"Kuhlau,_Friedrich/Piano_Sonatina_in_C_major,_Op.55_No.1/score_PDMX_mini_refined.mid",kuhlau_op55_no1__PianoCoRe_164653,real,kuhlau_op55_no1,kuhlau_op55_no1,Aria_488112_0_mini,1617,0.9805942995755003,0.42963418814517096,70.0,1644
kuhlau_op55_no1,PianoCoRe_164655,Aria_522722_0_mini,Aria-MIDI,Aria-AMT,"Kuhlau,_Friedrich/Piano_Sonatina_in_C_major,_Op.55_No.1/score_PDMX_mini_refined.mid",kuhlau_op55_no1__PianoCoRe_164655,real,kuhlau_op55_no1,kuhlau_op55_no1,Aria_522722_0_mini,1632,0.9896907216494846,0.48717421848272385,70.0,1644
kuhlau_op55_no1,PianoCoRe_164658,Aria_530208_0_mini,Aria-MIDI,Aria-AMT,"Kuhlau,_Friedrich/Piano_Sonatina_in_C_major,_Op.55_No.1/score_PDMX_mini_refined.mid",kuhlau_op55_no1__PianoCoRe_164658,real,kuhlau_op55_no1,kuhlau_op55_no1,Aria_530208_0_mini,1640,0.9945421467556095,0.38882455358829804,80.0,1644
kuhlau_op55_no1,PianoCoRe_164659,Aria_532702_0_mini,Aria-MIDI,Aria-AMT,"Kuhlau,_Friedrich/Piano_Sonatina_in_C_major,_Op.55_No.1/score_PDMX_mini_refined.mid",kuhlau_op55_no1__PianoCoRe_164659,real,kuhlau_op55_no1,kuhlau_op55_no1,Aria_532702_0_mini,1628,0.9872650090964221,0.3750127794947016,65.0,1644
kuhlau_op55_no1,PianoCoRe_164661,Aria_565466_0_mini,Aria-MIDI,Aria-AMT,"Kuhlau,_Friedrich/Piano_Sonatina_in_C_major,_Op.55_No.1/score_PDMX_mini_refined.mid",kuhlau_op55_no1__PianoCoRe_164661,real,kuhlau_op55_no1,kuhlau_op55_no1,Aria_565466_0_mini,1638,0.9933292904790783,0.5394549508130198,65.0,1644
kuhlau_op55_no1,PianoCoRe_164663,Aria_570976_0_mini,Aria-MIDI,Aria-AMT,"Kuhlau,_Friedrich/Piano_Sonatina_in_C_major,_Op.55_No.1/score_PDMX_mini_refined.mid",kuhlau_op55_no1__PianoCoRe_164663,real,kuhlau_op55_no1,kuhlau_op55_no1,Aria_570976_0_mini,1636,0.992116434202547,0.5163731525669341,55.0,1644
kuhlau_op55_no1,PianoCoRe_164664,Aria_576296_0_mini,Aria-MIDI,Aria-AMT,"Kuhlau,_Friedrich/Piano_Sonatina_in_C_major,_Op.55_No.1/score_PDMX_mini_refined.mid",kuhlau_op55_no1__PianoCoRe_164664,real,kuhlau_op55_no1,kuhlau_op55_no1,Aria_576296_0_mini,1638,0.9933292904790783,0.43285253812979185,70.0,1644
kuhlau_op55_no1,PianoCoRe_164666,Aria_615031_0_mini,Aria-MIDI,Aria-AMT,"Kuhlau,_Friedrich/Piano_Sonatina_in_C_major,_Op.55_No.1/score_PDMX_mini_refined.mid",kuhlau_op55_no1__PianoCoRe_164666,real,kuhlau_op55_no1,kuhlau_op55_no1,Aria_615031_0_mini,1637,0.9927228623408126,0.5616402805763204,70.0,1644
kuhlau_op55_no1,PianoCoRe_164668,Aria_633963_0_mini,Aria-MIDI,Aria-AMT,"Kuhlau,_Friedrich/Piano_Sonatina_in_C_major,_Op.55_No.1/score_PDMX_mini_refined.mid",kuhlau_op55_no1__PianoCoRe_164668,real,kuhlau_op55_no1,kuhlau_op55_no1,Aria_633963_0_mini,1565,0.9490600363856883,0.3958459816419639,60.0,1644
kuhlau_op55_no1,PianoCoRe_164669,Aria_658938_0_mini,Aria-MIDI,Aria-AMT,"Kuhlau,_Friedrich/Piano_Sonatina_in_C_major,_Op.55_No.1/score_PDMX_mini_refined.mid",kuhlau_op55_no1__PianoCoRe_164669,real,kuhlau_op55_no1,kuhlau_op55_no1,Aria_658938_0_mini,1590,0.9642207398423287,0.4086918855801086,75.0,1644
kuhlau_op55_no1,PianoCoRe_164673,Aria_682516_0_mini,Aria-MIDI,Aria-AMT,"Kuhlau,_Friedrich/Piano_Sonatina_in_C_major,_Op.55_No.1/score_PDMX_mini_refined.mid",kuhlau_op55_no1__PianoCoRe_164673,real,kuhlau_op55_no1,kuhlau_op55_no1,Aria_682516_0_mini,1639,0.9939357186173439,0.4519782221980739,65.0,1644
kuhlau_op55_no1,PianoCoRe_164674,Aria_693488_0_mini,Aria-MIDI,Aria-AMT,"Kuhlau,_Friedrich/Piano_Sonatina_in_C_major,_Op.55_No.1/score_PDMX_mini_refined.mid",kuhlau_op55_no1__PianoCoRe_164674,real,kuhlau_op55_no1,kuhlau_op55_no1,Aria_693488_0_mini,1638,0.9933292904790783,0.6368634573059895,30.0,1644
kuhlau_op55_no1,PianoCoRe_164676,Aria_782844_0_mini,Aria-MIDI,Aria-AMT,"Kuhlau,_Friedrich/Piano_Sonatina_in_C_major,_Op.55_No.1/score_PDMX_mini_refined.mid",kuhlau_op55_no1__PianoCoRe_164676,real,kuhlau_op55_no1,kuhlau_op55_no1,Aria_782844_0_mini,1636,0.992116434202547,0.42931669429640684,80.0,1644
kuhlau_op55_no1,PianoCoRe_164677,Aria_806800_0_mini,Aria-MIDI,Aria-AMT,"Kuhlau,_Friedrich/Piano_Sonatina_in_C_major,_Op.55_No.1/score_PDMX_mini_refined.mid",kuhlau_op55_no1__PianoCoRe_164677,real,kuhlau_op55_no1,kuhlau_op55_no1,Aria_806800_0_mini,1634,0.9909035779260158,0.43172197469192924,55.0,1644
kuhlau_op55_no1,PianoCoRe_164678,Aria_807327_0_mini,Aria-MIDI,Aria-AMT,"Kuhlau,_Friedrich/Piano_Sonatina_in_C_major,_Op.55_No.1/score_PDMX_mini_refined.mid",kuhlau_op55_no1__PianoCoRe_164678,real,kuhlau_op55_no1,kuhlau_op55_no1,Aria_807327_0_mini,1633,0.9902971497877502,0.4084748729505019,60.0,1644
kuhlau_op55_no1,PianoCoRe_164679,Aria_813476_0_mini,Aria-MIDI,Aria-AMT,"Kuhlau,_Friedrich/Piano_Sonatina_in_C_major,_Op.55_No.1/score_PDMX_mini_refined.mid",kuhlau_op55_no1__PianoCoRe_164679,real,kuhlau_op55_no1,kuhlau_op55_no1,Aria_813476_0_mini,1638,0.9933292904790783,0.5303367968433954,55.0,1644
kuhlau_op55_no1,PianoCoRe_164680,Aria_838808_0_mini,Aria-MIDI,Aria-AMT,"Kuhlau,_Friedrich/Piano_Sonatina_in_C_major,_Op.55_No.1/score_PDMX_mini_refined.mid",kuhlau_op55_no1__PianoCoRe_164680,real,kuhlau_op55_no1,kuhlau_op55_no1,Aria_838808_0_mini,1639,0.9939357186173439,0.5524510451793507,65.0,1644
kuhlau_op55_no1,PianoCoRe_164683,Aria_869099_0_mini,Aria-MIDI,Aria-AMT,"Kuhlau,_Friedrich/Piano_Sonatina_in_C_major,_Op.55_No.1/score_PDMX_mini_refined.mid",kuhlau_op55_no1__PianoCoRe_164683,real,kuhlau_op55_no1,kuhlau_op55_no1,Aria_869099_0_mini,1627,0.9866585809581565,0.474783572951036,70.0,1644
liszt_s207,PianoCoRe_172406,Aria_004046_0,Aria-MIDI,Aria-AMT,"Liszt,_Franz/En_rêve,_S.207/score_MS_refined.mid",liszt_s207__PianoCoRe_172406,real,liszt_s207,liszt_s207,Aria_004046_0,367,0.8065934065934066,0.7422954602872182,30.0,452
liszt_s207,PianoCoRe_172407,Aria_019053_0,Aria-MIDI,Aria-AMT,"Liszt,_Franz/En_rêve,_S.207/score_MS_refined.mid",liszt_s207__PianoCoRe_172407,real,liszt_s207,liszt_s207,Aria_019053_0,429,0.9428571428571428,0.5169146139281309,40.0,452
liszt_s207,PianoCoRe_172410,Aria_055358_0,Aria-MIDI,Aria-AMT,"Liszt,_Franz/En_rêve,_S.207/score_MS_refined.mid",liszt_s207__PianoCoRe_172410,real,liszt_s207,liszt_s207,Aria_055358_0,430,0.945054945054945,0.663250164389671,50.0,452
liszt_s207,PianoCoRe_172411,Aria_056691_0,Aria-MIDI,Aria-AMT,"Liszt,_Franz/En_rêve,_S.207/score_MS_refined.mid",liszt_s207__PianoCoRe_172411,real,liszt_s207,liszt_s207,Aria_056691_0,441,0.9692307692307692,0.5494702062976539,45.0,452
liszt_s207,PianoCoRe_172412,Aria_121472_0,Aria-MIDI,Aria-AMT,"Liszt,_Franz/En_rêve,_S.207/score_MS_refined.mid",liszt_s207__PianoCoRe_172412,real,liszt_s207,liszt_s207,Aria_121472_0,405,0.8901098901098901,0.6749089205486424,35.0,452
liszt_s207,PianoCoRe_172413,Aria_135845_0,Aria-MIDI,Aria-AMT,"Liszt,_Franz/En_rêve,_S.207/score_MS_refined.mid",liszt_s207__PianoCoRe_172413,real,liszt_s207,liszt_s207,Aria_135845_0,441,0.9692307692307692,0.702195526993104,60.0,452
liszt_s207,PianoCoRe_172414,Aria_194544_2,Aria-MIDI,Aria-AMT,"Liszt,_Franz/En_rêve,_S.207/score_MS_refined.mid",liszt_s207__PianoCoRe_172414,real,liszt_s207,liszt_s207,Aria_194544_2,444,0.9758241758241758,0.6242471730388928,35.0,452
liszt_s207,PianoCoRe_172415,Aria_214114_0,Aria-MIDI,Aria-AMT,"Liszt,_Franz/En_rêve,_S.207/score_MS_refined.mid",liszt_s207__PianoCoRe_172415,real,liszt_s207,liszt_s207,Aria_214114_0,432,0.9494505494505494,0.6886038049598772,40.0,452
liszt_s207,PianoCoRe_172417,Aria_241471_0,Aria-MIDI,Aria-AMT,"Liszt,_Franz/En_rêve,_S.207/score_MS_refined.mid",liszt_s207__PianoCoRe_172417,real,liszt_s207,liszt_s207,Aria_241471_0,427,0.9384615384615385,0.7885805109512987,40.0,452
liszt_s207,PianoCoRe_172418,Aria_266391_0,Aria-MIDI,Aria-AMT,"Liszt,_Franz/En_rêve,_S.207/score_MS_refined.mid",liszt_s207__PianoCoRe_172418,real,liszt_s207,liszt_s207,Aria_266391_0,433,0.9516483516483516,0.6891573783111519,60.0,452
liszt_s207,PianoCoRe_172420,Aria_283294_0,Aria-MIDI,Aria-AMT,"Liszt,_Franz/En_rêve,_S.207/score_MS_refined.mid",liszt_s207__PianoCoRe_172420,real,liszt_s207,liszt_s207,Aria_283294_0,437,0.9604395604395605,0.7515295878428779,40.0,452
liszt_s207,PianoCoRe_172421,Aria_285668_0,Aria-MIDI,Aria-AMT,"Liszt,_Franz/En_rêve,_S.207/score_MS_refined.mid",liszt_s207__PianoCoRe_172421,real,liszt_s207,liszt_s207,Aria_285668_0,425,0.9340659340659341,0.6500840393311967,35.0,452
liszt_s207,PianoCoRe_172422,Aria_285889_0,Aria-MIDI,Aria-AMT,"Liszt,_Franz/En_rêve,_S.207/score_MS_refined.mid",liszt_s207__PianoCoRe_172422,real,liszt_s207,liszt_s207,Aria_285889_0,439,0.9648351648351648,0.6113101093074566,40.0,452
liszt_s207,PianoCoRe_172423,Aria_289307_0,Aria-MIDI,Aria-AMT,"Liszt,_Franz/En_rêve,_S.207/score_MS_refined.mid",liszt_s207__PianoCoRe_172423,real,liszt_s207,liszt_s207,Aria_289307_0,416,0.9142857142857143,0.735270481044202,55.0,452
liszt_s207,PianoCoRe_172424,Aria_289424_0,Aria-MIDI,Aria-AMT,"Liszt,_Franz/En_rêve,_S.207/score_MS_refined.mid",liszt_s207__PianoCoRe_172424,real,liszt_s207,liszt_s207,Aria_289424_0,421,0.9252747252747253,0.7122319121381916,40.0,452
liszt_s207,PianoCoRe_172425,Aria_312760_0,Aria-MIDI,Aria-AMT,"Liszt,_Franz/En_rêve,_S.207/score_MS_refined.mid",liszt_s207__PianoCoRe_172425,real,liszt_s207,liszt_s207,Aria_312760_0,442,0.9714285714285714,0.7022134774678729,50.0,452
liszt_s207,PianoCoRe_172428,Aria_405600_0,Aria-MIDI,Aria-AMT,"Liszt,_Franz/En_rêve,_S.207/score_MS_refined.mid",liszt_s207__PianoCoRe_172428,real,liszt_s207,liszt_s207,Aria_405600_0,437,0.9604395604395605,0.6185868378767079,40.0,452
liszt_s207,PianoCoRe_172430,Aria_456009_0,Aria-MIDI,Aria-AMT,"Liszt,_Franz/En_rêve,_S.207/score_MS_refined.mid",liszt_s207__PianoCoRe_172430,real,liszt_s207,liszt_s207,Aria_456009_0,444,0.9758241758241758,0.6189253167670987,60.0,452
liszt_s207,PianoCoRe_172432,Aria_481950_0,Aria-MIDI,Aria-AMT,"Liszt,_Franz/En_rêve,_S.207/score_MS_refined.mid",liszt_s207__PianoCoRe_172432,real,liszt_s207,liszt_s207,Aria_481950_0,430,0.945054945054945,0.7127677337094551,30.0,452
liszt_s207,PianoCoRe_172433,Aria_509175_0,Aria-MIDI,Aria-AMT,"Liszt,_Franz/En_rêve,_S.207/score_MS_refined.mid",liszt_s207__PianoCoRe_172433,real,liszt_s207,liszt_s207,Aria_509175_0,430,0.945054945054945,0.8055342867970435,45.0,452
liszt_s207,PianoCoRe_172434,Aria_516560_2,Aria-MIDI,Aria-AMT,"Liszt,_Franz/En_rêve,_S.207/score_MS_refined.mid",liszt_s207__PianoCoRe_172434,real,liszt_s207,liszt_s207,Aria_516560_2,448,0.9846153846153847,0.4673318215722991,40.0,452
liszt_s207,PianoCoRe_172436,Aria_577247_0,Aria-MIDI,Aria-AMT,"Liszt,_Franz/En_rêve,_S.207/score_MS_refined.mid",liszt_s207__PianoCoRe_172436,real,liszt_s207,liszt_s207,Aria_577247_0,425,0.9340659340659341,0.8124079095905005,45.0,452
liszt_s207,PianoCoRe_172437,Aria_587645_0,Aria-MIDI,Aria-AMT,"Liszt,_Franz/En_rêve,_S.207/score_MS_refined.mid",liszt_s207__PianoCoRe_172437,real,liszt_s207,liszt_s207,Aria_587645_0,429,0.9428571428571428,0.7141007601117727,35.0,452
liszt_s207,PianoCoRe_172439,Aria_591634_0,Aria-MIDI,Aria-AMT,"Liszt,_Franz/En_rêve,_S.207/score_MS_refined.mid",liszt_s207__PianoCoRe_172439,real,liszt_s207,liszt_s207,Aria_591634_0,439,0.9648351648351648,0.5980993648314558,45.0,452
liszt_s207,PianoCoRe_172440,Aria_625643_0,Aria-MIDI,Aria-AMT,"Liszt,_Franz/En_rêve,_S.207/score_MS_refined.mid",liszt_s207__PianoCoRe_172440,real,liszt_s207,liszt_s207,Aria_625643_0,433,0.9516483516483516,0.6512009173120888,50.0,452
liszt_s207,PianoCoRe_172441,Aria_663108_0,Aria-MIDI,Aria-AMT,"Liszt,_Franz/En_rêve,_S.207/score_MS_refined.mid",liszt_s207__PianoCoRe_172441,real,liszt_s207,liszt_s207,Aria_663108_0,445,0.978021978021978,0.6556981468889729,45.0,452
liszt_s207,PianoCoRe_172442,Aria_665535_0,Aria-MIDI,Aria-AMT,"Liszt,_Franz/En_rêve,_S.207/score_MS_refined.mid",liszt_s207__PianoCoRe_172442,real,liszt_s207,liszt_s207,Aria_665535_0,440,0.967032967032967,0.6003273635252673,50.0,452
liszt_s207,PianoCoRe_172444,Aria_698366_7,Aria-MIDI,Aria-AMT,"Liszt,_Franz/En_rêve,_S.207/score_MS_refined.mid",liszt_s207__PianoCoRe_172444,real,liszt_s207,liszt_s207,Aria_698366_7,425,0.9340659340659341,0.687123705755045,35.0,452
liszt_s207,PianoCoRe_172446,Aria_737897_0,Aria-MIDI,Aria-AMT,"Liszt,_Franz/En_rêve,_S.207/score_MS_refined.mid",liszt_s207__PianoCoRe_172446,real,liszt_s207,liszt_s207,Aria_737897_0,436,0.9582417582417583,0.5174442531643217,45.0,452
liszt_s207,PianoCoRe_172447,Aria_741430_0,Aria-MIDI,Aria-AMT,"Liszt,_Franz/En_rêve,_S.207/score_MS_refined.mid",liszt_s207__PianoCoRe_172447,real,liszt_s207,liszt_s207,Aria_741430_0,441,0.9692307692307692,0.6911012026430466,45.0,452
liszt_s207,PianoCoRe_172449,Aria_788872_0,Aria-MIDI,Aria-AMT,"Liszt,_Franz/En_rêve,_S.207/score_MS_refined.mid",liszt_s207__PianoCoRe_172449,real,liszt_s207,liszt_s207,Aria_788872_0,424,0.9318681318681319,0.6090403005220265,40.0,452
liszt_s207,PianoCoRe_172450,Aria_793537_3,Aria-MIDI,Aria-AMT,"Liszt,_Franz/En_rêve,_S.207/score_MS_refined.mid",liszt_s207__PianoCoRe_172450,real,liszt_s207,liszt_s207,Aria_793537_3,430,0.945054945054945,0.6262260172482633,55.0,452
liszt_s207,PianoCoRe_172452,Aria_841018_0,Aria-MIDI,Aria-AMT,"Liszt,_Franz/En_rêve,_S.207/score_MS_refined.mid",liszt_s207__PianoCoRe_172452,real,liszt_s207,liszt_s207,Aria_841018_0,416,0.9142857142857143,0.7619920353120174,30.0,452
liszt_s207,PianoCoRe_172453,Aria_899585_0,Aria-MIDI,Aria-AMT,"Liszt,_Franz/En_rêve,_S.207/score_MS_refined.mid",liszt_s207__PianoCoRe_172453,real,liszt_s207,liszt_s207,Aria_899585_0,426,0.9362637362637363,0.6710458948846272,40.0,452
liszt_s207,PianoCoRe_172455,Aria_929599_0,Aria-MIDI,Aria-AMT,"Liszt,_Franz/En_rêve,_S.207/score_MS_refined.mid",liszt_s207__PianoCoRe_172455,real,liszt_s207,liszt_s207,Aria_929599_0,440,0.967032967032967,0.8313035958773412,45.0,452
liszt_s207,PianoCoRe_172456,GiantMIDI_YMm3b4U3ggY,GiantMIDI-Piano,ByteDance,"Liszt,_Franz/En_rêve,_S.207/score_MS_refined.mid",liszt_s207__PianoCoRe_172456,real,liszt_s207,liszt_s207,GiantMIDI_YMm3b4U3ggY,410,0.9010989010989011,0.600322931540846,47.0,452
lyadov_op11_no1,PianoCoRe_178542,Aria_000282_0,Aria-MIDI,Aria-AMT,"Lyadov,_Anatoly/3_Morceaux,_Op.11/1._Prelude_in_B_minor/score_PDMX_refined.mid",lyadov_op11_no1__PianoCoRe_178542,real,lyadov_op11_no1,lyadov_op11_no1,Aria_000282_0,984,0.9389312977099237,1.0089095183176584,55.0,1047
lyadov_op11_no1,PianoCoRe_178543,Aria_023433_0,Aria-MIDI,Aria-AMT,"Lyadov,_Anatoly/3_Morceaux,_Op.11/1._Prelude_in_B_minor/score_PDMX_refined.mid",lyadov_op11_no1__PianoCoRe_178543,real,lyadov_op11_no1,lyadov_op11_no1,Aria_023433_0,1007,0.9608778625954199,1.211754404221148,60.0,1047
lyadov_op11_no1,PianoCoRe_178544,Aria_040265_0,Aria-MIDI,Aria-AMT,"Lyadov,_Anatoly/3_Morceaux,_Op.11/1._Prelude_in_B_minor/score_PDMX_refined.mid",lyadov_op11_no1__PianoCoRe_178544,real,lyadov_op11_no1,lyadov_op11_no1,Aria_040265_0,956,0.9122137404580153,1.0869987464022224,45.0,1047
lyadov_op11_no1,PianoCoRe_178545,Aria_122074_0,Aria-MIDI,Aria-AMT,"Lyadov,_Anatoly/3_Morceaux,_Op.11/1._Prelude_in_B_minor/score_PDMX_refined.mid",lyadov_op11_no1__PianoCoRe_178545,real,lyadov_op11_no1,lyadov_op11_no1,Aria_122074_0,1007,0.9608778625954199,1.2290698355678675,50.0,1047
lyadov_op11_no1,PianoCoRe_178546,Aria_140078_0,Aria-MIDI,Aria-AMT,"Lyadov,_Anatoly/3_Morceaux,_Op.11/1._Prelude_in_B_minor/score_PDMX_refined.mid",lyadov_op11_no1__PianoCoRe_178546,real,lyadov_op11_no1,lyadov_op11_no1,Aria_140078_0,1003,0.9570610687022901,1.1040629813180678,45.0,1047
lyadov_op11_no1,PianoCoRe_178547,Aria_143686_0,Aria-MIDI,Aria-AMT,"Lyadov,_Anatoly/3_Morceaux,_Op.11/1._Prelude_in_B_minor/score_PDMX_refined.mid",lyadov_op11_no1__PianoCoRe_178547,real,lyadov_op11_no1,lyadov_op11_no1,Aria_143686_0,1024,0.9770992366412213,1.1367917209030378,50.0,1047
lyadov_op11_no1,PianoCoRe_178548,Aria_161960_0,Aria-MIDI,Aria-AMT,"Lyadov,_Anatoly/3_Morceaux,_Op.11/1._Prelude_in_B_minor/score_PDMX_refined.mid",lyadov_op11_no1__PianoCoRe_178548,real,lyadov_op11_no1,lyadov_op11_no1,Aria_161960_0,1004,0.9580152671755725,1.0623715130026097,55.0,1047
lyadov_op11_no1,PianoCoRe_178549,Aria_170052_0,Aria-MIDI,Aria-AMT,"Lyadov,_Anatoly/3_Morceaux,_Op.11/1._Prelude_in_B_minor/score_PDMX_refined.mid",lyadov_op11_no1__PianoCoRe_178549,real,lyadov_op11_no1,lyadov_op11_no1,Aria_170052_0,1036,0.9885496183206107,1.127127536902646,45.0,1047
lyadov_op11_no1,PianoCoRe_178550,Aria_179828_0,Aria-MIDI,Aria-AMT,"Lyadov,_Anatoly/3_Morceaux,_Op.11/1._Prelude_in_B_minor/score_PDMX_refined.mid",lyadov_op11_no1__PianoCoRe_178550,real,lyadov_op11_no1,lyadov_op11_no1,Aria_179828_0,925,0.8826335877862596,1.0355956469729286,50.0,1047
lyadov_op11_no1,PianoCoRe_178551,Aria_184729_0,Aria-MIDI,Aria-AMT,"Lyadov,_Anatoly/3_Morceaux,_Op.11/1._Prelude_in_B_minor/score_PDMX_refined.mid",lyadov_op11_no1__PianoCoRe_178551,real,lyadov_op11_no1,lyadov_op11_no1,Aria_184729_0,1030,0.982824427480916,1.1853421789932015,50.0,1047
lyadov_op11_no1,PianoCoRe_178552,Aria_237802_0,Aria-MIDI,Aria-AMT,"Lyadov,_Anatoly/3_Morceaux,_Op.11/1._Prelude_in_B_minor/score_PDMX_refined.mid",lyadov_op11_no1__PianoCoRe_178552,real,lyadov_op11_no1,lyadov_op11_no1,Aria_237802_0,995,0.9494274809160306,1.1210849738106734,35.0,1047
lyadov_op11_no1,PianoCoRe_178553,Aria_305685_0,Aria-MIDI,Aria-AMT,"Lyadov,_Anatoly/3_Morceaux,_Op.11/1._Prelude_in_B_minor/score_PDMX_refined.mid",lyadov_op11_no1__PianoCoRe_178553,real,lyadov_op11_no1,lyadov_op11_no1,Aria_305685_0,989,0.9437022900763359,1.1507967132106818,40.0,1047
lyadov_op11_no1,PianoCoRe_178554,Aria_321005_0,Aria-MIDI,Aria-AMT,"Lyadov,_Anatoly/3_Morceaux,_Op.11/1._Prelude_in_B_minor/score_PDMX_refined.mid",lyadov_op11_no1__PianoCoRe_178554,real,lyadov_op11_no1,lyadov_op11_no1,Aria_321005_0,934,0.8912213740458015,1.1109351691230456,40.0,1047
lyadov_op11_no1,PianoCoRe_178555,Aria_335355_0,Aria-MIDI,Aria-AMT,"Lyadov,_Anatoly/3_Morceaux,_Op.11/1._Prelude_in_B_minor/score_PDMX_refined.mid",lyadov_op11_no1__PianoCoRe_178555,real,lyadov_op11_no1,lyadov_op11_no1,Aria_335355_0,905,0.8635496183206107,0.9740697908862881,70.0,1047
lyadov_op11_no1,PianoCoRe_178556,Aria_337242_0,Aria-MIDI,Aria-AMT,"Lyadov,_Anatoly/3_Morceaux,_Op.11/1._Prelude_in_B_minor/score_PDMX_refined.mid",lyadov_op11_no1__PianoCoRe_178556,real,lyadov_op11_no1,lyadov_op11_no1,Aria_337242_0,993,0.9475190839694656,1.006582738522709,40.0,1047
lyadov_op11_no1,PianoCoRe_178557,Aria_340404_0,Aria-MIDI,Aria-AMT,"Lyadov,_Anatoly/3_Morceaux,_Op.11/1._Prelude_in_B_minor/score_PDMX_refined.mid",lyadov_op11_no1__PianoCoRe_178557,real,lyadov_op11_no1,lyadov_op11_no1,Aria_340404_0,1019,0.9723282442748091,1.1469161314760428,55.0,1047
lyadov_op11_no1,PianoCoRe_178558,Aria_409762_0,Aria-MIDI,Aria-AMT,"Lyadov,_Anatoly/3_Morceaux,_Op.11/1._Prelude_in_B_minor/score_PDMX_refined.mid",lyadov_op11_no1__PianoCoRe_178558,real,lyadov_op11_no1,lyadov_op11_no1,Aria_409762_0,978,0.933206106870229,1.078878539530745,40.0,1047
lyadov_op11_no1,PianoCoRe_178559,Aria_475149_0,Aria-MIDI,Aria-AMT,"Lyadov,_Anatoly/3_Morceaux,_Op.11/1._Prelude_in_B_minor/score_PDMX_refined.mid",lyadov_op11_no1__PianoCoRe_178559,real,lyadov_op11_no1,lyadov_op11_no1,Aria_475149_0,944,0.9007633587786259,1.1552220644927567,30.0,1047
lyadov_op11_no1,PianoCoRe_178560,Aria_497234_0,Aria-MIDI,Aria-AMT,"Lyadov,_Anatoly/3_Morceaux,_Op.11/1._Prelude_in_B_minor/score_PDMX_refined.mid",lyadov_op11_no1__PianoCoRe_178560,real,lyadov_op11_no1,lyadov_op11_no1,Aria_497234_0,1013,0.9666030534351145,1.011999624482975,55.0,1047
lyadov_op11_no1,PianoCoRe_178563,Aria_514800_0,Aria-MIDI,Aria-AMT,"Lyadov,_Anatoly/3_Morceaux,_Op.11/1._Prelude_in_B_minor/score_PDMX_refined.mid",lyadov_op11_no1__PianoCoRe_178563,real,lyadov_op11_no1,lyadov_op11_no1,Aria_514800_0,1009,0.9627862595419847,1.1403103251083595,50.0,1047
lyadov_op11_no1,PianoCoRe_178564,Aria_514926_0,Aria-MIDI,Aria-AMT,"Lyadov,_Anatoly/3_Morceaux,_Op.11/1._Prelude_in_B_minor/score_PDMX_refined.mid",lyadov_op11_no1__PianoCoRe_178564,real,lyadov_op11_no1,lyadov_op11_no1,Aria_514926_0,1029,0.9818702290076335,1.1124449024924619,60.0,1047
lyadov_op11_no1,PianoCoRe_178565,Aria_577979_0,Aria-MIDI,Aria-AMT,"Lyadov,_Anatoly/3_Morceaux,_Op.11/1._Prelude_in_B_minor/score_PDMX_refined.mid",lyadov_op11_no1__PianoCoRe_178565,real,lyadov_op11_no1,lyadov_op11_no1,Aria_577979_0,927,0.8845419847328244,1.105318727571886,55.0,1047
lyadov_op11_no1,PianoCoRe_178566,Aria_584869_0,Aria-MIDI,Aria-AMT,"Lyadov,_Anatoly/3_Morceaux,_Op.11/1._Prelude_in_B_minor/score_PDMX_refined.mid",lyadov_op11_no1__PianoCoRe_178566,real,lyadov_op11_no1,lyadov_op11_no1,Aria_584869_0,1001,0.9551526717557252,1.0774309673848468,55.0,1047
lyadov_op11_no1,PianoCoRe_178567,Aria_603950_0,Aria-MIDI,Aria-AMT,"Lyadov,_Anatoly/3_Morceaux,_Op.11/1._Prelude_in_B_minor/score_PDMX_refined.mid",lyadov_op11_no1__PianoCoRe_178567,real,lyadov_op11_no1,lyadov_op11_no1,Aria_603950_0,1007,0.9608778625954199,1.14806162485014,55.0,1047
lyadov_op11_no1,PianoCoRe_178568,Aria_611111_0,Aria-MIDI,Aria-AMT,"Lyadov,_Anatoly/3_Morceaux,_Op.11/1._Prelude_in_B_minor/score_PDMX_refined.mid",lyadov_op11_no1__PianoCoRe_178568,real,lyadov_op11_no1,lyadov_op11_no1,Aria_611111_0,997,0.9513358778625954,0.9021702243452455,45.0,1047
lyadov_op11_no1,PianoCoRe_178569,Aria_627407_0,Aria-MIDI,Aria-AMT,"Lyadov,_Anatoly/3_Morceaux,_Op.11/1._Prelude_in_B_minor/score_PDMX_refined.mid",lyadov_op11_no1__PianoCoRe_178569,real,lyadov_op11_no1,lyadov_op11_no1,Aria_627407_0,987,0.941793893129771,1.1622648947642122,50.0,1047
lyadov_op11_no1,PianoCoRe_178570,Aria_628527_0,Aria-MIDI,Aria-AMT,"Lyadov,_Anatoly/3_Morceaux,_Op.11/1._Prelude_in_B_minor/score_PDMX_refined.mid",lyadov_op11_no1__PianoCoRe_178570,real,lyadov_op11_no1,lyadov_op11_no1,Aria_628527_0,971,0.9265267175572519,0.8162868982009326,60.0,1047
lyadov_op11_no1,PianoCoRe_178571,Aria_633549_0,Aria-MIDI,Aria-AMT,"Lyadov,_Anatoly/3_Morceaux,_Op.11/1._Prelude_in_B_minor/score_PDMX_refined.mid",lyadov_op11_no1__PianoCoRe_178571,real,lyadov_op11_no1,lyadov_op11_no1,Aria_633549_0,1018,0.9713740458015268,0.9414251051549367,50.0,1047
lyadov_op11_no1,PianoCoRe_178573,Aria_662233_0,Aria-MIDI,Aria-AMT,"Lyadov,_Anatoly/3_Morceaux,_Op.11/1._Prelude_in_B_minor/score_PDMX_refined.mid",lyadov_op11_no1__PianoCoRe_178573,real,lyadov_op11_no1,lyadov_op11_no1,Aria_662233_0,1028,0.9809160305343512,1.235181383417862,45.0,1047
lyadov_op11_no1,PianoCoRe_178574,Aria_733587_0,Aria-MIDI,Aria-AMT,"Lyadov,_Anatoly/3_Morceaux,_Op.11/1._Prelude_in_B_minor/score_PDMX_refined.mid",lyadov_op11_no1__PianoCoRe_178574,real,lyadov_op11_no1,lyadov_op11_no1,Aria_733587_0,984,0.9389312977099237,0.9531295337676626,45.0,1047
lyadov_op11_no1,PianoCoRe_178575,Aria_736637_0,Aria-MIDI,Aria-AMT,"Lyadov,_Anatoly/3_Morceaux,_Op.11/1._Prelude_in_B_minor/score_PDMX_refined.mid",lyadov_op11_no1__PianoCoRe_178575,real,lyadov_op11_no1,lyadov_op11_no1,Aria_736637_0,974,0.9293893129770993,1.0627311224577536,40.0,1047
lyadov_op11_no1,PianoCoRe_178576,Aria_760024_0,Aria-MIDI,Aria-AMT,"Lyadov,_Anatoly/3_Morceaux,_Op.11/1._Prelude_in_B_minor/score_PDMX_refined.mid",lyadov_op11_no1__PianoCoRe_178576,real,lyadov_op11_no1,lyadov_op11_no1,Aria_760024_0,992,0.9465648854961832,0.8988906134638158,50.0,1047
lyadov_op11_no1,PianoCoRe_178577,Aria_768281_0,Aria-MIDI,Aria-AMT,"Lyadov,_Anatoly/3_Morceaux,_Op.11/1._Prelude_in_B_minor/score_PDMX_refined.mid",lyadov_op11_no1__PianoCoRe_178577,real,lyadov_op11_no1,lyadov_op11_no1,Aria_768281_0,1027,0.9799618320610687,0.8541637340509808,50.0,1047
lyadov_op11_no1,PianoCoRe_178578,Aria_783313_0,Aria-MIDI,Aria-AMT,"Lyadov,_Anatoly/3_Morceaux,_Op.11/1._Prelude_in_B_minor/score_PDMX_refined.mid",lyadov_op11_no1__PianoCoRe_178578,real,lyadov_op11_no1,lyadov_op11_no1,Aria_783313_0,960,0.916030534351145,1.1320926883145794,50.0,1047
lyadov_op11_no1,PianoCoRe_178579,Aria_806297_0,Aria-MIDI,Aria-AMT,"Lyadov,_Anatoly/3_Morceaux,_Op.11/1._Prelude_in_B_minor/score_PDMX_refined.mid",lyadov_op11_no1__PianoCoRe_178579,real,lyadov_op11_no1,lyadov_op11_no1,Aria_806297_0,1033,0.9856870229007634,1.1930928352539372,45.0,1047
lyadov_op11_no1,PianoCoRe_178580,Aria_808657_0,Aria-MIDI,Aria-AMT,"Lyadov,_Anatoly/3_Morceaux,_Op.11/1._Prelude_in_B_minor/score_PDMX_refined.mid",lyadov_op11_no1__PianoCoRe_178580,real,lyadov_op11_no1,lyadov_op11_no1,Aria_808657_0,1009,0.9627862595419847,1.064510959046876,50.0,1047
lyadov_op11_no1,PianoCoRe_178581,Aria_813400_0,Aria-MIDI,Aria-AMT,"Lyadov,_Anatoly/3_Morceaux,_Op.11/1._Prelude_in_B_minor/score_PDMX_refined.mid",lyadov_op11_no1__PianoCoRe_178581,real,lyadov_op11_no1,lyadov_op11_no1,Aria_813400_0,1023,0.976145038167939,1.3292768811582425,40.0,1047
lyadov_op11_no1,PianoCoRe_178582,Aria_814706_0,Aria-MIDI,Aria-AMT,"Lyadov,_Anatoly/3_Morceaux,_Op.11/1._Prelude_in_B_minor/score_PDMX_refined.mid",lyadov_op11_no1__PianoCoRe_178582,real,lyadov_op11_no1,lyadov_op11_no1,Aria_814706_0,1017,0.9704198473282443,1.1617459289914456,50.0,1047
lyadov_op11_no1,PianoCoRe_178583,Aria_817683_0,Aria-MIDI,Aria-AMT,"Lyadov,_Anatoly/3_Morceaux,_Op.11/1._Prelude_in_B_minor/score_PDMX_refined.mid",lyadov_op11_no1__PianoCoRe_178583,real,lyadov_op11_no1,lyadov_op11_no1,Aria_817683_0,1010,0.9637404580152672,1.18291409133794,35.0,1047
lyadov_op11_no1,PianoCoRe_178584,Aria_836442_0,Aria-MIDI,Aria-AMT,"Lyadov,_Anatoly/3_Morceaux,_Op.11/1._Prelude_in_B_minor/score_PDMX_refined.mid",lyadov_op11_no1__PianoCoRe_178584,real,lyadov_op11_no1,lyadov_op11_no1,Aria_836442_0,902,0.8606870229007634,0.9305687723940999,65.0,1047
lyadov_op11_no1,PianoCoRe_178585,Aria_858413_0,Aria-MIDI,Aria-AMT,"Lyadov,_Anatoly/3_Morceaux,_Op.11/1._Prelude_in_B_minor/score_PDMX_refined.mid",lyadov_op11_no1__PianoCoRe_178585,real,lyadov_op11_no1,lyadov_op11_no1,Aria_858413_0,987,0.941793893129771,1.1750323173397172,50.0,1047
lyadov_op11_no1,PianoCoRe_178586,Aria_858793_0,Aria-MIDI,Aria-AMT,"Lyadov,_Anatoly/3_Morceaux,_Op.11/1._Prelude_in_B_minor/score_PDMX_refined.mid",lyadov_op11_no1__PianoCoRe_178586,real,lyadov_op11_no1,lyadov_op11_no1,Aria_858793_0,955,0.9112595419847328,1.0526623746572135,40.0,1047
lyadov_op11_no1,PianoCoRe_178587,Aria_872821_0,Aria-MIDI,Aria-AMT,"Lyadov,_Anatoly/3_Morceaux,_Op.11/1._Prelude_in_B_minor/score_PDMX_refined.mid",lyadov_op11_no1__PianoCoRe_178587,real,lyadov_op11_no1,lyadov_op11_no1,Aria_872821_0,1020,0.9732824427480916,0.9982749656990362,50.0,1047
lyadov_op11_no1,PianoCoRe_178588,Aria_896777_0,Aria-MIDI,Aria-AMT,"Lyadov,_Anatoly/3_Morceaux,_Op.11/1._Prelude_in_B_minor/score_PDMX_refined.mid",lyadov_op11_no1__PianoCoRe_178588,real,lyadov_op11_no1,lyadov_op11_no1,Aria_896777_0,1010,0.9637404580152672,0.9624974593211664,50.0,1047
lyadov_op11_no1,PianoCoRe_178589,Aria_901739_0,Aria-MIDI,Aria-AMT,"Lyadov,_Anatoly/3_Morceaux,_Op.11/1._Prelude_in_B_minor/score_PDMX_refined.mid",lyadov_op11_no1__PianoCoRe_178589,real,lyadov_op11_no1,lyadov_op11_no1,Aria_901739_0,1031,0.9837786259541985,1.3020528279214147,40.0,1047
lyadov_op11_no1,PianoCoRe_178591,Aria_923051_0,Aria-MIDI,Aria-AMT,"Lyadov,_Anatoly/3_Morceaux,_Op.11/1._Prelude_in_B_minor/score_PDMX_refined.mid",lyadov_op11_no1__PianoCoRe_178591,real,lyadov_op11_no1,lyadov_op11_no1,Aria_923051_0,980,0.9351145038167938,1.332351795445445,40.0,1047
lyadov_op11_no1,PianoCoRe_178592,Aria_932223_0,Aria-MIDI,Aria-AMT,"Lyadov,_Anatoly/3_Morceaux,_Op.11/1._Prelude_in_B_minor/score_PDMX_refined.mid",lyadov_op11_no1__PianoCoRe_178592,real,lyadov_op11_no1,lyadov_op11_no1,Aria_932223_0,1022,0.9751908396946565,0.9221759289473265,50.0,1047
mendelssohn_op38_no3,PianoCoRe_181102,Aria_017176_0,Aria-MIDI,Aria-AMT,"Mendelssohn,_Felix/Lieder_ohne_Worte,_Op.38/3._Presto_e_molto_vivace/score_MS_refined.mid",mendelssohn_op38_no3__PianoCoRe_181102,real,mendelssohn_op38_no3,mendelssohn_op38_no3,Aria_017176_0,1706,0.9798966111430213,0.8935613095379534,60.0,1731
mendelssohn_op38_no3,PianoCoRe_181103,Aria_121024_0,Aria-MIDI,Aria-AMT,"Mendelssohn,_Felix/Lieder_ohne_Worte,_Op.38/3._Presto_e_molto_vivace/score_MS_refined.mid",mendelssohn_op38_no3__PianoCoRe_181103,real,mendelssohn_op38_no3,mendelssohn_op38_no3,Aria_121024_0,1452,0.8340034462952326,0.5841993018452045,55.0,1731
mendelssohn_op38_no3,PianoCoRe_181104,Aria_129123_0,Aria-MIDI,Aria-AMT,"Mendelssohn,_Felix/Lieder_ohne_Worte,_Op.38/3._Presto_e_molto_vivace/score_MS_refined.mid",mendelssohn_op38_no3__PianoCoRe_181104,real,mendelssohn_op38_no3,mendelssohn_op38_no3,Aria_129123_0,1622,0.9316484778862723,0.7034256673593818,55.0,1731
mendelssohn_op38_no3,PianoCoRe_181105,Aria_148158_0,Aria-MIDI,Aria-AMT,"Mendelssohn,_Felix/Lieder_ohne_Worte,_Op.38/3._Presto_e_molto_vivace/score_MS_refined.mid",mendelssohn_op38_no3__PianoCoRe_181105,real,mendelssohn_op38_no3,mendelssohn_op38_no3,Aria_148158_0,1628,0.9350947731188972,1.0903896966111084,55.0,1731
mendelssohn_op38_no3,PianoCoRe_181106,Aria_168547_0,Aria-MIDI,Aria-AMT,"Mendelssohn,_Felix/Lieder_ohne_Worte,_Op.38/3._Presto_e_molto_vivace/score_MS_refined.mid",mendelssohn_op38_no3__PianoCoRe_181106,real,mendelssohn_op38_no3,mendelssohn_op38_no3,Aria_168547_0,1656,0.9511774842044802,0.62492977589931,50.0,1731
mendelssohn_op38_no3,PianoCoRe_181107,Aria_213127_0,Aria-MIDI,Aria-AMT,"Mendelssohn,_Felix/Lieder_ohne_Worte,_Op.38/3._Presto_e_molto_vivace/score_MS_refined.mid",mendelssohn_op38_no3__PianoCoRe_181107,real,mendelssohn_op38_no3,mendelssohn_op38_no3,Aria_213127_0,1497,0.8598506605399195,0.7767224375728168,60.0,1731
mendelssohn_op38_no3,PianoCoRe_181108,Aria_302781_0,Aria-MIDI,Aria-AMT,"Mendelssohn,_Felix/Lieder_ohne_Worte,_Op.38/3._Presto_e_molto_vivace/score_MS_refined.mid",mendelssohn_op38_no3__PianoCoRe_181108,real,mendelssohn_op38_no3,mendelssohn_op38_no3,Aria_302781_0,1686,0.9684089603676048,1.0543909548221266,60.0,1731
mendelssohn_op38_no3,PianoCoRe_181109,Aria_419167_0,Aria-MIDI,Aria-AMT,"Mendelssohn,_Felix/Lieder_ohne_Worte,_Op.38/3._Presto_e_molto_vivace/score_MS_refined.mid",mendelssohn_op38_no3__PianoCoRe_181109,real,mendelssohn_op38_no3,mendelssohn_op38_no3,Aria_419167_0,1682,0.9661114302125215,0.9996986793043421,60.0,1731
mendelssohn_op38_no3,PianoCoRe_181111,Aria_450011_0,Aria-MIDI,Aria-AMT,"Mendelssohn,_Felix/Lieder_ohne_Worte,_Op.38/3._Presto_e_molto_vivace/score_MS_refined.mid",mendelssohn_op38_no3__PianoCoRe_181111,real,mendelssohn_op38_no3,mendelssohn_op38_no3,Aria_450011_0,1564,0.8983342906375646,0.9816386465991065,70.0,1731
mendelssohn_op38_no3,PianoCoRe_181112,Aria_470209_0,Aria-MIDI,Aria-AMT,"Mendelssohn,_Felix/Lieder_ohne_Worte,_Op.38/3._Presto_e_molto_vivace/score_MS_refined.mid",mendelssohn_op38_no3__PianoCoRe_181112,real,mendelssohn_op38_no3,mendelssohn_op38_no3,Aria_470209_0,1697,0.9747271682940839,0.7420748621595323,60.0,1731
mendelssohn_op38_no3,PianoCoRe_181113,Aria_470337_0,Aria-MIDI,Aria-AMT,"Mendelssohn,_Felix/Lieder_ohne_Worte,_Op.38/3._Presto_e_molto_vivace/score_MS_refined.mid",mendelssohn_op38_no3__PianoCoRe_181113,real,mendelssohn_op38_no3,mendelssohn_op38_no3,Aria_470337_0,1576,0.9052268811028145,0.7657862612011151,60.0,1731
mendelssohn_op38_no3,PianoCoRe_181114,Aria_612393_0,Aria-MIDI,Aria-AMT,"Mendelssohn,_Felix/Lieder_ohne_Worte,_Op.38/3._Presto_e_molto_vivace/score_MS_refined.mid",mendelssohn_op38_no3__PianoCoRe_181114,real,mendelssohn_op38_no3,mendelssohn_op38_no3,Aria_612393_0,1497,0.8598506605399195,0.6585967243421101,55.0,1731
mendelssohn_op38_no3,PianoCoRe_181115,Aria_616030_0,Aria-MIDI,Aria-AMT,"Mendelssohn,_Felix/Lieder_ohne_Worte,_Op.38/3._Presto_e_molto_vivace/score_MS_refined.mid",mendelssohn_op38_no3__PianoCoRe_181115,real,mendelssohn_op38_no3,mendelssohn_op38_no3,Aria_616030_0,1474,0.8466398621481906,0.5689157271449454,50.0,1731
mendelssohn_op38_no3,PianoCoRe_181116,Aria_631705_0,Aria-MIDI,Aria-AMT,"Mendelssohn,_Felix/Lieder_ohne_Worte,_Op.38/3._Presto_e_molto_vivace/score_MS_refined.mid",mendelssohn_op38_no3__PianoCoRe_181116,real,mendelssohn_op38_no3,mendelssohn_op38_no3,Aria_631705_0,1430,0.8213670304422745,1.1941637401369927,60.0,1731
mendelssohn_op38_no3,PianoCoRe_181117,Aria_656339_0,Aria-MIDI,Aria-AMT,"Mendelssohn,_Felix/Lieder_ohne_Worte,_Op.38/3._Presto_e_molto_vivace/score_MS_refined.mid",mendelssohn_op38_no3__PianoCoRe_181117,real,mendelssohn_op38_no3,mendelssohn_op38_no3,Aria_656339_0,1689,0.9701321079839172,0.734538276137658,55.0,1731
mendelssohn_op38_no3,PianoCoRe_181118,Aria_700391_0,Aria-MIDI,Aria-AMT,"Mendelssohn,_Felix/Lieder_ohne_Worte,_Op.38/3._Presto_e_molto_vivace/score_MS_refined.mid",mendelssohn_op38_no3__PianoCoRe_181118,real,mendelssohn_op38_no3,mendelssohn_op38_no3,Aria_700391_0,1695,0.9735784032165422,0.6192792574486697,50.0,1731
mendelssohn_op38_no3,PianoCoRe_181119,Aria_751073_0,Aria-MIDI,Aria-AMT,"Mendelssohn,_Felix/Lieder_ohne_Worte,_Op.38/3._Presto_e_molto_vivace/score_MS_refined.mid",mendelssohn_op38_no3__PianoCoRe_181119,real,mendelssohn_op38_no3,mendelssohn_op38_no3,Aria_751073_0,1676,0.9626651349798966,0.6768041645182906,60.0,1731
mendelssohn_op38_no3,PianoCoRe_181121,Aria_869199_0,Aria-MIDI,Aria-AMT,"Mendelssohn,_Felix/Lieder_ohne_Worte,_Op.38/3._Presto_e_molto_vivace/score_MS_refined.mid",mendelssohn_op38_no3__PianoCoRe_181121,real,mendelssohn_op38_no3,mendelssohn_op38_no3,Aria_869199_0,1438,0.8259620907524411,0.5729714958418793,60.0,1731
mendelssohn_op38_no3,PianoCoRe_181122,PERiScoPe_98609008,PERiScoPe,Transkun V2,"Mendelssohn,_Felix/Lieder_ohne_Worte,_Op.38/3._Presto_e_molto_vivace/score_MS_refined.mid",mendelssohn_op38_no3__PianoCoRe_181122,real,mendelssohn_op38_no3,mendelssohn_op38_no3,PERiScoPe_98609008,1474,0.8466398621481906,0.5437219526070521,60.0,1731
mendelssohn_op38_no3,PianoCoRe_181123,PERiScoPe_620210232,PERiScoPe,Transkun V2,"Mendelssohn,_Felix/Lieder_ohne_Worte,_Op.38/3._Presto_e_molto_vivace/score_MS_refined.mid",mendelssohn_op38_no3__PianoCoRe_181123,real,mendelssohn_op38_no3,mendelssohn_op38_no3,PERiScoPe_620210232,1711,0.9827685238368754,0.5566968285069837,59.0,1731
mendelssohn_op38_no3,PianoCoRe_181124,PERiScoPe_1091486122,PERiScoPe,Transkun V2,"Mendelssohn,_Felix/Lieder_ohne_Worte,_Op.38/3._Presto_e_molto_vivace/score_MS_refined.mid",mendelssohn_op38_no3__PianoCoRe_181124,real,mendelssohn_op38_no3,mendelssohn_op38_no3,PERiScoPe_1091486122,1447,0.8311315336013785,0.6352870291197091,57.0,1731
mendelssohn_op38_no4,PianoCoRe_181125,Aria_004965_1,Aria-MIDI,Aria-AMT,"Mendelssohn,_Felix/Lieder_ohne_Worte,_Op.38/4._Andante/score_MS_refined.mid",mendelssohn_op38_no4__PianoCoRe_181125,real,mendelssohn_op38_no4,mendelssohn_op38_no4,Aria_004965_1,748,0.9714285714285714,1.0036266230055442,55.0,767
mendelssohn_op38_no4,PianoCoRe_181126,Aria_031810_0,Aria-MIDI,Aria-AMT,"Mendelssohn,_Felix/Lieder_ohne_Worte,_Op.38/4._Andante/score_MS_refined.mid",mendelssohn_op38_no4__PianoCoRe_181126,real,mendelssohn_op38_no4,mendelssohn_op38_no4,Aria_031810_0,745,0.9675324675324676,1.1920430486243032,55.0,767
mendelssohn_op38_no4,PianoCoRe_181127,Aria_081543_0,Aria-MIDI,Aria-AMT,"Mendelssohn,_Felix/Lieder_ohne_Worte,_Op.38/4._Andante/score_MS_refined.mid",mendelssohn_op38_no4__PianoCoRe_181127,real,mendelssohn_op38_no4,mendelssohn_op38_no4,Aria_081543_0,716,0.9298701298701298,1.2972689937758088,40.0,767
mendelssohn_op38_no4,PianoCoRe_181128,Aria_084021_0,Aria-MIDI,Aria-AMT,"Mendelssohn,_Felix/Lieder_ohne_Worte,_Op.38/4._Andante/score_MS_refined.mid",mendelssohn_op38_no4__PianoCoRe_181128,real,mendelssohn_op38_no4,mendelssohn_op38_no4,Aria_084021_0,751,0.9753246753246754,1.5199081768285803,60.0,767
mendelssohn_op38_no4,PianoCoRe_181129,Aria_115802_0,Aria-MIDI,Aria-AMT,"Mendelssohn,_Felix/Lieder_ohne_Worte,_Op.38/4._Andante/score_MS_refined.mid",mendelssohn_op38_no4__PianoCoRe_181129,real,mendelssohn_op38_no4,mendelssohn_op38_no4,Aria_115802_0,712,0.9246753246753247,1.0216523917874778,45.0,767
mendelssohn_op38_no4,PianoCoRe_181130,Aria_192151_0,Aria-MIDI,Aria-AMT,"Mendelssohn,_Felix/Lieder_ohne_Worte,_Op.38/4._Andante/score_MS_refined.mid",mendelssohn_op38_no4__PianoCoRe_181130,real,mendelssohn_op38_no4,mendelssohn_op38_no4,Aria_192151_0,718,0.9324675324675324,1.1928425029383367,45.0,767
mendelssohn_op38_no4,PianoCoRe_181132,Aria_286329_0,Aria-MIDI,Aria-AMT,"Mendelssohn,_Felix/Lieder_ohne_Worte,_Op.38/4._Andante/score_MS_refined.mid",mendelssohn_op38_no4__PianoCoRe_181132,real,mendelssohn_op38_no4,mendelssohn_op38_no4,Aria_286329_0,763,0.990909090909091,1.447944719437612,50.0,767
mendelssohn_op38_no4,PianoCoRe_181133,Aria_287809_0,Aria-MIDI,Aria-AMT,"Mendelssohn,_Felix/Lieder_ohne_Worte,_Op.38/4._Andante/score_MS_refined.mid",mendelssohn_op38_no4__PianoCoRe_181133,real,mendelssohn_op38_no4,mendelssohn_op38_no4,Aria_287809_0,754,0.9792207792207792,1.0940712963617896,40.0,767
mendelssohn_op38_no4,PianoCoRe_181134,Aria_288957_0,Aria-MIDI,Aria-AMT,"Mendelssohn,_Felix/Lieder_ohne_Worte,_Op.38/4._Andante/score_MS_refined.mid",mendelssohn_op38_no4__PianoCoRe_181134,real,mendelssohn_op38_no4,mendelssohn_op38_no4,Aria_288957_0,750,0.974025974025974,1.5839533254156766,55.0,767
mendelssohn_op38_no4,PianoCoRe_181135,Aria_326475_0,Aria-MIDI,Aria-AMT,"Mendelssohn,_Felix/Lieder_ohne_Worte,_Op.38/4._Andante/score_MS_refined.mid",mendelssohn_op38_no4__PianoCoRe_181135,real,mendelssohn_op38_no4,mendelssohn_op38_no4,Aria_326475_0,750,0.974025974025974,1.1053736407121977,60.0,767
mendelssohn_op38_no4,PianoCoRe_181136,Aria_333238_0,Aria-MIDI,Aria-AMT,"Mendelssohn,_Felix/Lieder_ohne_Worte,_Op.38/4._Andante/score_MS_refined.mid",mendelssohn_op38_no4__PianoCoRe_181136,real,mendelssohn_op38_no4,mendelssohn_op38_no4,Aria_333238_0,750,0.974025974025974,1.3136726256861637,45.0,767
mendelssohn_op38_no4,PianoCoRe_181137,Aria_364187_0,Aria-MIDI,Aria-AMT,"Mendelssohn,_Felix/Lieder_ohne_Worte,_Op.38/4._Andante/score_MS_refined.mid",mendelssohn_op38_no4__PianoCoRe_181137,real,mendelssohn_op38_no4,mendelssohn_op38_no4,Aria_364187_0,756,0.9818181818181818,1.2417404380431354,65.0,767
mendelssohn_op38_no4,PianoCoRe_181138,Aria_400816_0,Aria-MIDI,Aria-AMT,"Mendelssohn,_Felix/Lieder_ohne_Worte,_Op.38/4._Andante/score_MS_refined.mid",mendelssohn_op38_no4__PianoCoRe_181138,real,mendelssohn_op38_no4,mendelssohn_op38_no4,Aria_400816_0,727,0.9441558441558442,1.0525749379292928,50.0,767
mendelssohn_op38_no4,PianoCoRe_181139,Aria_404577_0,Aria-MIDI,Aria-AMT,"Mendelssohn,_Felix/Lieder_ohne_Worte,_Op.38/4._Andante/score_MS_refined.mid",mendelssohn_op38_no4__PianoCoRe_181139,real,mendelssohn_op38_no4,mendelssohn_op38_no4,Aria_404577_0,717,0.9311688311688312,1.2988509568848958,35.0,767
mendelssohn_op38_no4,PianoCoRe_181141,Aria_457251_0,Aria-MIDI,Aria-AMT,"Mendelssohn,_Felix/Lieder_ohne_Worte,_Op.38/4._Andante/score_MS_refined.mid",mendelssohn_op38_no4__PianoCoRe_181141,real,mendelssohn_op38_no4,mendelssohn_op38_no4,Aria_457251_0,707,0.9181818181818182,1.202643034167865,55.0,767
mendelssohn_op38_no4,PianoCoRe_181142,Aria_547834_0,Aria-MIDI,Aria-AMT,"Mendelssohn,_Felix/Lieder_ohne_Worte,_Op.38/4._Andante/score_MS_refined.mid",mendelssohn_op38_no4__PianoCoRe_181142,real,mendelssohn_op38_no4,mendelssohn_op38_no4,Aria_547834_0,715,0.9285714285714286,1.10291281302451,55.0,767
mendelssohn_op38_no4,PianoCoRe_181143,Aria_592819_0,Aria-MIDI,Aria-AMT,"Mendelssohn,_Felix/Lieder_ohne_Worte,_Op.38/4._Andante/score_MS_refined.mid",mendelssohn_op38_no4__PianoCoRe_181143,real,mendelssohn_op38_no4,mendelssohn_op38_no4,Aria_592819_0,745,0.9675324675324676,1.2376180247214494,40.0,767
mendelssohn_op38_no4,PianoCoRe_181144,Aria_599703_0,Aria-MIDI,Aria-AMT,"Mendelssohn,_Felix/Lieder_ohne_Worte,_Op.38/4._Andante/score_MS_refined.mid",mendelssohn_op38_no4__PianoCoRe_181144,real,mendelssohn_op38_no4,mendelssohn_op38_no4,Aria_599703_0,758,0.9844155844155844,1.1564671609346355,60.0,767
mendelssohn_op38_no4,PianoCoRe_181147,Aria_786473_0,Aria-MIDI,Aria-AMT,"Mendelssohn,_Felix/Lieder_ohne_Worte,_Op.38/4._Andante/score_MS_refined.mid",mendelssohn_op38_no4__PianoCoRe_181147,real,mendelssohn_op38_no4,mendelssohn_op38_no4,Aria_786473_0,616,0.8,0.8793540764994098,75.0,767
mendelssohn_op38_no4,PianoCoRe_181148,Aria_800827_0,Aria-MIDI,Aria-AMT,"Mendelssohn,_Felix/Lieder_ohne_Worte,_Op.38/4._Andante/score_MS_refined.mid",mendelssohn_op38_no4__PianoCoRe_181148,real,mendelssohn_op38_no4,mendelssohn_op38_no4,Aria_800827_0,755,0.9805194805194806,1.2453332783492221,50.0,767
mendelssohn_op38_no4,PianoCoRe_181150,PERiScoPe_98609010,PERiScoPe,Transkun V2,"Mendelssohn,_Felix/Lieder_ohne_Worte,_Op.38/4._Andante/score_MS_refined.mid",mendelssohn_op38_no4__PianoCoRe_181150,real,mendelssohn_op38_no4,mendelssohn_op38_no4,PERiScoPe_98609010,727,0.9441558441558442,1.2059760075005608,58.0,767
mendelssohn_op38_no4,PianoCoRe_181151,PERiScoPe_620210242,PERiScoPe,Transkun V2,"Mendelssohn,_Felix/Lieder_ohne_Worte,_Op.38/4._Andante/score_MS_refined.mid",mendelssohn_op38_no4__PianoCoRe_181151,real,mendelssohn_op38_no4,mendelssohn_op38_no4,PERiScoPe_620210242,762,0.9896103896103896,1.0640669084607863,60.0,767
mendelssohn_op38_no4,PianoCoRe_181152,PERiScoPe_1091486132,PERiScoPe,Transkun V2,"Mendelssohn,_Felix/Lieder_ohne_Worte,_Op.38/4._Andante/score_MS_refined.mid",mendelssohn_op38_no4__PianoCoRe_181152,real,mendelssohn_op38_no4,mendelssohn_op38_no4,PERiScoPe_1091486132,743,0.964935064935065,1.3901297985621368,47.0,767
mendelssohn_op53_no1,PianoCoRe_181292,ATEPP_03656,ATEPP,ATEPP,"Mendelssohn,_Felix/Lieder_ohne_Worte,_Op.53/1._Andante_con_moto/score_MS_refined.mid",mendelssohn_op53_no1__PianoCoRe_181292,real,mendelssohn_op53_no1,mendelssohn_op53_no1,ATEPP_03656,1143,0.9300244100895037,0.46821455245533933,60.0,1220
mendelssohn_op53_no1,PianoCoRe_181294,Aria_010299_0,Aria-MIDI,Aria-AMT,"Mendelssohn,_Felix/Lieder_ohne_Worte,_Op.53/1._Andante_con_moto/score_MS_refined.mid",mendelssohn_op53_no1__PianoCoRe_181294,real,mendelssohn_op53_no1,mendelssohn_op53_no1,Aria_010299_0,1208,0.9829129373474369,0.5388224734659913,55.0,1220
mendelssohn_op53_no1,PianoCoRe_181295,Aria_020796_0,Aria-MIDI,Aria-AMT,"Mendelssohn,_Felix/Lieder_ohne_Worte,_Op.53/1._Andante_con_moto/score_MS_refined.mid",mendelssohn_op53_no1__PianoCoRe_181295,real,mendelssohn_op53_no1,mendelssohn_op53_no1,Aria_020796_0,1206,0.9812855980471928,0.5265884362333969,45.0,1220
mendelssohn_op53_no1,PianoCoRe_181297,Aria_033917_0,Aria-MIDI,Aria-AMT,"Mendelssohn,_Felix/Lieder_ohne_Worte,_Op.53/1._Andante_con_moto/score_MS_refined.mid",mendelssohn_op53_no1__PianoCoRe_181297,real,mendelssohn_op53_no1,mendelssohn_op53_no1,Aria_033917_0,1205,0.9804719283970708,0.6078693403394964,55.0,1220
mendelssohn_op53_no1,PianoCoRe_181299,Aria_046568_0,Aria-MIDI,Aria-AMT,"Mendelssohn,_Felix/Lieder_ohne_Worte,_Op.53/1._Andante_con_moto/score_MS_refined.mid",mendelssohn_op53_no1__PianoCoRe_181299,real,mendelssohn_op53_no1,mendelssohn_op53_no1,Aria_046568_0,1188,0.9666395443449959,0.592144757857427,50.0,1220
mendelssohn_op53_no1,PianoCoRe_181300,Aria_054919_0,Aria-MIDI,Aria-AMT,"Mendelssohn,_Felix/Lieder_ohne_Worte,_Op.53/1._Andante_con_moto/score_MS_refined.mid",mendelssohn_op53_no1__PianoCoRe_181300,real,mendelssohn_op53_no1,mendelssohn_op53_no1,Aria_054919_0,1174,0.9552481692432873,0.596112529687581,45.0,1220
mendelssohn_op53_no1,PianoCoRe_181301,Aria_059936_0,Aria-MIDI,Aria-AMT,"Mendelssohn,_Felix/Lieder_ohne_Worte,_Op.53/1._Andante_con_moto/score_MS_refined.mid",mendelssohn_op53_no1__PianoCoRe_181301,real,mendelssohn_op53_no1,mendelssohn_op53_no1,Aria_059936_0,1207,0.9820992676973149,0.6611684052741795,55.0,1220
mendelssohn_op53_no1,PianoCoRe_181302,Aria_060704_0,Aria-MIDI,Aria-AMT,"Mendelssohn,_Felix/Lieder_ohne_Worte,_Op.53/1._Andante_con_moto/score_MS_refined.mid",mendelssohn_op53_no1__PianoCoRe_181302,real,mendelssohn_op53_no1,mendelssohn_op53_no1,Aria_060704_0,1205,0.9804719283970708,0.4322752414448103,60.0,1220
mendelssohn_op53_no1,PianoCoRe_181303,Aria_076069_0,Aria-MIDI,Aria-AMT,"Mendelssohn,_Felix/Lieder_ohne_Worte,_Op.53/1._Andante_con_moto/score_MS_refined.mid",mendelssohn_op53_no1__PianoCoRe_181303,real,mendelssohn_op53_no1,mendelssohn_op53_no1,Aria_076069_0,1174,0.9552481692432873,0.5789781167647857,45.0,1220
mendelssohn_op53_no1,PianoCoRe_181304,Aria_101727_0,Aria-MIDI,Aria-AMT,"Mendelssohn,_Felix/Lieder_ohne_Worte,_Op.53/1._Andante_con_moto/score_MS_refined.mid",mendelssohn_op53_no1__PianoCoRe_181304,real,mendelssohn_op53_no1,mendelssohn_op53_no1,Aria_101727_0,1203,0.9788445890968267,0.61464188417287,65.0,1220
mendelssohn_op53_no1,PianoCoRe_181305,Aria_116521_0,Aria-MIDI,Aria-AMT,"Mendelssohn,_Felix/Lieder_ohne_Worte,_Op.53/1._Andante_con_moto/score_MS_refined.mid",mendelssohn_op53_no1__PianoCoRe_181305,real,mendelssohn_op53_no1,mendelssohn_op53_no1,Aria_116521_0,1157,0.9414157851912124,0.6904680389608786,40.0,1220
mendelssohn_op53_no1,PianoCoRe_181306,Aria_147929_0,Aria-MIDI,Aria-AMT,"Mendelssohn,_Felix/Lieder_ohne_Worte,_Op.53/1._Andante_con_moto/score_MS_refined.mid",mendelssohn_op53_no1__PianoCoRe_181306,real,mendelssohn_op53_no1,mendelssohn_op53_no1,Aria_147929_0,1189,0.967453213995118,0.5659161991906986,60.0,1220
mendelssohn_op53_no1,PianoCoRe_181307,Aria_149242_0,Aria-MIDI,Aria-AMT,"Mendelssohn,_Felix/Lieder_ohne_Worte,_Op.53/1._Andante_con_moto/score_MS_refined.mid",mendelssohn_op53_no1__PianoCoRe_181307,real,mendelssohn_op53_no1,mendelssohn_op53_no1,Aria_149242_0,1203,0.9788445890968267,0.6003070681562193,60.0,1220
mendelssohn_op53_no1,PianoCoRe_181308,Aria_184113_0,Aria-MIDI,Aria-AMT,"Mendelssohn,_Felix/Lieder_ohne_Worte,_Op.53/1._Andante_con_moto/score_MS_refined.mid",mendelssohn_op53_no1__PianoCoRe_181308,real,mendelssohn_op53_no1,mendelssohn_op53_no1,Aria_184113_0,1145,0.9316517493897477,0.7333569387702829,50.0,1220
mendelssohn_op53_no1,PianoCoRe_181309,Aria_231190_0,Aria-MIDI,Aria-AMT,"Mendelssohn,_Felix/Lieder_ohne_Worte,_Op.53/1._Andante_con_moto/score_MS_refined.mid",mendelssohn_op53_no1__PianoCoRe_181309,real,mendelssohn_op53_no1,mendelssohn_op53_no1,Aria_231190_0,1178,0.9585028478437754,0.4942475741892611,50.0,1220
mendelssohn_op53_no1,PianoCoRe_181310,Aria_285286_0,Aria-MIDI,Aria-AMT,"Mendelssohn,_Felix/Lieder_ohne_Worte,_Op.53/1._Andante_con_moto/score_MS_refined.mid",mendelssohn_op53_no1__PianoCoRe_181310,real,mendelssohn_op53_no1,mendelssohn_op53_no1,Aria_285286_0,1202,0.9780309194467046,0.6268409810013919,60.0,1220
mendelssohn_op53_no1,PianoCoRe_181313,Aria_388590_0,Aria-MIDI,Aria-AMT,"Mendelssohn,_Felix/Lieder_ohne_Worte,_Op.53/1._Andante_con_moto/score_MS_refined.mid",mendelssohn_op53_no1__PianoCoRe_181313,real,mendelssohn_op53_no1,mendelssohn_op53_no1,Aria_388590_0,1208,0.9829129373474369,0.551841884850408,50.0,1220
mendelssohn_op53_no1,PianoCoRe_181314,Aria_405196_0,Aria-MIDI,Aria-AMT,"Mendelssohn,_Felix/Lieder_ohne_Worte,_Op.53/1._Andante_con_moto/score_MS_refined.mid",mendelssohn_op53_no1__PianoCoRe_181314,real,mendelssohn_op53_no1,mendelssohn_op53_no1,Aria_405196_0,1203,0.9788445890968267,0.5414414549560691,65.0,1220
mendelssohn_op53_no1,PianoCoRe_181316,Aria_425420_0,Aria-MIDI,Aria-AMT,"Mendelssohn,_Felix/Lieder_ohne_Worte,_Op.53/1._Andante_con_moto/score_MS_refined.mid",mendelssohn_op53_no1__PianoCoRe_181316,real,mendelssohn_op53_no1,mendelssohn_op53_no1,Aria_425420_0,1205,0.9804719283970708,0.494791438212728,55.0,1220
mendelssohn_op53_no1,PianoCoRe_181318,Aria_506192_0,Aria-MIDI,Aria-AMT,"Mendelssohn,_Felix/Lieder_ohne_Worte,_Op.53/1._Andante_con_moto/score_MS_refined.mid",mendelssohn_op53_no1__PianoCoRe_181318,real,mendelssohn_op53_no1,mendelssohn_op53_no1,Aria_506192_0,1132,0.9210740439381611,0.8020381081948531,45.0,1220
mendelssohn_op53_no1,PianoCoRe_181319,Aria_528831_0,Aria-MIDI,Aria-AMT,"Mendelssohn,_Felix/Lieder_ohne_Worte,_Op.53/1._Andante_con_moto/score_MS_refined.mid",mendelssohn_op53_no1__PianoCoRe_181319,real,mendelssohn_op53_no1,mendelssohn_op53_no1,Aria_528831_0,1200,0.9764035801464606,0.49362475717595816,50.0,1220
mendelssohn_op53_no1,PianoCoRe_181320,Aria_585291_0,Aria-MIDI,Aria-AMT,"Mendelssohn,_Felix/Lieder_ohne_Worte,_Op.53/1._Andante_con_moto/score_MS_refined.mid",mendelssohn_op53_no1__PianoCoRe_181320,real,mendelssohn_op53_no1,mendelssohn_op53_no1,Aria_585291_0,1202,0.9780309194467046,0.6156163076279113,40.0,1220
mendelssohn_op53_no1,PianoCoRe_181321,Aria_658355_0,Aria-MIDI,Aria-AMT,"Mendelssohn,_Felix/Lieder_ohne_Worte,_Op.53/1._Andante_con_moto/score_MS_refined.mid",mendelssohn_op53_no1__PianoCoRe_181321,real,mendelssohn_op53_no1,mendelssohn_op53_no1,Aria_658355_0,1190,0.96826688364524,0.5442586741702611,50.0,1220
mendelssohn_op53_no1,PianoCoRe_181322,Aria_684697_0,Aria-MIDI,Aria-AMT,"Mendelssohn,_Felix/Lieder_ohne_Worte,_Op.53/1._Andante_con_moto/score_MS_refined.mid",mendelssohn_op53_no1__PianoCoRe_181322,real,mendelssohn_op53_no1,mendelssohn_op53_no1,Aria_684697_0,1199,0.9755899104963385,0.7118477455947809,70.0,1220
mendelssohn_op53_no1,PianoCoRe_181323,Aria_690203_0,Aria-MIDI,Aria-AMT,"Mendelssohn,_Felix/Lieder_ohne_Worte,_Op.53/1._Andante_con_moto/score_MS_refined.mid",mendelssohn_op53_no1__PianoCoRe_181323,real,mendelssohn_op53_no1,mendelssohn_op53_no1,Aria_690203_0,1206,0.9812855980471928,0.5306296538697243,55.0,1220
mendelssohn_op53_no1,PianoCoRe_181324,Aria_724933_0,Aria-MIDI,Aria-AMT,"Mendelssohn,_Felix/Lieder_ohne_Worte,_Op.53/1._Andante_con_moto/score_MS_refined.mid",mendelssohn_op53_no1__PianoCoRe_181324,real,mendelssohn_op53_no1,mendelssohn_op53_no1,Aria_724933_0,1203,0.9788445890968267,0.4699795265582652,50.0,1220
mendelssohn_op53_no1,PianoCoRe_181325,Aria_754733_0,Aria-MIDI,Aria-AMT,"Mendelssohn,_Felix/Lieder_ohne_Worte,_Op.53/1._Andante_con_moto/score_MS_refined.mid",mendelssohn_op53_no1__PianoCoRe_181325,real,mendelssohn_op53_no1,mendelssohn_op53_no1,Aria_754733_0,1207,0.9820992676973149,0.6293401211584825,55.0,1220
mendelssohn_op53_no1,PianoCoRe_181326,Aria_800977_0,Aria-MIDI,Aria-AMT,"Mendelssohn,_Felix/Lieder_ohne_Worte,_Op.53/1._Andante_con_moto/score_MS_refined.mid",mendelssohn_op53_no1__PianoCoRe_181326,real,mendelssohn_op53_no1,mendelssohn_op53_no1,Aria_800977_0,1176,0.9568755085435313,0.6544489064649416,70.0,1220
mendelssohn_op53_no1,PianoCoRe_181327,Aria_861691_0,Aria-MIDI,Aria-AMT,"Mendelssohn,_Felix/Lieder_ohne_Worte,_Op.53/1._Andante_con_moto/score_MS_refined.mid",mendelssohn_op53_no1__PianoCoRe_181327,real,mendelssohn_op53_no1,mendelssohn_op53_no1,Aria_861691_0,1200,0.9764035801464606,0.5151112423469921,55.0,1220
mendelssohn_op53_no1,PianoCoRe_181328,Aria_933076_0,Aria-MIDI,Aria-AMT,"Mendelssohn,_Felix/Lieder_ohne_Worte,_Op.53/1._Andante_con_moto/score_MS_refined.mid",mendelssohn_op53_no1__PianoCoRe_181328,real,mendelssohn_op53_no1,mendelssohn_op53_no1,Aria_933076_0,1191,0.9690805532953621,0.5151306829253482,60.0,1220
mendelssohn_op53_no1,PianoCoRe_181329,PERiScoPe_3704820,PERiScoPe,Transkun V2,"Mendelssohn,_Felix/Lieder_ohne_Worte,_Op.53/1._Andante_con_moto/score_MS_refined.mid",mendelssohn_op53_no1__PianoCoRe_181329,real,mendelssohn_op53_no1,mendelssohn_op53_no1,PERiScoPe_3704820,1205,0.9804719283970708,0.48638532338240326,47.0,1220
mendelssohn_op53_no1,PianoCoRe_181330,PERiScoPe_61425046,PERiScoPe,Transkun V2,"Mendelssohn,_Felix/Lieder_ohne_Worte,_Op.53/1._Andante_con_moto/score_MS_refined.mid",mendelssohn_op53_no1__PianoCoRe_181330,real,mendelssohn_op53_no1,mendelssohn_op53_no1,PERiScoPe_61425046,1200,0.9764035801464606,0.40168814484148274,57.0,1220
mendelssohn_op53_no1,PianoCoRe_181331,PERiScoPe_98609026,PERiScoPe,Transkun V2,"Mendelssohn,_Felix/Lieder_ohne_Worte,_Op.53/1._Andante_con_moto/score_MS_refined.mid",mendelssohn_op53_no1__PianoCoRe_181331,real,mendelssohn_op53_no1,mendelssohn_op53_no1,PERiScoPe_98609026,1071,0.871440195280716,0.3666679004079733,61.0,1220
mendelssohn_op53_no1,PianoCoRe_181332,PERiScoPe_620210272,PERiScoPe,Transkun V2,"Mendelssohn,_Felix/Lieder_ohne_Worte,_Op.53/1._Andante_con_moto/score_MS_refined.mid",mendelssohn_op53_no1__PianoCoRe_181332,real,mendelssohn_op53_no1,mendelssohn_op53_no1,PERiScoPe_620210272,1214,0.9877949552481693,0.5585868213535797,58.0,1220
mendelssohn_op53_no2,PianoCoRe_181333,ATEPP_03653,ATEPP,ATEPP,"Mendelssohn,_Felix/Lieder_ohne_Worte,_Op.53/2._Allegro_non_troppo_""The_Fleecy_Cloud""/score_MS_refined.mid",mendelssohn_op53_no2__PianoCoRe_181333,real,mendelssohn_op53_no2,mendelssohn_op53_no2,ATEPP_03653,1520,0.851063829787234,0.6572904118914485,57.0,1782
mendelssohn_op53_no2,PianoCoRe_181334,Aria_010453_0,Aria-MIDI,Aria-AMT,"Mendelssohn,_Felix/Lieder_ohne_Worte,_Op.53/2._Allegro_non_troppo_""The_Fleecy_Cloud""/score_MS_refined.mid",mendelssohn_op53_no2__PianoCoRe_181334,real,mendelssohn_op53_no2,mendelssohn_op53_no2,Aria_010453_0,1686,0.9440089585666294,0.7167774470925848,55.0,1782
mendelssohn_op53_no2,PianoCoRe_181335,Aria_012426_0,Aria-MIDI,Aria-AMT,"Mendelssohn,_Felix/Lieder_ohne_Worte,_Op.53/2._Allegro_non_troppo_""The_Fleecy_Cloud""/score_MS_refined.mid",mendelssohn_op53_no2__PianoCoRe_181335,real,mendelssohn_op53_no2,mendelssohn_op53_no2,Aria_012426_0,1719,0.9624860022396416,0.6620538949270254,55.0,1782
mendelssohn_op53_no2,PianoCoRe_181336,Aria_025275_0,Aria-MIDI,Aria-AMT,"Mendelssohn,_Felix/Lieder_ohne_Worte,_Op.53/2._Allegro_non_troppo_""The_Fleecy_Cloud""/score_MS_refined.mid",mendelssohn_op53_no2__PianoCoRe_181336,real,mendelssohn_op53_no2,mendelssohn_op53_no2,Aria_025275_0,1452,0.812989921612542,0.677394882911993,65.0,1782
mendelssohn_op53_no2,PianoCoRe_181337,Aria_046038_0,Aria-MIDI,Aria-AMT,"Mendelssohn,_Felix/Lieder_ohne_Worte,_Op.53/2._Allegro_non_troppo_""The_Fleecy_Cloud""/score_MS_refined.mid",mendelssohn_op53_no2__PianoCoRe_181337,real,mendelssohn_op53_no2,mendelssohn_op53_no2,Aria_046038_0,1638,0.9171332586786114,0.6072907676568317,50.0,1782
mendelssohn_op53_no2,PianoCoRe_181338,Aria_059681_0,Aria-MIDI,Aria-AMT,"Mendelssohn,_Felix/Lieder_ohne_Worte,_Op.53/2._Allegro_non_troppo_""The_Fleecy_Cloud""/score_MS_refined.mid",mendelssohn_op53_no2__PianoCoRe_181338,real,mendelssohn_op53_no2,mendelssohn_op53_no2,Aria_059681_0,1574,0.8812989921612542,0.900518970054319,70.0,1782
mendelssohn_op53_no2,PianoCoRe_181339,Aria_090400_0,Aria-MIDI,Aria-AMT,"Mendelssohn,_Felix/Lieder_ohne_Worte,_Op.53/2._Allegro_non_troppo_""The_Fleecy_Cloud""/score_MS_refined.mid",mendelssohn_op53_no2__PianoCoRe_181339,real,mendelssohn_op53_no2,mendelssohn_op53_no2,Aria_090400_0,1615,0.9042553191489362,0.7029505912388566,65.0,1782
mendelssohn_op53_no2,PianoCoRe_181340,Aria_119781_0,Aria-MIDI,Aria-AMT,"Mendelssohn,_Felix/Lieder_ohne_Worte,_Op.53/2._Allegro_non_troppo_""The_Fleecy_Cloud""/score_MS_refined.mid",mendelssohn_op53_no2__PianoCoRe_181340,real,mendelssohn_op53_no2,mendelssohn_op53_no2,Aria_119781_0,1643,0.91993281075028,0.6704343883954424,45.0,1782
mendelssohn_op53_no2,PianoCoRe_181341,Aria_126113_0,Aria-MIDI,Aria-AMT,"Mendelssohn,_Felix/Lieder_ohne_Worte,_Op.53/2._Allegro_non_troppo_""The_Fleecy_Cloud""/score_MS_refined.mid",mendelssohn_op53_no2__PianoCoRe_181341,real,mendelssohn_op53_no2,mendelssohn_op53_no2,Aria_126113_0,1628,0.9115341545352743,0.7081427198502137,45.0,1782
mendelssohn_op53_no2,PianoCoRe_181342,Aria_145303_0,Aria-MIDI,Aria-AMT,"Mendelssohn,_Felix/Lieder_ohne_Worte,_Op.53/2._Allegro_non_troppo_""The_Fleecy_Cloud""/score_MS_refined.mid",mendelssohn_op53_no2__PianoCoRe_181342,real,mendelssohn_op53_no2,mendelssohn_op53_no2,Aria_145303_0,1731,0.9692049272116461,0.6828027419751143,60.0,1782
mendelssohn_op53_no2,PianoCoRe_181343,Aria_145881_0,Aria-MIDI,Aria-AMT,"Mendelssohn,_Felix/Lieder_ohne_Worte,_Op.53/2._Allegro_non_troppo_""The_Fleecy_Cloud""/score_MS_refined.mid",mendelssohn_op53_no2__PianoCoRe_181343,real,mendelssohn_op53_no2,mendelssohn_op53_no2,Aria_145881_0,1465,0.8202687569988801,0.7064465608564718,55.0,1782
mendelssohn_op53_no2,PianoCoRe_181344,Aria_179083_0,Aria-MIDI,Aria-AMT,"Mendelssohn,_Felix/Lieder_ohne_Worte,_Op.53/2._Allegro_non_troppo_""The_Fleecy_Cloud""/score_MS_refined.mid",mendelssohn_op53_no2__PianoCoRe_181344,real,mendelssohn_op53_no2,mendelssohn_op53_no2,Aria_179083_0,1726,0.9664053751399776,1.0550795207475983,40.0,1782
mendelssohn_op53_no2,PianoCoRe_181345,Aria_202964_0,Aria-MIDI,Aria-AMT,"Mendelssohn,_Felix/Lieder_ohne_Worte,_Op.53/2._Allegro_non_troppo_""The_Fleecy_Cloud""/score_MS_refined.mid",mendelssohn_op53_no2__PianoCoRe_181345,real,mendelssohn_op53_no2,mendelssohn_op53_no2,Aria_202964_0,1683,0.9423292273236282,0.7521275960623339,45.0,1782
mendelssohn_op53_no2,PianoCoRe_181346,Aria_229606_0,Aria-MIDI,Aria-AMT,"Mendelssohn,_Felix/Lieder_ohne_Worte,_Op.53/2._Allegro_non_troppo_""The_Fleecy_Cloud""/score_MS_refined.mid",mendelssohn_op53_no2__PianoCoRe_181346,real,mendelssohn_op53_no2,mendelssohn_op53_no2,Aria_229606_0,1639,0.9176931690929452,0.6071235225654228,55.0,1782
mendelssohn_op53_no2,PianoCoRe_181347,Aria_253152_0,Aria-MIDI,Aria-AMT,"Mendelssohn,_Felix/Lieder_ohne_Worte,_Op.53/2._Allegro_non_troppo_""The_Fleecy_Cloud""/score_MS_refined.mid",mendelssohn_op53_no2__PianoCoRe_181347,real,mendelssohn_op53_no2,mendelssohn_op53_no2,Aria_253152_0,1592,0.8913773796192609,0.6697007244286046,40.0,1782
mendelssohn_op53_no2,PianoCoRe_181349,Aria_290440_0,Aria-MIDI,Aria-AMT,"Mendelssohn,_Felix/Lieder_ohne_Worte,_Op.53/2._Allegro_non_troppo_""The_Fleecy_Cloud""/score_MS_refined.mid",mendelssohn_op53_no2__PianoCoRe_181349,real,mendelssohn_op53_no2,mendelssohn_op53_no2,Aria_290440_0,1625,0.9098544232922733,0.8500318444733207,50.0,1782
mendelssohn_op53_no2,PianoCoRe_181350,Aria_298686_0,Aria-MIDI,Aria-AMT,"Mendelssohn,_Felix/Lieder_ohne_Worte,_Op.53/2._Allegro_non_troppo_""The_Fleecy_Cloud""/score_MS_refined.mid",mendelssohn_op53_no2__PianoCoRe_181350,real,mendelssohn_op53_no2,mendelssohn_op53_no2,Aria_298686_0,1567,0.8773796192609182,0.6630924729226252,60.0,1782
mendelssohn_op53_no2,PianoCoRe_181352,Aria_360557_0,Aria-MIDI,Aria-AMT,"Mendelssohn,_Felix/Lieder_ohne_Worte,_Op.53/2._Allegro_non_troppo_""The_Fleecy_Cloud""/score_MS_refined.mid",mendelssohn_op53_no2__PianoCoRe_181352,real,mendelssohn_op53_no2,mendelssohn_op53_no2,Aria_360557_0,1585,0.8874580067189249,0.7540437022573737,55.0,1782
mendelssohn_op53_no2,PianoCoRe_181353,Aria_382784_0,Aria-MIDI,Aria-AMT,"Mendelssohn,_Felix/Lieder_ohne_Worte,_Op.53/2._Allegro_non_troppo_""The_Fleecy_Cloud""/score_MS_refined.mid",mendelssohn_op53_no2__PianoCoRe_181353,real,mendelssohn_op53_no2,mendelssohn_op53_no2,Aria_382784_0,1544,0.864501679731243,0.7220890031740993,50.0,1782
mendelssohn_op53_no2,PianoCoRe_181354,Aria_403814_0,Aria-MIDI,Aria-AMT,"Mendelssohn,_Felix/Lieder_ohne_Worte,_Op.53/2._Allegro_non_troppo_""The_Fleecy_Cloud""/score_MS_refined.mid",mendelssohn_op53_no2__PianoCoRe_181354,real,mendelssohn_op53_no2,mendelssohn_op53_no2,Aria_403814_0,1624,0.9092945128779395,0.6568200264165204,55.0,1782
mendelssohn_op53_no2,PianoCoRe_181355,Aria_425127_0,Aria-MIDI,Aria-AMT,"Mendelssohn,_Felix/Lieder_ohne_Worte,_Op.53/2._Allegro_non_troppo_""The_Fleecy_Cloud""/score_MS_refined.mid",mendelssohn_op53_no2__PianoCoRe_181355,real,mendelssohn_op53_no2,mendelssohn_op53_no2,Aria_425127_0,1607,0.8997760358342665,0.6773774806808309,55.0,1782
mendelssohn_op53_no2,PianoCoRe_181356,Aria_432297_0,Aria-MIDI,Aria-AMT,"Mendelssohn,_Felix/Lieder_ohne_Worte,_Op.53/2._Allegro_non_troppo_""The_Fleecy_Cloud""/score_MS_refined.mid",mendelssohn_op53_no2__PianoCoRe_181356,real,mendelssohn_op53_no2,mendelssohn_op53_no2,Aria_432297_0,1726,0.9664053751399776,0.6977908806923757,55.0,1782
mendelssohn_op53_no2,PianoCoRe_181357,Aria_450632_0,Aria-MIDI,Aria-AMT,"Mendelssohn,_Felix/Lieder_ohne_Worte,_Op.53/2._Allegro_non_troppo_""The_Fleecy_Cloud""/score_MS_refined.mid",mendelssohn_op53_no2__PianoCoRe_181357,real,mendelssohn_op53_no2,mendelssohn_op53_no2,Aria_450632_0,1657,0.9277715565509519,0.7271567888962264,50.0,1782
mendelssohn_op53_no2,PianoCoRe_181358,Aria_488754_0,Aria-MIDI,Aria-AMT,"Mendelssohn,_Felix/Lieder_ohne_Worte,_Op.53/2._Allegro_non_troppo_""The_Fleecy_Cloud""/score_MS_refined.mid",mendelssohn_op53_no2__PianoCoRe_181358,real,mendelssohn_op53_no2,mendelssohn_op53_no2,Aria_488754_0,1490,0.8342665173572228,0.7483698805019819,65.0,1782
mendelssohn_op53_no2,PianoCoRe_181359,Aria_493312_0,Aria-MIDI,Aria-AMT,"Mendelssohn,_Felix/Lieder_ohne_Worte,_Op.53/2._Allegro_non_troppo_""The_Fleecy_Cloud""/score_MS_refined.mid",mendelssohn_op53_no2__PianoCoRe_181359,real,mendelssohn_op53_no2,mendelssohn_op53_no2,Aria_493312_0,1635,0.9154535274356103,0.6576020617666641,50.0,1782
mendelssohn_op53_no2,PianoCoRe_181360,Aria_495321_0,Aria-MIDI,Aria-AMT,"Mendelssohn,_Felix/Lieder_ohne_Worte,_Op.53/2._Allegro_non_troppo_""The_Fleecy_Cloud""/score_MS_refined.mid",mendelssohn_op53_no2__PianoCoRe_181360,real,mendelssohn_op53_no2,mendelssohn_op53_no2,Aria_495321_0,1741,0.9748040313549832,0.7892269669499138,50.0,1782
mendelssohn_op53_no2,PianoCoRe_181361,Aria_506372_0,Aria-MIDI,Aria-AMT,"Mendelssohn,_Felix/Lieder_ohne_Worte,_Op.53/2._Allegro_non_troppo_""The_Fleecy_Cloud""/score_MS_refined.mid",mendelssohn_op53_no2__PianoCoRe_181361,real,mendelssohn_op53_no2,mendelssohn_op53_no2,Aria_506372_0,1672,0.9361702127659575,0.6669170830667406,60.0,1782
mendelssohn_op53_no2,PianoCoRe_181362,Aria_530132_0,Aria-MIDI,Aria-AMT,"Mendelssohn,_Felix/Lieder_ohne_Worte,_Op.53/2._Allegro_non_troppo_""The_Fleecy_Cloud""/score_MS_refined.mid",mendelssohn_op53_no2__PianoCoRe_181362,real,mendelssohn_op53_no2,mendelssohn_op53_no2,Aria_530132_0,1616,0.9048152295632699,0.7310901001836091,50.0,1782
mendelssohn_op53_no2,PianoCoRe_181363,Aria_539581_0,Aria-MIDI,Aria-AMT,"Mendelssohn,_Felix/Lieder_ohne_Worte,_Op.53/2._Allegro_non_troppo_""The_Fleecy_Cloud""/score_MS_refined.mid",mendelssohn_op53_no2__PianoCoRe_181363,real,mendelssohn_op53_no2,mendelssohn_op53_no2,Aria_539581_0,1656,0.9272116461366181,0.8273255979982811,50.0,1782
mendelssohn_op53_no2,PianoCoRe_181364,Aria_564811_0,Aria-MIDI,Aria-AMT,"Mendelssohn,_Felix/Lieder_ohne_Worte,_Op.53/2._Allegro_non_troppo_""The_Fleecy_Cloud""/score_MS_refined.mid",mendelssohn_op53_no2__PianoCoRe_181364,real,mendelssohn_op53_no2,mendelssohn_op53_no2,Aria_564811_0,1679,0.9400895856662934,0.6740852241016199,55.0,1782
mendelssohn_op53_no2,PianoCoRe_181365,Aria_585823_0,Aria-MIDI,Aria-AMT,"Mendelssohn,_Felix/Lieder_ohne_Worte,_Op.53/2._Allegro_non_troppo_""The_Fleecy_Cloud""/score_MS_refined.mid",mendelssohn_op53_no2__PianoCoRe_181365,real,mendelssohn_op53_no2,mendelssohn_op53_no2,Aria_585823_0,1468,0.8219484882418813,0.5217297291124511,60.0,1782
mendelssohn_op53_no2,PianoCoRe_181366,Aria_615612_0,Aria-MIDI,Aria-AMT,"Mendelssohn,_Felix/Lieder_ohne_Worte,_Op.53/2._Allegro_non_troppo_""The_Fleecy_Cloud""/score_MS_refined.mid",mendelssohn_op53_no2__PianoCoRe_181366,real,mendelssohn_op53_no2,mendelssohn_op53_no2,Aria_615612_0,1638,0.9171332586786114,0.7823199683376062,40.0,1782
mendelssohn_op53_no2,PianoCoRe_181368,Aria_676237_0,Aria-MIDI,Aria-AMT,"Mendelssohn,_Felix/Lieder_ohne_Worte,_Op.53/2._Allegro_non_troppo_""The_Fleecy_Cloud""/score_MS_refined.mid",mendelssohn_op53_no2__PianoCoRe_181368,real,mendelssohn_op53_no2,mendelssohn_op53_no2,Aria_676237_0,1531,0.8572228443449048,0.6195020602677095,50.0,1782
mendelssohn_op53_no2,PianoCoRe_181369,Aria_732434_0,Aria-MIDI,Aria-AMT,"Mendelssohn,_Felix/Lieder_ohne_Worte,_Op.53/2._Allegro_non_troppo_""The_Fleecy_Cloud""/score_MS_refined.mid",mendelssohn_op53_no2__PianoCoRe_181369,real,mendelssohn_op53_no2,mendelssohn_op53_no2,Aria_732434_0,1678,0.9395296752519597,0.7417906446550674,55.0,1782
mendelssohn_op53_no2,PianoCoRe_181370,Aria_768379_0,Aria-MIDI,Aria-AMT,"Mendelssohn,_Felix/Lieder_ohne_Worte,_Op.53/2._Allegro_non_troppo_""The_Fleecy_Cloud""/score_MS_refined.mid",mendelssohn_op53_no2__PianoCoRe_181370,real,mendelssohn_op53_no2,mendelssohn_op53_no2,Aria_768379_0,1724,0.9652855543113102,0.6862781218751115,50.0,1782
mendelssohn_op53_no2,PianoCoRe_181372,Aria_804241_0,Aria-MIDI,Aria-AMT,"Mendelssohn,_Felix/Lieder_ohne_Worte,_Op.53/2._Allegro_non_troppo_""The_Fleecy_Cloud""/score_MS_refined.mid",mendelssohn_op53_no2__PianoCoRe_181372,real,mendelssohn_op53_no2,mendelssohn_op53_no2,Aria_804241_0,1577,0.8829787234042553,0.610857146962039,50.0,1782
mendelssohn_op53_no2,PianoCoRe_181373,Aria_804674_0,Aria-MIDI,Aria-AMT,"Mendelssohn,_Felix/Lieder_ohne_Worte,_Op.53/2._Allegro_non_troppo_""The_Fleecy_Cloud""/score_MS_refined.mid",mendelssohn_op53_no2__PianoCoRe_181373,real,mendelssohn_op53_no2,mendelssohn_op53_no2,Aria_804674_0,1686,0.9440089585666294,0.8326685619492226,50.0,1782
mendelssohn_op53_no2,PianoCoRe_181375,Aria_805920_0,Aria-MIDI,Aria-AMT,"Mendelssohn,_Felix/Lieder_ohne_Worte,_Op.53/2._Allegro_non_troppo_""The_Fleecy_Cloud""/score_MS_refined.mid",mendelssohn_op53_no2__PianoCoRe_181375,real,mendelssohn_op53_no2,mendelssohn_op53_no2,Aria_805920_0,1677,0.938969764837626,0.5999601938219229,60.0,1782
mendelssohn_op53_no2,PianoCoRe_181376,Aria_809817_0,Aria-MIDI,Aria-AMT,"Mendelssohn,_Felix/Lieder_ohne_Worte,_Op.53/2._Allegro_non_troppo_""The_Fleecy_Cloud""/score_MS_refined.mid",mendelssohn_op53_no2__PianoCoRe_181376,real,mendelssohn_op53_no2,mendelssohn_op53_no2,Aria_809817_0,1576,0.8824188129899216,0.745209014872111,60.0,1782
mendelssohn_op53_no2,PianoCoRe_181378,Aria_932734_0,Aria-MIDI,Aria-AMT,"Mendelssohn,_Felix/Lieder_ohne_Worte,_Op.53/2._Allegro_non_troppo_""The_Fleecy_Cloud""/score_MS_refined.mid",mendelssohn_op53_no2__PianoCoRe_181378,real,mendelssohn_op53_no2,mendelssohn_op53_no2,Aria_932734_0,1643,0.91993281075028,0.6969075062478958,40.0,1782
mendelssohn_op53_no2,PianoCoRe_181379,PERiScoPe_377516941,PERiScoPe,Transkun V2,"Mendelssohn,_Felix/Lieder_ohne_Worte,_Op.53/2._Allegro_non_troppo_""The_Fleecy_Cloud""/score_MS_refined.mid",mendelssohn_op53_no2__PianoCoRe_181379,real,mendelssohn_op53_no2,mendelssohn_op53_no2,PERiScoPe_377516941,1579,0.8840985442329228,0.6612366647516328,51.0,1782
mendelssohn_op53_no2,PianoCoRe_181380,PERiScoPe_620210282,PERiScoPe,Transkun V2,"Mendelssohn,_Felix/Lieder_ohne_Worte,_Op.53/2._Allegro_non_troppo_""The_Fleecy_Cloud""/score_MS_refined.mid",mendelssohn_op53_no2__PianoCoRe_181380,real,mendelssohn_op53_no2,mendelssohn_op53_no2,PERiScoPe_620210282,1763,0.9871220604703248,0.5245107909066372,53.0,1782
mendelssohn_op72_no2,PianoCoRe_179276,Aria_006937_0,Aria-MIDI,Aria-AMT,"Mendelssohn,_Felix/6_Kinderstücke,_Op.72/2._Andante_sostenuto,_MWV_U_170/score_PDMX_refined.mid",mendelssohn_op72_no2__PianoCoRe_179276,real,mendelssohn_op72_no2,mendelssohn_op72_no2,Aria_006937_0,499,0.924074074074074,1.277728883010794,60.0,540
mendelssohn_op72_no2,PianoCoRe_179277,Aria_082832_0,Aria-MIDI,Aria-AMT,"Mendelssohn,_Felix/6_Kinderstücke,_Op.72/2._Andante_sostenuto,_MWV_U_170/score_PDMX_refined.mid",mendelssohn_op72_no2__PianoCoRe_179277,real,mendelssohn_op72_no2,mendelssohn_op72_no2,Aria_082832_0,500,0.9259259259259259,1.2922007908117323,65.0,540
mendelssohn_op72_no2,PianoCoRe_179278,Aria_095935_0,Aria-MIDI,Aria-AMT,"Mendelssohn,_Felix/6_Kinderstücke,_Op.72/2._Andante_sostenuto,_MWV_U_170/score_PDMX_refined.mid",mendelssohn_op72_no2__PianoCoRe_179278,real,mendelssohn_op72_no2,mendelssohn_op72_no2,Aria_095935_0,503,0.9314814814814815,1.2508841670459918,70.0,540
mendelssohn_op72_no2,PianoCoRe_179279,Aria_101416_0,Aria-MIDI,Aria-AMT,"Mendelssohn,_Felix/6_Kinderstücke,_Op.72/2._Andante_sostenuto,_MWV_U_170/score_PDMX_refined.mid",mendelssohn_op72_no2__PianoCoRe_179279,real,mendelssohn_op72_no2,mendelssohn_op72_no2,Aria_101416_0,496,0.9185185185185185,1.1816234905371523,60.0,540
mendelssohn_op72_no2,PianoCoRe_179280,Aria_134314_0,Aria-MIDI,Aria-AMT,"Mendelssohn,_Felix/6_Kinderstücke,_Op.72/2._Andante_sostenuto,_MWV_U_170/score_PDMX_refined.mid",mendelssohn_op72_no2__PianoCoRe_179280,real,mendelssohn_op72_no2,mendelssohn_op72_no2,Aria_134314_0,501,0.9277777777777778,0.9387638857433013,40.0,540
mendelssohn_op72_no2,PianoCoRe_179281,Aria_139258_0,Aria-MIDI,Aria-AMT,"Mendelssohn,_Felix/6_Kinderstücke,_Op.72/2._Andante_sostenuto,_MWV_U_170/score_PDMX_refined.mid",mendelssohn_op72_no2__PianoCoRe_179281,real,mendelssohn_op72_no2,mendelssohn_op72_no2,Aria_139258_0,505,0.9351851851851852,1.305295863311609,50.0,540
mendelssohn_op72_no2,PianoCoRe_179282,Aria_140091_0,Aria-MIDI,Aria-AMT,"Mendelssohn,_Felix/6_Kinderstücke,_Op.72/2._Andante_sostenuto,_MWV_U_170/score_PDMX_refined.mid",mendelssohn_op72_no2__PianoCoRe_179282,real,mendelssohn_op72_no2,mendelssohn_op72_no2,Aria_140091_0,502,0.9296296296296296,1.3120754447857412,70.0,540
mendelssohn_op72_no2,PianoCoRe_179283,Aria_153606_0,Aria-MIDI,Aria-AMT,"Mendelssohn,_Felix/6_Kinderstücke,_Op.72/2._Andante_sostenuto,_MWV_U_170/score_PDMX_refined.mid",mendelssohn_op72_no2__PianoCoRe_179283,real,mendelssohn_op72_no2,mendelssohn_op72_no2,Aria_153606_0,494,0.9148148148148149,1.29411383533928,45.0,540
mendelssohn_op72_no2,PianoCoRe_179284,Aria_160384_0,Aria-MIDI,Aria-AMT,"Mendelssohn,_Felix/6_Kinderstücke,_Op.72/2._Andante_sostenuto,_MWV_U_170/score_PDMX_refined.mid",mendelssohn_op72_no2__PianoCoRe_179284,real,mendelssohn_op72_no2,mendelssohn_op72_no2,Aria_160384_0,499,0.924074074074074,1.1904780387175595,60.0,540
mendelssohn_op72_no2,PianoCoRe_179285,Aria_182564_0,Aria-MIDI,Aria-AMT,"Mendelssohn,_Felix/6_Kinderstücke,_Op.72/2._Andante_sostenuto,_MWV_U_170/score_PDMX_refined.mid",mendelssohn_op72_no2__PianoCoRe_179285,real,mendelssohn_op72_no2,mendelssohn_op72_no2,Aria_182564_0,503,0.9314814814814815,1.2221089118697022,50.0,540
mendelssohn_op72_no2,PianoCoRe_179286,Aria_263240_0,Aria-MIDI,Aria-AMT,"Mendelssohn,_Felix/6_Kinderstücke,_Op.72/2._Andante_sostenuto,_MWV_U_170/score_PDMX_refined.mid",mendelssohn_op72_no2__PianoCoRe_179286,real,mendelssohn_op72_no2,mendelssohn_op72_no2,Aria_263240_0,504,0.9333333333333333,1.254436901847543,45.0,540
mendelssohn_op72_no2,PianoCoRe_179289,Aria_303573_0,Aria-MIDI,Aria-AMT,"Mendelssohn,_Felix/6_Kinderstücke,_Op.72/2._Andante_sostenuto,_MWV_U_170/score_PDMX_refined.mid",mendelssohn_op72_no2__PianoCoRe_179289,real,mendelssohn_op72_no2,mendelssohn_op72_no2,Aria_303573_0,496,0.9185185185185185,1.3307861296394048,50.0,540
mendelssohn_op72_no2,PianoCoRe_179291,Aria_309890_0,Aria-MIDI,Aria-AMT,"Mendelssohn,_Felix/6_Kinderstücke,_Op.72/2._Andante_sostenuto,_MWV_U_170/score_PDMX_refined.mid",mendelssohn_op72_no2__PianoCoRe_179291,real,mendelssohn_op72_no2,mendelssohn_op72_no2,Aria_309890_0,499,0.924074074074074,1.4691735427382493,55.0,540
mendelssohn_op72_no2,PianoCoRe_179292,Aria_327231_0,Aria-MIDI,Aria-AMT,"Mendelssohn,_Felix/6_Kinderstücke,_Op.72/2._Andante_sostenuto,_MWV_U_170/score_PDMX_refined.mid",mendelssohn_op72_no2__PianoCoRe_179292,real,mendelssohn_op72_no2,mendelssohn_op72_no2,Aria_327231_0,486,0.9,1.299864147692449,65.0,540
mendelssohn_op72_no2,PianoCoRe_179293,Aria_356830_0,Aria-MIDI,Aria-AMT,"Mendelssohn,_Felix/6_Kinderstücke,_Op.72/2._Andante_sostenuto,_MWV_U_170/score_PDMX_refined.mid",mendelssohn_op72_no2__PianoCoRe_179293,real,mendelssohn_op72_no2,mendelssohn_op72_no2,Aria_356830_0,533,0.987037037037037,1.0291994930824369,55.0,540
mendelssohn_op72_no2,PianoCoRe_179294,Aria_376778_0,Aria-MIDI,Aria-AMT,"Mendelssohn,_Felix/6_Kinderstücke,_Op.72/2._Andante_sostenuto,_MWV_U_170/score_PDMX_refined.mid",mendelssohn_op72_no2__PianoCoRe_179294,real,mendelssohn_op72_no2,mendelssohn_op72_no2,Aria_376778_0,500,0.9259259259259259,1.1997566116030383,50.0,540
mendelssohn_op72_no2,PianoCoRe_179295,Aria_424896_0,Aria-MIDI,Aria-AMT,"Mendelssohn,_Felix/6_Kinderstücke,_Op.72/2._Andante_sostenuto,_MWV_U_170/score_PDMX_refined.mid",mendelssohn_op72_no2__PianoCoRe_179295,real,mendelssohn_op72_no2,mendelssohn_op72_no2,Aria_424896_0,496,0.9185185185185185,1.3098698748186768,50.0,540
mendelssohn_op72_no2,PianoCoRe_179297,Aria_464408_0,Aria-MIDI,Aria-AMT,"Mendelssohn,_Felix/6_Kinderstücke,_Op.72/2._Andante_sostenuto,_MWV_U_170/score_PDMX_refined.mid",mendelssohn_op72_no2__PianoCoRe_179297,real,mendelssohn_op72_no2,mendelssohn_op72_no2,Aria_464408_0,533,0.987037037037037,1.2060678374150013,50.0,540
mendelssohn_op72_no2,PianoCoRe_179298,Aria_466246_0,Aria-MIDI,Aria-AMT,"Mendelssohn,_Felix/6_Kinderstücke,_Op.72/2._Andante_sostenuto,_MWV_U_170/score_PDMX_refined.mid",mendelssohn_op72_no2__PianoCoRe_179298,real,mendelssohn_op72_no2,mendelssohn_op72_no2,Aria_466246_0,488,0.9037037037037037,1.2946949785165227,60.0,540
mendelssohn_op72_no2,PianoCoRe_179301,Aria_526824_0,Aria-MIDI,Aria-AMT,"Mendelssohn,_Felix/6_Kinderstücke,_Op.72/2._Andante_sostenuto,_MWV_U_170/score_PDMX_refined.mid",mendelssohn_op72_no2__PianoCoRe_179301,real,mendelssohn_op72_no2,mendelssohn_op72_no2,Aria_526824_0,487,0.9018518518518519,1.1464020031545765,35.0,540
mendelssohn_op72_no2,PianoCoRe_179302,Aria_539774_0,Aria-MIDI,Aria-AMT,"Mendelssohn,_Felix/6_Kinderstücke,_Op.72/2._Andante_sostenuto,_MWV_U_170/score_PDMX_refined.mid",mendelssohn_op72_no2__PianoCoRe_179302,real,mendelssohn_op72_no2,mendelssohn_op72_no2,Aria_539774_0,521,0.9648148148148148,1.0131973075943597,55.0,540
mendelssohn_op72_no2,PianoCoRe_179303,Aria_561305_0,Aria-MIDI,Aria-AMT,"Mendelssohn,_Felix/6_Kinderstücke,_Op.72/2._Andante_sostenuto,_MWV_U_170/score_PDMX_refined.mid",mendelssohn_op72_no2__PianoCoRe_179303,real,mendelssohn_op72_no2,mendelssohn_op72_no2,Aria_561305_0,500,0.9259259259259259,1.2638009244902282,60.0,540
mendelssohn_op72_no2,PianoCoRe_179304,Aria_576705_0,Aria-MIDI,Aria-AMT,"Mendelssohn,_Felix/6_Kinderstücke,_Op.72/2._Andante_sostenuto,_MWV_U_170/score_PDMX_refined.mid",mendelssohn_op72_no2__PianoCoRe_179304,real,mendelssohn_op72_no2,mendelssohn_op72_no2,Aria_576705_0,501,0.9277777777777778,1.2398886036614452,55.0,540
mendelssohn_op72_no2,PianoCoRe_179305,Aria_618602_0,Aria-MIDI,Aria-AMT,"Mendelssohn,_Felix/6_Kinderstücke,_Op.72/2._Andante_sostenuto,_MWV_U_170/score_PDMX_refined.mid",mendelssohn_op72_no2__PianoCoRe_179305,real,mendelssohn_op72_no2,mendelssohn_op72_no2,Aria_618602_0,498,0.9222222222222223,1.2153069775153262,50.0,540
mendelssohn_op72_no2,PianoCoRe_179306,Aria_618941_0,Aria-MIDI,Aria-AMT,"Mendelssohn,_Felix/6_Kinderstücke,_Op.72/2._Andante_sostenuto,_MWV_U_170/score_PDMX_refined.mid",mendelssohn_op72_no2__PianoCoRe_179306,real,mendelssohn_op72_no2,mendelssohn_op72_no2,Aria_618941_0,496,0.9185185185185185,1.5518117169653165,55.0,540
mendelssohn_op72_no2,PianoCoRe_179307,Aria_645663_0,Aria-MIDI,Aria-AMT,"Mendelssohn,_Felix/6_Kinderstücke,_Op.72/2._Andante_sostenuto,_MWV_U_170/score_PDMX_refined.mid",mendelssohn_op72_no2__PianoCoRe_179307,real,mendelssohn_op72_no2,mendelssohn_op72_no2,Aria_645663_0,497,0.9203703703703704,1.2497066935164993,60.0,540
mendelssohn_op72_no2,PianoCoRe_179308,Aria_695176_0,Aria-MIDI,Aria-AMT,"Mendelssohn,_Felix/6_Kinderstücke,_Op.72/2._Andante_sostenuto,_MWV_U_170/score_PDMX_refined.mid",mendelssohn_op72_no2__PianoCoRe_179308,real,mendelssohn_op72_no2,mendelssohn_op72_no2,Aria_695176_0,485,0.8981481481481481,1.238234260198994,40.0,540
mendelssohn_op72_no2,PianoCoRe_179309,Aria_701414_0,Aria-MIDI,Aria-AMT,"Mendelssohn,_Felix/6_Kinderstücke,_Op.72/2._Andante_sostenuto,_MWV_U_170/score_PDMX_refined.mid",mendelssohn_op72_no2__PianoCoRe_179309,real,mendelssohn_op72_no2,mendelssohn_op72_no2,Aria_701414_0,498,0.9222222222222223,1.2589443962109628,55.0,540
mendelssohn_op72_no2,PianoCoRe_179310,Aria_701770_0,Aria-MIDI,Aria-AMT,"Mendelssohn,_Felix/6_Kinderstücke,_Op.72/2._Andante_sostenuto,_MWV_U_170/score_PDMX_refined.mid",mendelssohn_op72_no2__PianoCoRe_179310,real,mendelssohn_op72_no2,mendelssohn_op72_no2,Aria_701770_0,504,0.9333333333333333,1.0508253008635575,55.0,540
mendelssohn_op72_no2,PianoCoRe_179311,Aria_725393_0,Aria-MIDI,Aria-AMT,"Mendelssohn,_Felix/6_Kinderstücke,_Op.72/2._Andante_sostenuto,_MWV_U_170/score_PDMX_refined.mid",mendelssohn_op72_no2__PianoCoRe_179311,real,mendelssohn_op72_no2,mendelssohn_op72_no2,Aria_725393_0,497,0.9203703703703704,1.1474685641959592,55.0,540
mendelssohn_op72_no2,PianoCoRe_179312,Aria_740058_0,Aria-MIDI,Aria-AMT,"Mendelssohn,_Felix/6_Kinderstücke,_Op.72/2._Andante_sostenuto,_MWV_U_170/score_PDMX_refined.mid",mendelssohn_op72_no2__PianoCoRe_179312,real,mendelssohn_op72_no2,mendelssohn_op72_no2,Aria_740058_0,522,0.9666666666666667,1.6549394378293736,45.0,540
mendelssohn_op72_no2,PianoCoRe_179313,Aria_821248_0,Aria-MIDI,Aria-AMT,"Mendelssohn,_Felix/6_Kinderstücke,_Op.72/2._Andante_sostenuto,_MWV_U_170/score_PDMX_refined.mid",mendelssohn_op72_no2__PianoCoRe_179313,real,mendelssohn_op72_no2,mendelssohn_op72_no2,Aria_821248_0,535,0.9907407407407407,1.274339815287605,55.0,540
mendelssohn_op72_no2,PianoCoRe_179317,Aria_923138_0,Aria-MIDI,Aria-AMT,"Mendelssohn,_Felix/6_Kinderstücke,_Op.72/2._Andante_sostenuto,_MWV_U_170/score_PDMX_refined.mid",mendelssohn_op72_no2__PianoCoRe_179317,real,mendelssohn_op72_no2,mendelssohn_op72_no2,Aria_923138_0,498,0.9222222222222223,1.2967744118131899,60.0,540
merikanto_op33,PianoCoRe_182883,Aria_008197_0,Aria-MIDI,Aria-AMT,"Merikanto,_Oskar/Valse_lente,_Op.33/score_MS_refined.mid",merikanto_op33__PianoCoRe_182883,real,merikanto_op33,merikanto_op33,Aria_008197_0,851,0.9561797752808989,0.6261490748084404,60.0,890
merikanto_op33,PianoCoRe_182884,Aria_023255_0,Aria-MIDI,Aria-AMT,"Merikanto,_Oskar/Valse_lente,_Op.33/score_MS_refined.mid",merikanto_op33__PianoCoRe_182884,real,merikanto_op33,merikanto_op33,Aria_023255_0,874,0.9820224719101124,0.6886767265995057,45.0,890
merikanto_op33,PianoCoRe_182888,Aria_092373_0,Aria-MIDI,Aria-AMT,"Merikanto,_Oskar/Valse_lente,_Op.33/score_MS_refined.mid",merikanto_op33__PianoCoRe_182888,real,merikanto_op33,merikanto_op33,Aria_092373_0,881,0.9898876404494382,0.6271117309391081,60.0,890
merikanto_op33,PianoCoRe_182890,Aria_104767_0,Aria-MIDI,Aria-AMT,"Merikanto,_Oskar/Valse_lente,_Op.33/score_MS_refined.mid",merikanto_op33__PianoCoRe_182890,real,merikanto_op33,merikanto_op33,Aria_104767_0,845,0.949438202247191,0.599201808568273,70.0,890
merikanto_op33,PianoCoRe_182892,Aria_138905_0,Aria-MIDI,Aria-AMT,"Merikanto,_Oskar/Valse_lente,_Op.33/score_MS_refined.mid",merikanto_op33__PianoCoRe_182892,real,merikanto_op33,merikanto_op33,Aria_138905_0,882,0.9910112359550561,0.6238391780260473,55.0,890
merikanto_op33,PianoCoRe_182895,Aria_191169_0,Aria-MIDI,Aria-AMT,"Merikanto,_Oskar/Valse_lente,_Op.33/score_MS_refined.mid",merikanto_op33__PianoCoRe_182895,real,merikanto_op33,merikanto_op33,Aria_191169_0,836,0.9393258426966292,0.6063655184207308,55.0,890
merikanto_op33,PianoCoRe_182896,Aria_226585_0,Aria-MIDI,Aria-AMT,"Merikanto,_Oskar/Valse_lente,_Op.33/score_MS_refined.mid",merikanto_op33__PianoCoRe_182896,real,merikanto_op33,merikanto_op33,Aria_226585_0,884,0.9932584269662922,0.6017420783949549,60.0,890
merikanto_op33,PianoCoRe_182897,Aria_233459_0,Aria-MIDI,Aria-AMT,"Merikanto,_Oskar/Valse_lente,_Op.33/score_MS_refined.mid",merikanto_op33__PianoCoRe_182897,real,merikanto_op33,merikanto_op33,Aria_233459_0,848,0.952808988764045,0.5353277907687545,60.0,890
merikanto_op33,PianoCoRe_182900,Aria_243011_0,Aria-MIDI,Aria-AMT,"Merikanto,_Oskar/Valse_lente,_Op.33/score_MS_refined.mid",merikanto_op33__PianoCoRe_182900,real,merikanto_op33,merikanto_op33,Aria_243011_0,863,0.9696629213483146,0.6545079073884013,45.0,890
merikanto_op33,PianoCoRe_182901,Aria_245868_0,Aria-MIDI,Aria-AMT,"Merikanto,_Oskar/Valse_lente,_Op.33/score_MS_refined.mid",merikanto_op33__PianoCoRe_182901,real,merikanto_op33,merikanto_op33,Aria_245868_0,849,0.9539325842696629,0.5457925759641568,60.0,890
merikanto_op33,PianoCoRe_182902,Aria_246797_0,Aria-MIDI,Aria-AMT,"Merikanto,_Oskar/Valse_lente,_Op.33/score_MS_refined.mid",merikanto_op33__PianoCoRe_182902,real,merikanto_op33,merikanto_op33,Aria_246797_0,872,0.9797752808988764,0.6296135944821761,60.0,890
merikanto_op33,PianoCoRe_182909,Aria_307923_0,Aria-MIDI,Aria-AMT,"Merikanto,_Oskar/Valse_lente,_Op.33/score_MS_refined.mid",merikanto_op33__PianoCoRe_182909,real,merikanto_op33,merikanto_op33,Aria_307923_0,828,0.9303370786516854,0.5967952640033166,60.0,890
merikanto_op33,PianoCoRe_182911,Aria_323748_0,Aria-MIDI,Aria-AMT,"Merikanto,_Oskar/Valse_lente,_Op.33/score_MS_refined.mid",merikanto_op33__PianoCoRe_182911,real,merikanto_op33,merikanto_op33,Aria_323748_0,873,0.9808988764044944,0.5785980613045428,55.0,890
merikanto_op33,PianoCoRe_182912,Aria_342531_0,Aria-MIDI,Aria-AMT,"Merikanto,_Oskar/Valse_lente,_Op.33/score_MS_refined.mid",merikanto_op33__PianoCoRe_182912,real,merikanto_op33,merikanto_op33,Aria_342531_0,870,0.9775280898876404,0.5023175914641067,60.0,890
merikanto_op33,PianoCoRe_182915,Aria_374795_0,Aria-MIDI,Aria-AMT,"Merikanto,_Oskar/Valse_lente,_Op.33/score_MS_refined.mid",merikanto_op33__PianoCoRe_182915,real,merikanto_op33,merikanto_op33,Aria_374795_0,873,0.9808988764044944,0.5206172734480419,65.0,890
merikanto_op33,PianoCoRe_182918,Aria_395473_0,Aria-MIDI,Aria-AMT,"Merikanto,_Oskar/Valse_lente,_Op.33/score_MS_refined.mid",merikanto_op33__PianoCoRe_182918,real,merikanto_op33,merikanto_op33,Aria_395473_0,779,0.8752808988764045,0.49527861641892784,40.0,890
merikanto_op33,PianoCoRe_182921,Aria_421466_0,Aria-MIDI,Aria-AMT,"Merikanto,_Oskar/Valse_lente,_Op.33/score_MS_refined.mid",merikanto_op33__PianoCoRe_182921,real,merikanto_op33,merikanto_op33,Aria_421466_0,860,0.9662921348314607,0.7411719212924271,35.0,890
merikanto_op33,PianoCoRe_182922,Aria_427084_0,Aria-MIDI,Aria-AMT,"Merikanto,_Oskar/Valse_lente,_Op.33/score_MS_refined.mid",merikanto_op33__PianoCoRe_182922,real,merikanto_op33,merikanto_op33,Aria_427084_0,865,0.9719101123595506,0.5812842379619688,65.0,890
merikanto_op33,PianoCoRe_182923,Aria_427556_0,Aria-MIDI,Aria-AMT,"Merikanto,_Oskar/Valse_lente,_Op.33/score_MS_refined.mid",merikanto_op33__PianoCoRe_182923,real,merikanto_op33,merikanto_op33,Aria_427556_0,839,0.9426966292134832,0.6785248104258919,60.0,890
merikanto_op33,PianoCoRe_182926,Aria_475640_0,Aria-MIDI,Aria-AMT,"Merikanto,_Oskar/Valse_lente,_Op.33/score_MS_refined.mid",merikanto_op33__PianoCoRe_182926,real,merikanto_op33,merikanto_op33,Aria_475640_0,874,0.9820224719101124,0.6207657440687758,50.0,890
merikanto_op33,PianoCoRe_182928,Aria_506776_0,Aria-MIDI,Aria-AMT,"Merikanto,_Oskar/Valse_lente,_Op.33/score_MS_refined.mid",merikanto_op33__PianoCoRe_182928,real,merikanto_op33,merikanto_op33,Aria_506776_0,866,0.9730337078651685,0.49604517966581374,70.0,890
merikanto_op33,PianoCoRe_182930,Aria_554706_0,Aria-MIDI,Aria-AMT,"Merikanto,_Oskar/Valse_lente,_Op.33/score_MS_refined.mid",merikanto_op33__PianoCoRe_182930,real,merikanto_op33,merikanto_op33,Aria_554706_0,835,0.9382022471910112,0.6257787261607274,45.0,890
merikanto_op33,PianoCoRe_182931,Aria_555120_0,Aria-MIDI,Aria-AMT,"Merikanto,_Oskar/Valse_lente,_Op.33/score_MS_refined.mid",merikanto_op33__PianoCoRe_182931,real,merikanto_op33,merikanto_op33,Aria_555120_0,838,0.9415730337078652,0.6604983693899563,50.0,890
merikanto_op33,PianoCoRe_182932,Aria_577925_0,Aria-MIDI,Aria-AMT,"Merikanto,_Oskar/Valse_lente,_Op.33/score_MS_refined.mid",merikanto_op33__PianoCoRe_182932,real,merikanto_op33,merikanto_op33,Aria_577925_0,880,0.9887640449438202,0.5554683322638126,60.0,890
merikanto_op33,PianoCoRe_182934,Aria_599420_0,Aria-MIDI,Aria-AMT,"Merikanto,_Oskar/Valse_lente,_Op.33/score_MS_refined.mid",merikanto_op33__PianoCoRe_182934,real,merikanto_op33,merikanto_op33,Aria_599420_0,849,0.9539325842696629,0.5650101411072104,55.0,890
merikanto_op33,PianoCoRe_182935,Aria_612706_0,Aria-MIDI,Aria-AMT,"Merikanto,_Oskar/Valse_lente,_Op.33/score_MS_refined.mid",merikanto_op33__PianoCoRe_182935,real,merikanto_op33,merikanto_op33,Aria_612706_0,850,0.9550561797752809,0.6504583890308917,45.0,890
merikanto_op33,PianoCoRe_182936,Aria_652444_0,Aria-MIDI,Aria-AMT,"Merikanto,_Oskar/Valse_lente,_Op.33/score_MS_refined.mid",merikanto_op33__PianoCoRe_182936,real,merikanto_op33,merikanto_op33,Aria_652444_0,875,0.9831460674157303,0.5449335699850045,70.0,890
merikanto_op33,PianoCoRe_182938,Aria_688493_0,Aria-MIDI,Aria-AMT,"Merikanto,_Oskar/Valse_lente,_Op.33/score_MS_refined.mid",merikanto_op33__PianoCoRe_182938,real,merikanto_op33,merikanto_op33,Aria_688493_0,865,0.9719101123595506,0.7191033732921618,50.0,890
merikanto_op33,PianoCoRe_182942,Aria_732051_0,Aria-MIDI,Aria-AMT,"Merikanto,_Oskar/Valse_lente,_Op.33/score_MS_refined.mid",merikanto_op33__PianoCoRe_182942,real,merikanto_op33,merikanto_op33,Aria_732051_0,835,0.9382022471910112,0.6729109387873741,65.0,890
merikanto_op33,PianoCoRe_182944,Aria_762756_0,Aria-MIDI,Aria-AMT,"Merikanto,_Oskar/Valse_lente,_Op.33/score_MS_refined.mid",merikanto_op33__PianoCoRe_182944,real,merikanto_op33,merikanto_op33,Aria_762756_0,872,0.9797752808988764,0.584821021086399,55.0,890
merikanto_op33,PianoCoRe_182947,Aria_798099_0,Aria-MIDI,Aria-AMT,"Merikanto,_Oskar/Valse_lente,_Op.33/score_MS_refined.mid",merikanto_op33__PianoCoRe_182947,real,merikanto_op33,merikanto_op33,Aria_798099_0,828,0.9303370786516854,0.6267741320383977,30.0,890
merikanto_op33,PianoCoRe_182948,Aria_821136_0,Aria-MIDI,Aria-AMT,"Merikanto,_Oskar/Valse_lente,_Op.33/score_MS_refined.mid",merikanto_op33__PianoCoRe_182948,real,merikanto_op33,merikanto_op33,Aria_821136_0,874,0.9820224719101124,0.5306589414608001,60.0,890
merikanto_op33,PianoCoRe_182949,Aria_822016_0,Aria-MIDI,Aria-AMT,"Merikanto,_Oskar/Valse_lente,_Op.33/score_MS_refined.mid",merikanto_op33__PianoCoRe_182949,real,merikanto_op33,merikanto_op33,Aria_822016_0,772,0.8674157303370786,0.48757215349825717,70.0,890
merikanto_op33,PianoCoRe_182950,Aria_839680_0,Aria-MIDI,Aria-AMT,"Merikanto,_Oskar/Valse_lente,_Op.33/score_MS_refined.mid",merikanto_op33__PianoCoRe_182950,real,merikanto_op33,merikanto_op33,Aria_839680_0,884,0.9932584269662922,0.6022507460531636,55.0,890
merikanto_op33,PianoCoRe_182952,Aria_862652_0,Aria-MIDI,Aria-AMT,"Merikanto,_Oskar/Valse_lente,_Op.33/score_MS_refined.mid",merikanto_op33__PianoCoRe_182952,real,merikanto_op33,merikanto_op33,Aria_862652_0,890,1.0,0.47574091461659807,70.0,890
merikanto_op33,PianoCoRe_182953,Aria_864417_0,Aria-MIDI,Aria-AMT,"Merikanto,_Oskar/Valse_lente,_Op.33/score_MS_refined.mid",merikanto_op33__PianoCoRe_182953,real,merikanto_op33,merikanto_op33,Aria_864417_0,838,0.9415730337078652,0.5294814412608313,50.0,890
merikanto_op33,PianoCoRe_182955,GiantMIDI_px8oLnxgFv0,GiantMIDI-Piano,ByteDance,"Merikanto,_Oskar/Valse_lente,_Op.33/score_MS_refined.mid",merikanto_op33__PianoCoRe_182955,real,merikanto_op33,merikanto_op33,GiantMIDI_px8oLnxgFv0,871,0.9786516853932584,0.5966263032659904,53.0,890
mozart_k1,PianoCoRe_184202,Aria_040513_0,Aria-MIDI,Aria-AMT,"Mozart,_Wolfgang_Amadeus/Minuet_in_G_major,_K.1:1e/score_PDMX_refined.mid",mozart_k1__PianoCoRe_184202,real,mozart_k1,mozart_k1,Aria_040513_0,536,0.8096676737160121,0.4535666111069648,60.0,662
mozart_k1,PianoCoRe_184204,Aria_147060_0,Aria-MIDI,Aria-AMT,"Mozart,_Wolfgang_Amadeus/Minuet_in_G_major,_K.1:1e/score_PDMX_refined.mid",mozart_k1__PianoCoRe_184204,real,mozart_k1,mozart_k1,Aria_147060_0,543,0.8202416918429003,0.5413129290139078,70.0,662
mozart_k1,PianoCoRe_184206,Aria_197618_0,Aria-MIDI,Aria-AMT,"Mozart,_Wolfgang_Amadeus/Minuet_in_G_major,_K.1:1e/score_PDMX_refined.mid",mozart_k1__PianoCoRe_184206,real,mozart_k1,mozart_k1,Aria_197618_0,547,0.8262839879154078,0.4786856479641402,65.0,662
mozart_k1,PianoCoRe_184208,Aria_219755_0,Aria-MIDI,Aria-AMT,"Mozart,_Wolfgang_Amadeus/Minuet_in_G_major,_K.1:1e/score_PDMX_refined.mid",mozart_k1__PianoCoRe_184208,real,mozart_k1,mozart_k1,Aria_219755_0,547,0.8262839879154078,0.534463455731117,50.0,662
mozart_k1,PianoCoRe_184209,Aria_220887_0,Aria-MIDI,Aria-AMT,"Mozart,_Wolfgang_Amadeus/Minuet_in_G_major,_K.1:1e/score_PDMX_refined.mid",mozart_k1__PianoCoRe_184209,real,mozart_k1,mozart_k1,Aria_220887_0,547,0.8262839879154078,0.552432604246529,60.0,662
mozart_k1,PianoCoRe_184210,Aria_231630_0,Aria-MIDI,Aria-AMT,"Mozart,_Wolfgang_Amadeus/Minuet_in_G_major,_K.1:1e/score_PDMX_refined.mid",mozart_k1__PianoCoRe_184210,real,mozart_k1,mozart_k1,Aria_231630_0,537,0.8111782477341389,0.43229008303584476,70.0,662
mozart_k1,PianoCoRe_184211,Aria_236280_0,Aria-MIDI,Aria-AMT,"Mozart,_Wolfgang_Amadeus/Minuet_in_G_major,_K.1:1e/score_PDMX_refined.mid",mozart_k1__PianoCoRe_184211,real,mozart_k1,mozart_k1,Aria_236280_0,538,0.8126888217522659,0.48268762972004803,60.0,662
mozart_k1,PianoCoRe_184212,Aria_251788_0,Aria-MIDI,Aria-AMT,"Mozart,_Wolfgang_Amadeus/Minuet_in_G_major,_K.1:1e/score_PDMX_refined.mid",mozart_k1__PianoCoRe_184212,real,mozart_k1,mozart_k1,Aria_251788_0,588,0.8882175226586103,0.5465867231488378,60.0,662
mozart_k1,PianoCoRe_184216,Aria_362950_0,Aria-MIDI,Aria-AMT,"Mozart,_Wolfgang_Amadeus/Minuet_in_G_major,_K.1:1e/score_PDMX_refined.mid",mozart_k1__PianoCoRe_184216,real,mozart_k1,mozart_k1,Aria_362950_0,540,0.8157099697885196,0.47328581672961906,55.0,662
mozart_k1,PianoCoRe_184218,Aria_380498_0,Aria-MIDI,Aria-AMT,"Mozart,_Wolfgang_Amadeus/Minuet_in_G_major,_K.1:1e/score_PDMX_refined.mid",mozart_k1__PianoCoRe_184218,real,mozart_k1,mozart_k1,Aria_380498_0,533,0.8051359516616314,0.4364230288589127,65.0,662
mozart_k1,PianoCoRe_184219,Aria_383295_0,Aria-MIDI,Aria-AMT,"Mozart,_Wolfgang_Amadeus/Minuet_in_G_major,_K.1:1e/score_PDMX_refined.mid",mozart_k1__PianoCoRe_184219,real,mozart_k1,mozart_k1,Aria_383295_0,603,0.9108761329305136,0.4728701949082181,75.0,662
mozart_k1,PianoCoRe_184221,Aria_427734_0,Aria-MIDI,Aria-AMT,"Mozart,_Wolfgang_Amadeus/Minuet_in_G_major,_K.1:1e/score_PDMX_refined.mid",mozart_k1__PianoCoRe_184221,real,mozart_k1,mozart_k1,Aria_427734_0,588,0.8882175226586103,0.679248298378533,65.0,662
mozart_k1,PianoCoRe_184222,Aria_452923_0,Aria-MIDI,Aria-AMT,"Mozart,_Wolfgang_Amadeus/Minuet_in_G_major,_K.1:1e/score_PDMX_refined.mid",mozart_k1__PianoCoRe_184222,real,mozart_k1,mozart_k1,Aria_452923_0,549,0.8293051359516617,0.47645389091120366,70.0,662
mozart_k1,PianoCoRe_184223,Aria_463995_0,Aria-MIDI,Aria-AMT,"Mozart,_Wolfgang_Amadeus/Minuet_in_G_major,_K.1:1e/score_PDMX_refined.mid",mozart_k1__PianoCoRe_184223,real,mozart_k1,mozart_k1,Aria_463995_0,544,0.8217522658610272,0.5470807052824486,60.0,662
mozart_k1,PianoCoRe_184224,Aria_470249_0,Aria-MIDI,Aria-AMT,"Mozart,_Wolfgang_Amadeus/Minuet_in_G_major,_K.1:1e/score_PDMX_refined.mid",mozart_k1__PianoCoRe_184224,real,mozart_k1,mozart_k1,Aria_470249_0,544,0.8217522658610272,0.6527528044552358,40.0,662
mozart_k1,PianoCoRe_184225,Aria_524529_0,Aria-MIDI,Aria-AMT,"Mozart,_Wolfgang_Amadeus/Minuet_in_G_major,_K.1:1e/score_PDMX_refined.mid",mozart_k1__PianoCoRe_184225,real,mozart_k1,mozart_k1,Aria_524529_0,536,0.8096676737160121,0.4326939482848527,70.0,662
mozart_k1,PianoCoRe_184227,Aria_602038_0,Aria-MIDI,Aria-AMT,"Mozart,_Wolfgang_Amadeus/Minuet_in_G_major,_K.1:1e/score_PDMX_refined.mid",mozart_k1__PianoCoRe_184227,real,mozart_k1,mozart_k1,Aria_602038_0,532,0.8036253776435045,0.5380994092499065,65.0,662
mozart_k1,PianoCoRe_184228,Aria_626987_0,Aria-MIDI,Aria-AMT,"Mozart,_Wolfgang_Amadeus/Minuet_in_G_major,_K.1:1e/score_PDMX_refined.mid",mozart_k1__PianoCoRe_184228,real,mozart_k1,mozart_k1,Aria_626987_0,605,0.9138972809667674,0.421550205571745,60.0,662
mozart_k1,PianoCoRe_184229,Aria_631240_0,Aria-MIDI,Aria-AMT,"Mozart,_Wolfgang_Amadeus/Minuet_in_G_major,_K.1:1e/score_PDMX_refined.mid",mozart_k1__PianoCoRe_184229,real,mozart_k1,mozart_k1,Aria_631240_0,599,0.904833836858006,0.5363931464436151,70.0,662
mozart_k1,PianoCoRe_184232,Aria_713547_0,Aria-MIDI,Aria-AMT,"Mozart,_Wolfgang_Amadeus/Minuet_in_G_major,_K.1:1e/score_PDMX_refined.mid",mozart_k1__PianoCoRe_184232,real,mozart_k1,mozart_k1,Aria_713547_0,601,0.9078549848942599,0.450440541293352,55.0,662
mozart_k1,PianoCoRe_184233,Aria_727327_0,Aria-MIDI,Aria-AMT,"Mozart,_Wolfgang_Amadeus/Minuet_in_G_major,_K.1:1e/score_PDMX_refined.mid",mozart_k1__PianoCoRe_184233,real,mozart_k1,mozart_k1,Aria_727327_0,641,0.9682779456193353,0.4686380811232547,60.0,662
mozart_k1,PianoCoRe_184239,Aria_857157_0,Aria-MIDI,Aria-AMT,"Mozart,_Wolfgang_Amadeus/Minuet_in_G_major,_K.1:1e/score_PDMX_refined.mid",mozart_k1__PianoCoRe_184239,real,mozart_k1,mozart_k1,Aria_857157_0,544,0.8217522658610272,0.4947051514693054,100.0,662
mozart_k1,PianoCoRe_184240,Aria_862329_0,Aria-MIDI,Aria-AMT,"Mozart,_Wolfgang_Amadeus/Minuet_in_G_major,_K.1:1e/score_PDMX_refined.mid",mozart_k1__PianoCoRe_184240,real,mozart_k1,mozart_k1,Aria_862329_0,541,0.8172205438066465,0.45171642852027855,55.0,662
mozart_k1,PianoCoRe_184242,Aria_909081_0,Aria-MIDI,Aria-AMT,"Mozart,_Wolfgang_Amadeus/Minuet_in_G_major,_K.1:1e/score_PDMX_refined.mid",mozart_k1__PianoCoRe_184242,real,mozart_k1,mozart_k1,Aria_909081_0,540,0.8157099697885196,0.4747059132872918,70.0,662
mozart_k1,PianoCoRe_184243,GiantMIDI_7UcokDiBdgE,GiantMIDI-Piano,ByteDance,"Mozart,_Wolfgang_Amadeus/Minuet_in_G_major,_K.1:1e/score_PDMX_refined.mid",mozart_k1__PianoCoRe_184243,real,mozart_k1,mozart_k1,GiantMIDI_7UcokDiBdgE,537,0.8111782477341389,0.3215090906449481,81.0,662
mozart_k3,PianoCoRe_183190,Aria_053147_0,Aria-MIDI,Aria-AMT,"Mozart,_Wolfgang_Amadeus/Allegro_in_B_flat_major,_K.3/score_PDMX_refined.mid",mozart_k3__PianoCoRe_183190,real,mozart_k3,mozart_k3,Aria_053147_0,222,0.9527896995708155,0.46063569219682504,55.0,231
mozart_k3,PianoCoRe_183191,Aria_062471_0,Aria-MIDI,Aria-AMT,"Mozart,_Wolfgang_Amadeus/Allegro_in_B_flat_major,_K.3/score_PDMX_refined.mid",mozart_k3__PianoCoRe_183191,real,mozart_k3,mozart_k3,Aria_062471_0,212,0.9098712446351931,0.5766083948973393,58.0,231
mozart_k3,PianoCoRe_183192,Aria_075457_0,Aria-MIDI,Aria-AMT,"Mozart,_Wolfgang_Amadeus/Allegro_in_B_flat_major,_K.3/score_PDMX_refined.mid",mozart_k3__PianoCoRe_183192,real,mozart_k3,mozart_k3,Aria_075457_0,225,0.9656652360515021,0.5365044296698849,75.0,231
mozart_k3,PianoCoRe_183195,Aria_156564_0,Aria-MIDI,Aria-AMT,"Mozart,_Wolfgang_Amadeus/Allegro_in_B_flat_major,_K.3/score_PDMX_refined.mid",mozart_k3__PianoCoRe_183195,real,mozart_k3,mozart_k3,Aria_156564_0,226,0.9699570815450643,0.5041945945331956,85.0,231
mozart_k3,PianoCoRe_183196,Aria_168695_0,Aria-MIDI,Aria-AMT,"Mozart,_Wolfgang_Amadeus/Allegro_in_B_flat_major,_K.3/score_PDMX_refined.mid",mozart_k3__PianoCoRe_183196,real,mozart_k3,mozart_k3,Aria_168695_0,210,0.9012875536480687,0.5090366141565169,65.0,231
mozart_k3,PianoCoRe_183197,Aria_177758_0,Aria-MIDI,Aria-AMT,"Mozart,_Wolfgang_Amadeus/Allegro_in_B_flat_major,_K.3/score_PDMX_refined.mid",mozart_k3__PianoCoRe_183197,real,mozart_k3,mozart_k3,Aria_177758_0,228,0.9785407725321889,0.4897359774836891,80.0,231
mozart_k3,PianoCoRe_183198,Aria_185714_0,Aria-MIDI,Aria-AMT,"Mozart,_Wolfgang_Amadeus/Allegro_in_B_flat_major,_K.3/score_PDMX_refined.mid",mozart_k3__PianoCoRe_183198,real,mozart_k3,mozart_k3,Aria_185714_0,222,0.9527896995708155,0.5051999852294403,70.0,231
mozart_k3,PianoCoRe_183199,Aria_212881_0,Aria-MIDI,Aria-AMT,"Mozart,_Wolfgang_Amadeus/Allegro_in_B_flat_major,_K.3/score_PDMX_refined.mid",mozart_k3__PianoCoRe_183199,real,mozart_k3,mozart_k3,Aria_212881_0,211,0.9055793991416309,0.5940599206423021,65.0,231
mozart_k3,PianoCoRe_183202,Aria_281878_0,Aria-MIDI,Aria-AMT,"Mozart,_Wolfgang_Amadeus/Allegro_in_B_flat_major,_K.3/score_PDMX_refined.mid",mozart_k3__PianoCoRe_183202,real,mozart_k3,mozart_k3,Aria_281878_0,219,0.9399141630901288,0.5965001410715323,85.0,231
mozart_k3,PianoCoRe_183203,Aria_284877_0,Aria-MIDI,Aria-AMT,"Mozart,_Wolfgang_Amadeus/Allegro_in_B_flat_major,_K.3/score_PDMX_refined.mid",mozart_k3__PianoCoRe_183203,real,mozart_k3,mozart_k3,Aria_284877_0,228,0.9785407725321889,0.5300046773516938,65.0,231
mozart_k3,PianoCoRe_183204,Aria_377646_0,Aria-MIDI,Aria-AMT,"Mozart,_Wolfgang_Amadeus/Allegro_in_B_flat_major,_K.3/score_PDMX_refined.mid",mozart_k3__PianoCoRe_183204,real,mozart_k3,mozart_k3,Aria_377646_0,226,0.9699570815450643,0.5170314192517523,75.0,231
mozart_k3,PianoCoRe_183205,Aria_441208_0,Aria-MIDI,Aria-AMT,"Mozart,_Wolfgang_Amadeus/Allegro_in_B_flat_major,_K.3/score_PDMX_refined.mid",mozart_k3__PianoCoRe_183205,real,mozart_k3,mozart_k3,Aria_441208_0,222,0.9527896995708155,0.6439402615296212,70.0,231
mozart_k3,PianoCoRe_183206,Aria_449484_0,Aria-MIDI,Aria-AMT,"Mozart,_Wolfgang_Amadeus/Allegro_in_B_flat_major,_K.3/score_PDMX_refined.mid",mozart_k3__PianoCoRe_183206,real,mozart_k3,mozart_k3,Aria_449484_0,231,0.9914163090128756,0.6312475012968941,65.0,231
mozart_k3,PianoCoRe_183207,Aria_453277_0,Aria-MIDI,Aria-AMT,"Mozart,_Wolfgang_Amadeus/Allegro_in_B_flat_major,_K.3/score_PDMX_refined.mid",mozart_k3__PianoCoRe_183207,real,mozart_k3,mozart_k3,Aria_453277_0,192,0.8240343347639485,0.42625770975725796,65.0,231
mozart_k3,PianoCoRe_183208,Aria_492005_0,Aria-MIDI,Aria-AMT,"Mozart,_Wolfgang_Amadeus/Allegro_in_B_flat_major,_K.3/score_PDMX_refined.mid",mozart_k3__PianoCoRe_183208,real,mozart_k3,mozart_k3,Aria_492005_0,205,0.8798283261802575,0.5227881877929791,60.0,231
mozart_k3,PianoCoRe_183209,Aria_493725_0,Aria-MIDI,Aria-AMT,"Mozart,_Wolfgang_Amadeus/Allegro_in_B_flat_major,_K.3/score_PDMX_refined.mid",mozart_k3__PianoCoRe_183209,real,mozart_k3,mozart_k3,Aria_493725_0,208,0.8927038626609443,0.49370991140808285,75.0,231
mozart_k3,PianoCoRe_183210,Aria_515029_0,Aria-MIDI,Aria-AMT,"Mozart,_Wolfgang_Amadeus/Allegro_in_B_flat_major,_K.3/score_PDMX_refined.mid",mozart_k3__PianoCoRe_183210,real,mozart_k3,mozart_k3,Aria_515029_0,213,0.9141630901287554,0.5230230266534869,60.0,231
mozart_k3,PianoCoRe_183211,Aria_564600_0,Aria-MIDI,Aria-AMT,"Mozart,_Wolfgang_Amadeus/Allegro_in_B_flat_major,_K.3/score_PDMX_refined.mid",mozart_k3__PianoCoRe_183211,real,mozart_k3,mozart_k3,Aria_564600_0,229,0.9828326180257511,0.5180095886564071,80.0,231
mozart_k3,PianoCoRe_183213,Aria_581028_0,Aria-MIDI,Aria-AMT,"Mozart,_Wolfgang_Amadeus/Allegro_in_B_flat_major,_K.3/score_PDMX_refined.mid",mozart_k3__PianoCoRe_183213,real,mozart_k3,mozart_k3,Aria_581028_0,224,0.9613733905579399,0.5198393622437666,60.0,231
mozart_k3,PianoCoRe_183214,Aria_625533_0,Aria-MIDI,Aria-AMT,"Mozart,_Wolfgang_Amadeus/Allegro_in_B_flat_major,_K.3/score_PDMX_refined.mid",mozart_k3__PianoCoRe_183214,real,mozart_k3,mozart_k3,Aria_625533_0,228,0.9785407725321889,0.5260819544282241,65.0,231
mozart_k3,PianoCoRe_183215,Aria_628098_0,Aria-MIDI,Aria-AMT,"Mozart,_Wolfgang_Amadeus/Allegro_in_B_flat_major,_K.3/score_PDMX_refined.mid",mozart_k3__PianoCoRe_183215,real,mozart_k3,mozart_k3,Aria_628098_0,225,0.9656652360515021,0.6066879862303781,80.0,231
mozart_k3,PianoCoRe_183217,Aria_674958_0,Aria-MIDI,Aria-AMT,"Mozart,_Wolfgang_Amadeus/Allegro_in_B_flat_major,_K.3/score_PDMX_refined.mid",mozart_k3__PianoCoRe_183217,real,mozart_k3,mozart_k3,Aria_674958_0,226,0.9699570815450643,0.5766682828032093,65.0,231
mozart_k3,PianoCoRe_183219,Aria_720659_0,Aria-MIDI,Aria-AMT,"Mozart,_Wolfgang_Amadeus/Allegro_in_B_flat_major,_K.3/score_PDMX_refined.mid",mozart_k3__PianoCoRe_183219,real,mozart_k3,mozart_k3,Aria_720659_0,231,0.9914163090128756,0.6058005752341854,60.0,231
mozart_k3,PianoCoRe_183220,Aria_722281_0,Aria-MIDI,Aria-AMT,"Mozart,_Wolfgang_Amadeus/Allegro_in_B_flat_major,_K.3/score_PDMX_refined.mid",mozart_k3__PianoCoRe_183220,real,mozart_k3,mozart_k3,Aria_722281_0,227,0.9742489270386266,0.4788737715907249,80.0,231
mozart_k3,PianoCoRe_183221,Aria_739125_0,Aria-MIDI,Aria-AMT,"Mozart,_Wolfgang_Amadeus/Allegro_in_B_flat_major,_K.3/score_PDMX_refined.mid",mozart_k3__PianoCoRe_183221,real,mozart_k3,mozart_k3,Aria_739125_0,222,0.9527896995708155,0.5481605377805073,65.0,231
mozart_k3,PianoCoRe_183224,Aria_748468_0,Aria-MIDI,Aria-AMT,"Mozart,_Wolfgang_Amadeus/Allegro_in_B_flat_major,_K.3/score_PDMX_refined.mid",mozart_k3__PianoCoRe_183224,real,mozart_k3,mozart_k3,Aria_748468_0,227,0.9742489270386266,0.4792527740614682,75.0,231
mozart_k3,PianoCoRe_183225,Aria_769982_0,Aria-MIDI,Aria-AMT,"Mozart,_Wolfgang_Amadeus/Allegro_in_B_flat_major,_K.3/score_PDMX_refined.mid",mozart_k3__PianoCoRe_183225,real,mozart_k3,mozart_k3,Aria_769982_0,223,0.9570815450643777,0.5050295549918141,70.0,231
mozart_k3,PianoCoRe_183226,Aria_775798_0,Aria-MIDI,Aria-AMT,"Mozart,_Wolfgang_Amadeus/Allegro_in_B_flat_major,_K.3/score_PDMX_refined.mid",mozart_k3__PianoCoRe_183226,real,mozart_k3,mozart_k3,Aria_775798_0,209,0.8969957081545065,0.568737716767404,75.0,231
mozart_k3,PianoCoRe_183227,Aria_781795_0,Aria-MIDI,Aria-AMT,"Mozart,_Wolfgang_Amadeus/Allegro_in_B_flat_major,_K.3/score_PDMX_refined.mid",mozart_k3__PianoCoRe_183227,real,mozart_k3,mozart_k3,Aria_781795_0,220,0.944206008583691,0.6917863297214307,70.0,231
mozart_k3,PianoCoRe_183229,Aria_808425_0,Aria-MIDI,Aria-AMT,"Mozart,_Wolfgang_Amadeus/Allegro_in_B_flat_major,_K.3/score_PDMX_refined.mid",mozart_k3__PianoCoRe_183229,real,mozart_k3,mozart_k3,Aria_808425_0,230,0.9871244635193133,0.5063251606700997,70.0,231
mozart_k3,PianoCoRe_183232,Aria_842568_0,Aria-MIDI,Aria-AMT,"Mozart,_Wolfgang_Amadeus/Allegro_in_B_flat_major,_K.3/score_PDMX_refined.mid",mozart_k3__PianoCoRe_183232,real,mozart_k3,mozart_k3,Aria_842568_0,207,0.8884120171673819,0.4702368257281946,55.0,231
mozart_k3,PianoCoRe_183234,Aria_915943_0,Aria-MIDI,Aria-AMT,"Mozart,_Wolfgang_Amadeus/Allegro_in_B_flat_major,_K.3/score_PDMX_refined.mid",mozart_k3__PianoCoRe_183234,real,mozart_k3,mozart_k3,Aria_915943_0,224,0.9613733905579399,0.4741075799841209,75.0,231
mozart_k3,PianoCoRe_183235,GiantMIDI_Fa3kYVF62ak,GiantMIDI-Piano,ByteDance,"Mozart,_Wolfgang_Amadeus/Allegro_in_B_flat_major,_K.3/score_PDMX_refined.mid",mozart_k3__PianoCoRe_183235,real,mozart_k3,mozart_k3,GiantMIDI_Fa3kYVF62ak,208,0.8927038626609443,0.5575809431869104,70.0,231
"pianocore:Bach,_Carl_Philipp_Emanuel/4_Pieces_for_Anna_Magdalena_Bach,_H.1/1._March_(D_major,_BWV_Anh.122)",PianoCoRe_002989,Aria_039279_0,Aria-MIDI,Aria-AMT,"Bach,_Carl_Philipp_Emanuel/4_Pieces_for_Anna_Magdalena_Bach,_H.1/1._March_(D_major,_BWV_Anh.122)/score_PDMX_refined.mid",pianocore_Bach__Carl_Philipp_Emanuel_4_Pieces_for_Anna_Magdalena_Bach__H.1_1._March__D_major__BWV_Anh.122___PianoCoRe_002989,real,"pianocore:Bach,_Carl_Philipp_Emanuel/4_Pieces_for_Anna_Magdalena_Bach,_H.1/1._March_(D_major,_BWV_Anh.122)","pianocore:Bach,_Carl_Philipp_Emanuel/4_Pieces_for_Anna_Magdalena_Bach,_H.1/1._March_(D_major,_BWV_Anh.122)",Aria_039279_0,427,0.9748858447488584,0.2933566357588495,80.0,434
"pianocore:Bach,_Carl_Philipp_Emanuel/4_Pieces_for_Anna_Magdalena_Bach,_H.1/1._March_(D_major,_BWV_Anh.122)",PianoCoRe_002990,Aria_043558_0,Aria-MIDI,Aria-AMT,"Bach,_Carl_Philipp_Emanuel/4_Pieces_for_Anna_Magdalena_Bach,_H.1/1._March_(D_major,_BWV_Anh.122)/score_PDMX_refined.mid",pianocore_Bach__Carl_Philipp_Emanuel_4_Pieces_for_Anna_Magdalena_Bach__H.1_1._March__D_major__BWV_Anh.122___PianoCoRe_002990,real,"pianocore:Bach,_Carl_Philipp_Emanuel/4_Pieces_for_Anna_Magdalena_Bach,_H.1/1._March_(D_major,_BWV_Anh.122)","pianocore:Bach,_Carl_Philipp_Emanuel/4_Pieces_for_Anna_Magdalena_Bach,_H.1/1._March_(D_major,_BWV_Anh.122)",Aria_043558_0,430,0.9817351598173516,0.40456466384838546,75.0,434
"pianocore:Bach,_Carl_Philipp_Emanuel/4_Pieces_for_Anna_Magdalena_Bach,_H.1/1._March_(D_major,_BWV_Anh.122)",PianoCoRe_002991,Aria_070261_0,Aria-MIDI,Aria-AMT,"Bach,_Carl_Philipp_Emanuel/4_Pieces_for_Anna_Magdalena_Bach,_H.1/1._March_(D_major,_BWV_Anh.122)/score_PDMX_refined.mid",pianocore_Bach__Carl_Philipp_Emanuel_4_Pieces_for_Anna_Magdalena_Bach__H.1_1._March__D_major__BWV_Anh.122___PianoCoRe_002991,real,"pianocore:Bach,_Carl_Philipp_Emanuel/4_Pieces_for_Anna_Magdalena_Bach,_H.1/1._March_(D_major,_BWV_Anh.122)","pianocore:Bach,_Carl_Philipp_Emanuel/4_Pieces_for_Anna_Magdalena_Bach,_H.1/1._March_(D_major,_BWV_Anh.122)",Aria_070261_0,428,0.9771689497716894,0.6609224903504252,65.0,434
"pianocore:Bach,_Carl_Philipp_Emanuel/4_Pieces_for_Anna_Magdalena_Bach,_H.1/1._March_(D_major,_BWV_Anh.122)",PianoCoRe_002993,Aria_078301_0,Aria-MIDI,Aria-AMT,"Bach,_Carl_Philipp_Emanuel/4_Pieces_for_Anna_Magdalena_Bach,_H.1/1._March_(D_major,_BWV_Anh.122)/score_PDMX_refined.mid",pianocore_Bach__Carl_Philipp_Emanuel_4_Pieces_for_Anna_Magdalena_Bach__H.1_1._March__D_major__BWV_Anh.122___PianoCoRe_002993,real,"pianocore:Bach,_Carl_Philipp_Emanuel/4_Pieces_for_Anna_Magdalena_Bach,_H.1/1._March_(D_major,_BWV_Anh.122)","pianocore:Bach,_Carl_Philipp_Emanuel/4_Pieces_for_Anna_Magdalena_Bach,_H.1/1._March_(D_major,_BWV_Anh.122)",Aria_078301_0,430,0.9817351598173516,0.29337399978295087,75.0,434
"pianocore:Bach,_Carl_Philipp_Emanuel/4_Pieces_for_Anna_Magdalena_Bach,_H.1/1._March_(D_major,_BWV_Anh.122)",PianoCoRe_002994,Aria_084209_0,Aria-MIDI,Aria-AMT,"Bach,_Carl_Philipp_Emanuel/4_Pieces_for_Anna_Magdalena_Bach,_H.1/1._March_(D_major,_BWV_Anh.122)/score_PDMX_refined.mid",pianocore_Bach__Carl_Philipp_Emanuel_4_Pieces_for_Anna_Magdalena_Bach__H.1_1._March__D_major__BWV_Anh.122___PianoCoRe_002994,real,"pianocore:Bach,_Carl_Philipp_Emanuel/4_Pieces_for_Anna_Magdalena_Bach,_H.1/1._March_(D_major,_BWV_Anh.122)","pianocore:Bach,_Carl_Philipp_Emanuel/4_Pieces_for_Anna_Magdalena_Bach,_H.1/1._March_(D_major,_BWV_Anh.122)",Aria_084209_0,425,0.9703196347031964,0.35791397665153013,90.0,434
"pianocore:Bach,_Carl_Philipp_Emanuel/4_Pieces_for_Anna_Magdalena_Bach,_H.1/1._March_(D_major,_BWV_Anh.122)",PianoCoRe_002995,Aria_084916_0,Aria-MIDI,Aria-AMT,"Bach,_Carl_Philipp_Emanuel/4_Pieces_for_Anna_Magdalena_Bach,_H.1/1._March_(D_major,_BWV_Anh.122)/score_PDMX_refined.mid",pianocore_Bach__Carl_Philipp_Emanuel_4_Pieces_for_Anna_Magdalena_Bach__H.1_1._March__D_major__BWV_Anh.122___PianoCoRe_002995,real,"pianocore:Bach,_Carl_Philipp_Emanuel/4_Pieces_for_Anna_Magdalena_Bach,_H.1/1._March_(D_major,_BWV_Anh.122)","pianocore:Bach,_Carl_Philipp_Emanuel/4_Pieces_for_Anna_Magdalena_Bach,_H.1/1._March_(D_major,_BWV_Anh.122)",Aria_084916_0,424,0.9680365296803652,0.31881701912739197,85.0,434
"pianocore:Bach,_Carl_Philipp_Emanuel/4_Pieces_for_Anna_Magdalena_Bach,_H.1/1._March_(D_major,_BWV_Anh.122)",PianoCoRe_002996,Aria_087948_0,Aria-MIDI,Aria-AMT,"Bach,_Carl_Philipp_Emanuel/4_Pieces_for_Anna_Magdalena_Bach,_H.1/1._March_(D_major,_BWV_Anh.122)/score_PDMX_refined.mid",pianocore_Bach__Carl_Philipp_Emanuel_4_Pieces_for_Anna_Magdalena_Bach__H.1_1._March__D_major__BWV_Anh.122___PianoCoRe_002996,real,"pianocore:Bach,_Carl_Philipp_Emanuel/4_Pieces_for_Anna_Magdalena_Bach,_H.1/1._March_(D_major,_BWV_Anh.122)","pianocore:Bach,_Carl_Philipp_Emanuel/4_Pieces_for_Anna_Magdalena_Bach,_H.1/1._March_(D_major,_BWV_Anh.122)",Aria_087948_0,381,0.8698630136986302,0.4175571498742223,65.0,434
"pianocore:Bach,_Carl_Philipp_Emanuel/4_Pieces_for_Anna_Magdalena_Bach,_H.1/1._March_(D_major,_BWV_Anh.122)",PianoCoRe_002997,Aria_089509_0,Aria-MIDI,Aria-AMT,"Bach,_Carl_Philipp_Emanuel/4_Pieces_for_Anna_Magdalena_Bach,_H.1/1._March_(D_major,_BWV_Anh.122)/score_PDMX_refined.mid",pianocore_Bach__Carl_Philipp_Emanuel_4_Pieces_for_Anna_Magdalena_Bach__H.1_1._March__D_major__BWV_Anh.122___PianoCoRe_002997,real,"pianocore:Bach,_Carl_Philipp_Emanuel/4_Pieces_for_Anna_Magdalena_Bach,_H.1/1._March_(D_major,_BWV_Anh.122)","pianocore:Bach,_Carl_Philipp_Emanuel/4_Pieces_for_Anna_Magdalena_Bach,_H.1/1._March_(D_major,_BWV_Anh.122)",Aria_089509_0,430,0.9817351598173516,0.5423883854493887,75.0,434
"pianocore:Bach,_Carl_Philipp_Emanuel/4_Pieces_for_Anna_Magdalena_Bach,_H.1/1._March_(D_major,_BWV_Anh.122)",PianoCoRe_002999,Aria_146823_0,Aria-MIDI,Aria-AMT,"Bach,_Carl_Philipp_Emanuel/4_Pieces_for_Anna_Magdalena_Bach,_H.1/1._March_(D_major,_BWV_Anh.122)/score_PDMX_refined.mid",pianocore_Bach__Carl_Philipp_Emanuel_4_Pieces_for_Anna_Magdalena_Bach__H.1_1._March__D_major__BWV_Anh.122___PianoCoRe_002999,real,"pianocore:Bach,_Carl_Philipp_Emanuel/4_Pieces_for_Anna_Magdalena_Bach,_H.1/1._March_(D_major,_BWV_Anh.122)","pianocore:Bach,_Carl_Philipp_Emanuel/4_Pieces_for_Anna_Magdalena_Bach,_H.1/1._March_(D_major,_BWV_Anh.122)",Aria_146823_0,421,0.9611872146118722,0.39491810869360383,60.0,434
"pianocore:Bach,_Carl_Philipp_Emanuel/4_Pieces_for_Anna_Magdalena_Bach,_H.1/1._March_(D_major,_BWV_Anh.122)",PianoCoRe_003000,Aria_209876_0,Aria-MIDI,Aria-AMT,"Bach,_Carl_Philipp_Emanuel/4_Pieces_for_Anna_Magdalena_Bach,_H.1/1._March_(D_major,_BWV_Anh.122)/score_PDMX_refined.mid",pianocore_Bach__Carl_Philipp_Emanuel_4_Pieces_for_Anna_Magdalena_Bach__H.1_1._March__D_major__BWV_Anh.122___PianoCoRe_003000,real,"pianocore:Bach,_Carl_Philipp_Emanuel/4_Pieces_for_Anna_Magdalena_Bach,_H.1/1._March_(D_major,_BWV_Anh.122)","pianocore:Bach,_Carl_Philipp_Emanuel/4_Pieces_for_Anna_Magdalena_Bach,_H.1/1._March_(D_major,_BWV_Anh.122)",Aria_209876_0,431,0.9840182648401826,0.39646900122351847,65.0,434
"pianocore:Bach,_Carl_Philipp_Emanuel/4_Pieces_for_Anna_Magdalena_Bach,_H.1/1._March_(D_major,_BWV_Anh.122)",PianoCoRe_003002,Aria_239970_0,Aria-MIDI,Aria-AMT,"Bach,_Carl_Philipp_Emanuel/4_Pieces_for_Anna_Magdalena_Bach,_H.1/1._March_(D_major,_BWV_Anh.122)/score_PDMX_refined.mid",pianocore_Bach__Carl_Philipp_Emanuel_4_Pieces_for_Anna_Magdalena_Bach__H.1_1._March__D_major__BWV_Anh.122___PianoCoRe_003002,real,"pianocore:Bach,_Carl_Philipp_Emanuel/4_Pieces_for_Anna_Magdalena_Bach,_H.1/1._March_(D_major,_BWV_Anh.122)","pianocore:Bach,_Carl_Philipp_Emanuel/4_Pieces_for_Anna_Magdalena_Bach,_H.1/1._March_(D_major,_BWV_Anh.122)",Aria_239970_0,427,0.9748858447488584,0.4057882469810688,70.0,434
"pianocore:Bach,_Carl_Philipp_Emanuel/4_Pieces_for_Anna_Magdalena_Bach,_H.1/1._March_(D_major,_BWV_Anh.122)",PianoCoRe_003004,Aria_301691_0,Aria-MIDI,Aria-AMT,"Bach,_Carl_Philipp_Emanuel/4_Pieces_for_Anna_Magdalena_Bach,_H.1/1._March_(D_major,_BWV_Anh.122)/score_PDMX_refined.mid",pianocore_Bach__Carl_Philipp_Emanuel_4_Pieces_for_Anna_Magdalena_Bach__H.1_1._March__D_major__BWV_Anh.122___PianoCoRe_003004,real,"pianocore:Bach,_Carl_Philipp_Emanuel/4_Pieces_for_Anna_Magdalena_Bach,_H.1/1._March_(D_major,_BWV_Anh.122)","pianocore:Bach,_Carl_Philipp_Emanuel/4_Pieces_for_Anna_Magdalena_Bach,_H.1/1._March_(D_major,_BWV_Anh.122)",Aria_301691_0,419,0.95662100456621,0.3280422603704366,80.0,434
"pianocore:Bach,_Carl_Philipp_Emanuel/4_Pieces_for_Anna_Magdalena_Bach,_H.1/1._March_(D_major,_BWV_Anh.122)",PianoCoRe_003006,Aria_317329_0,Aria-MIDI,Aria-AMT,"Bach,_Carl_Philipp_Emanuel/4_Pieces_for_Anna_Magdalena_Bach,_H.1/1._March_(D_major,_BWV_Anh.122)/score_PDMX_refined.mid",pianocore_Bach__Carl_Philipp_Emanuel_4_Pieces_for_Anna_Magdalena_Bach__H.1_1._March__D_major__BWV_Anh.122___PianoCoRe_003006,real,"pianocore:Bach,_Carl_Philipp_Emanuel/4_Pieces_for_Anna_Magdalena_Bach,_H.1/1._March_(D_major,_BWV_Anh.122)","pianocore:Bach,_Carl_Philipp_Emanuel/4_Pieces_for_Anna_Magdalena_Bach,_H.1/1._March_(D_major,_BWV_Anh.122)",Aria_317329_0,430,0.9817351598173516,0.38073122132252735,55.0,434
"pianocore:Bach,_Carl_Philipp_Emanuel/4_Pieces_for_Anna_Magdalena_Bach,_H.1/1._March_(D_major,_BWV_Anh.122)",PianoCoRe_003008,Aria_344414_0,Aria-MIDI,Aria-AMT,"Bach,_Carl_Philipp_Emanuel/4_Pieces_for_Anna_Magdalena_Bach,_H.1/1._March_(D_major,_BWV_Anh.122)/score_PDMX_refined.mid",pianocore_Bach__Carl_Philipp_Emanuel_4_Pieces_for_Anna_Magdalena_Bach__H.1_1._March__D_major__BWV_Anh.122___PianoCoRe_003008,real,"pianocore:Bach,_Carl_Philipp_Emanuel/4_Pieces_for_Anna_Magdalena_Bach,_H.1/1._March_(D_major,_BWV_Anh.122)","pianocore:Bach,_Carl_Philipp_Emanuel/4_Pieces_for_Anna_Magdalena_Bach,_H.1/1._March_(D_major,_BWV_Anh.122)",Aria_344414_0,424,0.9680365296803652,0.5071953039890064,70.0,434
"pianocore:Bach,_Carl_Philipp_Emanuel/4_Pieces_for_Anna_Magdalena_Bach,_H.1/1._March_(D_major,_BWV_Anh.122)",PianoCoRe_003009,Aria_347072_0,Aria-MIDI,Aria-AMT,"Bach,_Carl_Philipp_Emanuel/4_Pieces_for_Anna_Magdalena_Bach,_H.1/1._March_(D_major,_BWV_Anh.122)/score_PDMX_refined.mid",pianocore_Bach__Carl_Philipp_Emanuel_4_Pieces_for_Anna_Magdalena_Bach__H.1_1._March__D_major__BWV_Anh.122___PianoCoRe_003009,real,"pianocore:Bach,_Carl_Philipp_Emanuel/4_Pieces_for_Anna_Magdalena_Bach,_H.1/1._March_(D_major,_BWV_Anh.122)","pianocore:Bach,_Carl_Philipp_Emanuel/4_Pieces_for_Anna_Magdalena_Bach,_H.1/1._March_(D_major,_BWV_Anh.122)",Aria_347072_0,422,0.9634703196347032,0.515331454784542,65.0,434
"pianocore:Bach,_Carl_Philipp_Emanuel/4_Pieces_for_Anna_Magdalena_Bach,_H.1/1._March_(D_major,_BWV_Anh.122)",PianoCoRe_003010,Aria_374934_0,Aria-MIDI,Aria-AMT,"Bach,_Carl_Philipp_Emanuel/4_Pieces_for_Anna_Magdalena_Bach,_H.1/1._March_(D_major,_BWV_Anh.122)/score_PDMX_refined.mid",pianocore_Bach__Carl_Philipp_Emanuel_4_Pieces_for_Anna_Magdalena_Bach__H.1_1._March__D_major__BWV_Anh.122___PianoCoRe_003010,real,"pianocore:Bach,_Carl_Philipp_Emanuel/4_Pieces_for_Anna_Magdalena_Bach,_H.1/1._March_(D_major,_BWV_Anh.122)","pianocore:Bach,_Carl_Philipp_Emanuel/4_Pieces_for_Anna_Magdalena_Bach,_H.1/1._March_(D_major,_BWV_Anh.122)",Aria_374934_0,432,0.9863013698630136,0.4800359096865544,60.0,434
"pianocore:Bach,_Carl_Philipp_Emanuel/4_Pieces_for_Anna_Magdalena_Bach,_H.1/1._March_(D_major,_BWV_Anh.122)",PianoCoRe_003011,Aria_390858_0,Aria-MIDI,Aria-AMT,"Bach,_Carl_Philipp_Emanuel/4_Pieces_for_Anna_Magdalena_Bach,_H.1/1._March_(D_major,_BWV_Anh.122)/score_PDMX_refined.mid",pianocore_Bach__Carl_Philipp_Emanuel_4_Pieces_for_Anna_Magdalena_Bach__H.1_1._March__D_major__BWV_Anh.122___PianoCoRe_003011,real,"pianocore:Bach,_Carl_Philipp_Emanuel/4_Pieces_for_Anna_Magdalena_Bach,_H.1/1._March_(D_major,_BWV_Anh.122)","pianocore:Bach,_Carl_Philipp_Emanuel/4_Pieces_for_Anna_Magdalena_Bach,_H.1/1._March_(D_major,_BWV_Anh.122)",Aria_390858_0,432,0.9863013698630136,0.40420623595684463,60.0,434
"pianocore:Bach,_Carl_Philipp_Emanuel/4_Pieces_for_Anna_Magdalena_Bach,_H.1/1._March_(D_major,_BWV_Anh.122)",PianoCoRe_003012,Aria_412600_0,Aria-MIDI,Aria-AMT,"Bach,_Carl_Philipp_Emanuel/4_Pieces_for_Anna_Magdalena_Bach,_H.1/1._March_(D_major,_BWV_Anh.122)/score_PDMX_refined.mid",pianocore_Bach__Carl_Philipp_Emanuel_4_Pieces_for_Anna_Magdalena_Bach__H.1_1._March__D_major__BWV_Anh.122___PianoCoRe_003012,real,"pianocore:Bach,_Carl_Philipp_Emanuel/4_Pieces_for_Anna_Magdalena_Bach,_H.1/1._March_(D_major,_BWV_Anh.122)","pianocore:Bach,_Carl_Philipp_Emanuel/4_Pieces_for_Anna_Magdalena_Bach,_H.1/1._March_(D_major,_BWV_Anh.122)",Aria_412600_0,428,0.9771689497716894,0.3540574207840673,75.0,434
"pianocore:Bach,_Carl_Philipp_Emanuel/4_Pieces_for_Anna_Magdalena_Bach,_H.1/1._March_(D_major,_BWV_Anh.122)",PianoCoRe_003013,Aria_413766_0,Aria-MIDI,Aria-AMT,"Bach,_Carl_Philipp_Emanuel/4_Pieces_for_Anna_Magdalena_Bach,_H.1/1._March_(D_major,_BWV_Anh.122)/score_PDMX_refined.mid",pianocore_Bach__Carl_Philipp_Emanuel_4_Pieces_for_Anna_Magdalena_Bach__H.1_1._March__D_major__BWV_Anh.122___PianoCoRe_003013,real,"pianocore:Bach,_Carl_Philipp_Emanuel/4_Pieces_for_Anna_Magdalena_Bach,_H.1/1._March_(D_major,_BWV_Anh.122)","pianocore:Bach,_Carl_Philipp_Emanuel/4_Pieces_for_Anna_Magdalena_Bach,_H.1/1._March_(D_major,_BWV_Anh.122)",Aria_413766_0,426,0.9726027397260274,0.4057084052776999,65.0,434
"pianocore:Bach,_Carl_Philipp_Emanuel/4_Pieces_for_Anna_Magdalena_Bach,_H.1/1._March_(D_major,_BWV_Anh.122)",PianoCoRe_003015,Aria_418912_2,Aria-MIDI,Aria-AMT,"Bach,_Carl_Philipp_Emanuel/4_Pieces_for_Anna_Magdalena_Bach,_H.1/1._March_(D_major,_BWV_Anh.122)/score_PDMX_refined.mid",pianocore_Bach__Carl_Philipp_Emanuel_4_Pieces_for_Anna_Magdalena_Bach__H.1_1._March__D_major__BWV_Anh.122___PianoCoRe_003015,real,"pianocore:Bach,_Carl_Philipp_Emanuel/4_Pieces_for_Anna_Magdalena_Bach,_H.1/1._March_(D_major,_BWV_Anh.122)","pianocore:Bach,_Carl_Philipp_Emanuel/4_Pieces_for_Anna_Magdalena_Bach,_H.1/1._March_(D_major,_BWV_Anh.122)",Aria_418912_2,432,0.9863013698630136,0.6000007590074916,65.0,434
"pianocore:Bach,_Carl_Philipp_Emanuel/4_Pieces_for_Anna_Magdalena_Bach,_H.1/1._March_(D_major,_BWV_Anh.122)",PianoCoRe_003016,Aria_424562_0,Aria-MIDI,Aria-AMT,"Bach,_Carl_Philipp_Emanuel/4_Pieces_for_Anna_Magdalena_Bach,_H.1/1._March_(D_major,_BWV_Anh.122)/score_PDMX_refined.mid",pianocore_Bach__Carl_Philipp_Emanuel_4_Pieces_for_Anna_Magdalena_Bach__H.1_1._March__D_major__BWV_Anh.122___PianoCoRe_003016,real,"pianocore:Bach,_Carl_Philipp_Emanuel/4_Pieces_for_Anna_Magdalena_Bach,_H.1/1._March_(D_major,_BWV_Anh.122)","pianocore:Bach,_Carl_Philipp_Emanuel/4_Pieces_for_Anna_Magdalena_Bach,_H.1/1._March_(D_major,_BWV_Anh.122)",Aria_424562_0,424,0.9680365296803652,0.7499588816058209,60.0,434
"pianocore:Bach,_Carl_Philipp_Emanuel/4_Pieces_for_Anna_Magdalena_Bach,_H.1/1._March_(D_major,_BWV_Anh.122)",PianoCoRe_003019,Aria_492585_0,Aria-MIDI,Aria-AMT,"Bach,_Carl_Philipp_Emanuel/4_Pieces_for_Anna_Magdalena_Bach,_H.1/1._March_(D_major,_BWV_Anh.122)/score_PDMX_refined.mid",pianocore_Bach__Carl_Philipp_Emanuel_4_Pieces_for_Anna_Magdalena_Bach__H.1_1._March__D_major__BWV_Anh.122___PianoCoRe_003019,real,"pianocore:Bach,_Carl_Philipp_Emanuel/4_Pieces_for_Anna_Magdalena_Bach,_H.1/1._March_(D_major,_BWV_Anh.122)","pianocore:Bach,_Carl_Philipp_Emanuel/4_Pieces_for_Anna_Magdalena_Bach,_H.1/1._March_(D_major,_BWV_Anh.122)",Aria_492585_0,428,0.9771689497716894,0.4601258240488503,65.0,434
"pianocore:Bach,_Carl_Philipp_Emanuel/4_Pieces_for_Anna_Magdalena_Bach,_H.1/1._March_(D_major,_BWV_Anh.122)",PianoCoRe_003020,Aria_497608_0,Aria-MIDI,Aria-AMT,"Bach,_Carl_Philipp_Emanuel/4_Pieces_for_Anna_Magdalena_Bach,_H.1/1._March_(D_major,_BWV_Anh.122)/score_PDMX_refined.mid",pianocore_Bach__Carl_Philipp_Emanuel_4_Pieces_for_Anna_Magdalena_Bach__H.1_1._March__D_major__BWV_Anh.122___PianoCoRe_003020,real,"pianocore:Bach,_Carl_Philipp_Emanuel/4_Pieces_for_Anna_Magdalena_Bach,_H.1/1._March_(D_major,_BWV_Anh.122)","pianocore:Bach,_Carl_Philipp_Emanuel/4_Pieces_for_Anna_Magdalena_Bach,_H.1/1._March_(D_major,_BWV_Anh.122)",Aria_497608_0,424,0.9680365296803652,0.3841326874602749,60.0,434
"pianocore:Bach,_Carl_Philipp_Emanuel/4_Pieces_for_Anna_Magdalena_Bach,_H.1/1._March_(D_major,_BWV_Anh.122)",PianoCoRe_003021,Aria_498521_0,Aria-MIDI,Aria-AMT,"Bach,_Carl_Philipp_Emanuel/4_Pieces_for_Anna_Magdalena_Bach,_H.1/1._March_(D_major,_BWV_Anh.122)/score_PDMX_refined.mid",pianocore_Bach__Carl_Philipp_Emanuel_4_Pieces_for_Anna_Magdalena_Bach__H.1_1._March__D_major__BWV_Anh.122___PianoCoRe_003021,real,"pianocore:Bach,_Carl_Philipp_Emanuel/4_Pieces_for_Anna_Magdalena_Bach,_H.1/1._March_(D_major,_BWV_Anh.122)","pianocore:Bach,_Carl_Philipp_Emanuel/4_Pieces_for_Anna_Magdalena_Bach,_H.1/1._March_(D_major,_BWV_Anh.122)",Aria_498521_0,427,0.9748858447488584,0.30931846240144073,75.0,434
"pianocore:Bach,_Carl_Philipp_Emanuel/4_Pieces_for_Anna_Magdalena_Bach,_H.1/1._March_(D_major,_BWV_Anh.122)",PianoCoRe_003022,Aria_521758_0,Aria-MIDI,Aria-AMT,"Bach,_Carl_Philipp_Emanuel/4_Pieces_for_Anna_Magdalena_Bach,_H.1/1._March_(D_major,_BWV_Anh.122)/score_PDMX_refined.mid",pianocore_Bach__Carl_Philipp_Emanuel_4_Pieces_for_Anna_Magdalena_Bach__H.1_1._March__D_major__BWV_Anh.122___PianoCoRe_003022,real,"pianocore:Bach,_Carl_Philipp_Emanuel/4_Pieces_for_Anna_Magdalena_Bach,_H.1/1._March_(D_major,_BWV_Anh.122)","pianocore:Bach,_Carl_Philipp_Emanuel/4_Pieces_for_Anna_Magdalena_Bach,_H.1/1._March_(D_major,_BWV_Anh.122)",Aria_521758_0,428,0.9771689497716894,0.37497077943665447,75.0,434
"pianocore:Bach,_Carl_Philipp_Emanuel/4_Pieces_for_Anna_Magdalena_Bach,_H.1/1._March_(D_major,_BWV_Anh.122)",PianoCoRe_003023,Aria_533580_0,Aria-MIDI,Aria-AMT,"Bach,_Carl_Philipp_Emanuel/4_Pieces_for_Anna_Magdalena_Bach,_H.1/1._March_(D_major,_BWV_Anh.122)/score_PDMX_refined.mid",pianocore_Bach__Carl_Philipp_Emanuel_4_Pieces_for_Anna_Magdalena_Bach__H.1_1._March__D_major__BWV_Anh.122___PianoCoRe_003023,real,"pianocore:Bach,_Carl_Philipp_Emanuel/4_Pieces_for_Anna_Magdalena_Bach,_H.1/1._March_(D_major,_BWV_Anh.122)","pianocore:Bach,_Carl_Philipp_Emanuel/4_Pieces_for_Anna_Magdalena_Bach,_H.1/1._March_(D_major,_BWV_Anh.122)",Aria_533580_0,424,0.9680365296803652,0.39679572020098286,75.0,434
"pianocore:Bach,_Carl_Philipp_Emanuel/4_Pieces_for_Anna_Magdalena_Bach,_H.1/1._March_(D_major,_BWV_Anh.122)",PianoCoRe_003026,Aria_574047_0,Aria-MIDI,Aria-AMT,"Bach,_Carl_Philipp_Emanuel/4_Pieces_for_Anna_Magdalena_Bach,_H.1/1._March_(D_major,_BWV_Anh.122)/score_PDMX_refined.mid",pianocore_Bach__Carl_Philipp_Emanuel_4_Pieces_for_Anna_Magdalena_Bach__H.1_1._March__D_major__BWV_Anh.122___PianoCoRe_003026,real,"pianocore:Bach,_Carl_Philipp_Emanuel/4_Pieces_for_Anna_Magdalena_Bach,_H.1/1._March_(D_major,_BWV_Anh.122)","pianocore:Bach,_Carl_Philipp_Emanuel/4_Pieces_for_Anna_Magdalena_Bach,_H.1/1._March_(D_major,_BWV_Anh.122)",Aria_574047_0,426,0.9726027397260274,0.45245744939112553,65.0,434
"pianocore:Bach,_Carl_Philipp_Emanuel/4_Pieces_for_Anna_Magdalena_Bach,_H.1/1._March_(D_major,_BWV_Anh.122)",PianoCoRe_003029,Aria_605513_0,Aria-MIDI,Aria-AMT,"Bach,_Carl_Philipp_Emanuel/4_Pieces_for_Anna_Magdalena_Bach,_H.1/1._March_(D_major,_BWV_Anh.122)/score_PDMX_refined.mid",pianocore_Bach__Carl_Philipp_Emanuel_4_Pieces_for_Anna_Magdalena_Bach__H.1_1._March__D_major__BWV_Anh.122___PianoCoRe_003029,real,"pianocore:Bach,_Carl_Philipp_Emanuel/4_Pieces_for_Anna_Magdalena_Bach,_H.1/1._March_(D_major,_BWV_Anh.122)","pianocore:Bach,_Carl_Philipp_Emanuel/4_Pieces_for_Anna_Magdalena_Bach,_H.1/1._March_(D_major,_BWV_Anh.122)",Aria_605513_0,429,0.9794520547945206,0.5425884921482077,70.0,434
"pianocore:Bach,_Carl_Philipp_Emanuel/4_Pieces_for_Anna_Magdalena_Bach,_H.1/1._March_(D_major,_BWV_Anh.122)",PianoCoRe_003030,Aria_649088_0,Aria-MIDI,Aria-AMT,"Bach,_Carl_Philipp_Emanuel/4_Pieces_for_Anna_Magdalena_Bach,_H.1/1._March_(D_major,_BWV_Anh.122)/score_PDMX_refined.mid",pianocore_Bach__Carl_Philipp_Emanuel_4_Pieces_for_Anna_Magdalena_Bach__H.1_1._March__D_major__BWV_Anh.122___PianoCoRe_003030,real,"pianocore:Bach,_Carl_Philipp_Emanuel/4_Pieces_for_Anna_Magdalena_Bach,_H.1/1._March_(D_major,_BWV_Anh.122)","pianocore:Bach,_Carl_Philipp_Emanuel/4_Pieces_for_Anna_Magdalena_Bach,_H.1/1._March_(D_major,_BWV_Anh.122)",Aria_649088_0,430,0.9817351598173516,0.40206539138939235,65.0,434
"pianocore:Bach,_Carl_Philipp_Emanuel/4_Pieces_for_Anna_Magdalena_Bach,_H.1/1._March_(D_major,_BWV_Anh.122)",PianoCoRe_003031,Aria_654918_0,Aria-MIDI,Aria-AMT,"Bach,_Carl_Philipp_Emanuel/4_Pieces_for_Anna_Magdalena_Bach,_H.1/1._March_(D_major,_BWV_Anh.122)/score_PDMX_refined.mid",pianocore_Bach__Carl_Philipp_Emanuel_4_Pieces_for_Anna_Magdalena_Bach__H.1_1._March__D_major__BWV_Anh.122___PianoCoRe_003031,real,"pianocore:Bach,_Carl_Philipp_Emanuel/4_Pieces_for_Anna_Magdalena_Bach,_H.1/1._March_(D_major,_BWV_Anh.122)","pianocore:Bach,_Carl_Philipp_Emanuel/4_Pieces_for_Anna_Magdalena_Bach,_H.1/1._March_(D_major,_BWV_Anh.122)",Aria_654918_0,427,0.9748858447488584,0.347617074151617,55.0,434
"pianocore:Bach,_Carl_Philipp_Emanuel/4_Pieces_for_Anna_Magdalena_Bach,_H.1/1._March_(D_major,_BWV_Anh.122)",PianoCoRe_003032,Aria_664290_0,Aria-MIDI,Aria-AMT,"Bach,_Carl_Philipp_Emanuel/4_Pieces_for_Anna_Magdalena_Bach,_H.1/1._March_(D_major,_BWV_Anh.122)/score_PDMX_refined.mid",pianocore_Bach__Carl_Philipp_Emanuel_4_Pieces_for_Anna_Magdalena_Bach__H.1_1._March__D_major__BWV_Anh.122___PianoCoRe_003032,real,"pianocore:Bach,_Carl_Philipp_Emanuel/4_Pieces_for_Anna_Magdalena_Bach,_H.1/1._March_(D_major,_BWV_Anh.122)","pianocore:Bach,_Carl_Philipp_Emanuel/4_Pieces_for_Anna_Magdalena_Bach,_H.1/1._March_(D_major,_BWV_Anh.122)",Aria_664290_0,427,0.9748858447488584,0.3405548002152955,65.0,434
"pianocore:Bach,_Carl_Philipp_Emanuel/4_Pieces_for_Anna_Magdalena_Bach,_H.1/1._March_(D_major,_BWV_Anh.122)",PianoCoRe_003033,Aria_684805_0,Aria-MIDI,Aria-AMT,"Bach,_Carl_Philipp_Emanuel/4_Pieces_for_Anna_Magdalena_Bach,_H.1/1._March_(D_major,_BWV_Anh.122)/score_PDMX_refined.mid",pianocore_Bach__Carl_Philipp_Emanuel_4_Pieces_for_Anna_Magdalena_Bach__H.1_1._March__D_major__BWV_Anh.122___PianoCoRe_003033,real,"pianocore:Bach,_Carl_Philipp_Emanuel/4_Pieces_for_Anna_Magdalena_Bach,_H.1/1._March_(D_major,_BWV_Anh.122)","pianocore:Bach,_Carl_Philipp_Emanuel/4_Pieces_for_Anna_Magdalena_Bach,_H.1/1._March_(D_major,_BWV_Anh.122)",Aria_684805_0,427,0.9748858447488584,0.36208963192096333,55.0,434
"pianocore:Bach,_Carl_Philipp_Emanuel/4_Pieces_for_Anna_Magdalena_Bach,_H.1/1._March_(D_major,_BWV_Anh.122)",PianoCoRe_003035,Aria_721774_0,Aria-MIDI,Aria-AMT,"Bach,_Carl_Philipp_Emanuel/4_Pieces_for_Anna_Magdalena_Bach,_H.1/1._March_(D_major,_BWV_Anh.122)/score_PDMX_refined.mid",pianocore_Bach__Carl_Philipp_Emanuel_4_Pieces_for_Anna_Magdalena_Bach__H.1_1._March__D_major__BWV_Anh.122___PianoCoRe_003035,real,"pianocore:Bach,_Carl_Philipp_Emanuel/4_Pieces_for_Anna_Magdalena_Bach,_H.1/1._March_(D_major,_BWV_Anh.122)","pianocore:Bach,_Carl_Philipp_Emanuel/4_Pieces_for_Anna_Magdalena_Bach,_H.1/1._March_(D_major,_BWV_Anh.122)",Aria_721774_0,430,0.9817351598173516,0.3906575120195837,65.0,434
"pianocore:Bach,_Carl_Philipp_Emanuel/4_Pieces_for_Anna_Magdalena_Bach,_H.1/1._March_(D_major,_BWV_Anh.122)",PianoCoRe_003036,Aria_728213_0,Aria-MIDI,Aria-AMT,"Bach,_Carl_Philipp_Emanuel/4_Pieces_for_Anna_Magdalena_Bach,_H.1/1._March_(D_major,_BWV_Anh.122)/score_PDMX_refined.mid",pianocore_Bach__Carl_Philipp_Emanuel_4_Pieces_for_Anna_Magdalena_Bach__H.1_1._March__D_major__BWV_Anh.122___PianoCoRe_003036,real,"pianocore:Bach,_Carl_Philipp_Emanuel/4_Pieces_for_Anna_Magdalena_Bach,_H.1/1._March_(D_major,_BWV_Anh.122)","pianocore:Bach,_Carl_Philipp_Emanuel/4_Pieces_for_Anna_Magdalena_Bach,_H.1/1._March_(D_major,_BWV_Anh.122)",Aria_728213_0,427,0.9748858447488584,0.36549605305951033,70.0,434
"pianocore:Bach,_Carl_Philipp_Emanuel/4_Pieces_for_Anna_Magdalena_Bach,_H.1/1._March_(D_major,_BWV_Anh.122)",PianoCoRe_003037,Aria_731672_0,Aria-MIDI,Aria-AMT,"Bach,_Carl_Philipp_Emanuel/4_Pieces_for_Anna_Magdalena_Bach,_H.1/1._March_(D_major,_BWV_Anh.122)/score_PDMX_refined.mid",pianocore_Bach__Carl_Philipp_Emanuel_4_Pieces_for_Anna_Magdalena_Bach__H.1_1._March__D_major__BWV_Anh.122___PianoCoRe_003037,real,"pianocore:Bach,_Carl_Philipp_Emanuel/4_Pieces_for_Anna_Magdalena_Bach,_H.1/1._March_(D_major,_BWV_Anh.122)","pianocore:Bach,_Carl_Philipp_Emanuel/4_Pieces_for_Anna_Magdalena_Bach,_H.1/1._March_(D_major,_BWV_Anh.122)",Aria_731672_0,430,0.9817351598173516,0.46146462026993446,70.0,434
"pianocore:Bach,_Carl_Philipp_Emanuel/4_Pieces_for_Anna_Magdalena_Bach,_H.1/1._March_(D_major,_BWV_Anh.122)",PianoCoRe_003038,Aria_757118_0,Aria-MIDI,Aria-AMT,"Bach,_Carl_Philipp_Emanuel/4_Pieces_for_Anna_Magdalena_Bach,_H.1/1._March_(D_major,_BWV_Anh.122)/score_PDMX_refined.mid",pianocore_Bach__Carl_Philipp_Emanuel_4_Pieces_for_Anna_Magdalena_Bach__H.1_1._March__D_major__BWV_Anh.122___PianoCoRe_003038,real,"pianocore:Bach,_Carl_Philipp_Emanuel/4_Pieces_for_Anna_Magdalena_Bach,_H.1/1._March_(D_major,_BWV_Anh.122)","pianocore:Bach,_Carl_Philipp_Emanuel/4_Pieces_for_Anna_Magdalena_Bach,_H.1/1._March_(D_major,_BWV_Anh.122)",Aria_757118_0,432,0.9863013698630136,0.34441234731760306,75.0,434
"pianocore:Bach,_Carl_Philipp_Emanuel/4_Pieces_for_Anna_Magdalena_Bach,_H.1/1._March_(D_major,_BWV_Anh.122)",PianoCoRe_003039,Aria_776551_0,Aria-MIDI,Aria-AMT,"Bach,_Carl_Philipp_Emanuel/4_Pieces_for_Anna_Magdalena_Bach,_H.1/1._March_(D_major,_BWV_Anh.122)/score_PDMX_refined.mid",pianocore_Bach__Carl_Philipp_Emanuel_4_Pieces_for_Anna_Magdalena_Bach__H.1_1._March__D_major__BWV_Anh.122___PianoCoRe_003039,real,"pianocore:Bach,_Carl_Philipp_Emanuel/4_Pieces_for_Anna_Magdalena_Bach,_H.1/1._March_(D_major,_BWV_Anh.122)","pianocore:Bach,_Carl_Philipp_Emanuel/4_Pieces_for_Anna_Magdalena_Bach,_H.1/1._March_(D_major,_BWV_Anh.122)",Aria_776551_0,426,0.9726027397260274,0.46971459884047384,65.0,434
"pianocore:Bach,_Carl_Philipp_Emanuel/4_Pieces_for_Anna_Magdalena_Bach,_H.1/1._March_(D_major,_BWV_Anh.122)",PianoCoRe_003040,Aria_797647_0,Aria-MIDI,Aria-AMT,"Bach,_Carl_Philipp_Emanuel/4_Pieces_for_Anna_Magdalena_Bach,_H.1/1._March_(D_major,_BWV_Anh.122)/score_PDMX_refined.mid",pianocore_Bach__Carl_Philipp_Emanuel_4_Pieces_for_Anna_Magdalena_Bach__H.1_1._March__D_major__BWV_Anh.122___PianoCoRe_003040,real,"pianocore:Bach,_Carl_Philipp_Emanuel/4_Pieces_for_Anna_Magdalena_Bach,_H.1/1._March_(D_major,_BWV_Anh.122)","pianocore:Bach,_Carl_Philipp_Emanuel/4_Pieces_for_Anna_Magdalena_Bach,_H.1/1._March_(D_major,_BWV_Anh.122)",Aria_797647_0,423,0.9657534246575342,0.32073774596674504,85.0,434
"pianocore:Bach,_Carl_Philipp_Emanuel/4_Pieces_for_Anna_Magdalena_Bach,_H.1/1._March_(D_major,_BWV_Anh.122)",PianoCoRe_003041,Aria_852193_0,Aria-MIDI,Aria-AMT,"Bach,_Carl_Philipp_Emanuel/4_Pieces_for_Anna_Magdalena_Bach,_H.1/1._March_(D_major,_BWV_Anh.122)/score_PDMX_refined.mid",pianocore_Bach__Carl_Philipp_Emanuel_4_Pieces_for_Anna_Magdalena_Bach__H.1_1._March__D_major__BWV_Anh.122___PianoCoRe_003041,real,"pianocore:Bach,_Carl_Philipp_Emanuel/4_Pieces_for_Anna_Magdalena_Bach,_H.1/1._March_(D_major,_BWV_Anh.122)","pianocore:Bach,_Carl_Philipp_Emanuel/4_Pieces_for_Anna_Magdalena_Bach,_H.1/1._March_(D_major,_BWV_Anh.122)",Aria_852193_0,431,0.9840182648401826,0.29999910150886194,55.0,434
"pianocore:Bach,_Carl_Philipp_Emanuel/4_Pieces_for_Anna_Magdalena_Bach,_H.1/1._March_(D_major,_BWV_Anh.122)",PianoCoRe_003042,Aria_857429_0,Aria-MIDI,Aria-AMT,"Bach,_Carl_Philipp_Emanuel/4_Pieces_for_Anna_Magdalena_Bach,_H.1/1._March_(D_major,_BWV_Anh.122)/score_PDMX_refined.mid",pianocore_Bach__Carl_Philipp_Emanuel_4_Pieces_for_Anna_Magdalena_Bach__H.1_1._March__D_major__BWV_Anh.122___PianoCoRe_003042,real,"pianocore:Bach,_Carl_Philipp_Emanuel/4_Pieces_for_Anna_Magdalena_Bach,_H.1/1._March_(D_major,_BWV_Anh.122)","pianocore:Bach,_Carl_Philipp_Emanuel/4_Pieces_for_Anna_Magdalena_Bach,_H.1/1._March_(D_major,_BWV_Anh.122)",Aria_857429_0,427,0.9748858447488584,0.47668906298979047,50.0,434
"pianocore:Bach,_Carl_Philipp_Emanuel/4_Pieces_for_Anna_Magdalena_Bach,_H.1/1._March_(D_major,_BWV_Anh.122)",PianoCoRe_003043,Aria_864350_0,Aria-MIDI,Aria-AMT,"Bach,_Carl_Philipp_Emanuel/4_Pieces_for_Anna_Magdalena_Bach,_H.1/1._March_(D_major,_BWV_Anh.122)/score_PDMX_refined.mid",pianocore_Bach__Carl_Philipp_Emanuel_4_Pieces_for_Anna_Magdalena_Bach__H.1_1._March__D_major__BWV_Anh.122___PianoCoRe_003043,real,"pianocore:Bach,_Carl_Philipp_Emanuel/4_Pieces_for_Anna_Magdalena_Bach,_H.1/1._March_(D_major,_BWV_Anh.122)","pianocore:Bach,_Carl_Philipp_Emanuel/4_Pieces_for_Anna_Magdalena_Bach,_H.1/1._March_(D_major,_BWV_Anh.122)",Aria_864350_0,423,0.9657534246575342,0.6356269759941707,65.0,434
"pianocore:Bach,_Carl_Philipp_Emanuel/4_Pieces_for_Anna_Magdalena_Bach,_H.1/1._March_(D_major,_BWV_Anh.122)",PianoCoRe_003044,Aria_879650_0,Aria-MIDI,Aria-AMT,"Bach,_Carl_Philipp_Emanuel/4_Pieces_for_Anna_Magdalena_Bach,_H.1/1._March_(D_major,_BWV_Anh.122)/score_PDMX_refined.mid",pianocore_Bach__Carl_Philipp_Emanuel_4_Pieces_for_Anna_Magdalena_Bach__H.1_1._March__D_major__BWV_Anh.122___PianoCoRe_003044,real,"pianocore:Bach,_Carl_Philipp_Emanuel/4_Pieces_for_Anna_Magdalena_Bach,_H.1/1._March_(D_major,_BWV_Anh.122)","pianocore:Bach,_Carl_Philipp_Emanuel/4_Pieces_for_Anna_Magdalena_Bach,_H.1/1._March_(D_major,_BWV_Anh.122)",Aria_879650_0,430,0.9817351598173516,0.3768340307913468,75.0,434
"pianocore:Bach,_Carl_Philipp_Emanuel/4_Pieces_for_Anna_Magdalena_Bach,_H.1/1._March_(D_major,_BWV_Anh.122)",PianoCoRe_003045,Aria_899852_0,Aria-MIDI,Aria-AMT,"Bach,_Carl_Philipp_Emanuel/4_Pieces_for_Anna_Magdalena_Bach,_H.1/1._March_(D_major,_BWV_Anh.122)/score_PDMX_refined.mid",pianocore_Bach__Carl_Philipp_Emanuel_4_Pieces_for_Anna_Magdalena_Bach__H.1_1._March__D_major__BWV_Anh.122___PianoCoRe_003045,real,"pianocore:Bach,_Carl_Philipp_Emanuel/4_Pieces_for_Anna_Magdalena_Bach,_H.1/1._March_(D_major,_BWV_Anh.122)","pianocore:Bach,_Carl_Philipp_Emanuel/4_Pieces_for_Anna_Magdalena_Bach,_H.1/1._March_(D_major,_BWV_Anh.122)",Aria_899852_0,428,0.9771689497716894,0.42601176723145484,65.0,434
"pianocore:Bach,_Carl_Philipp_Emanuel/4_Pieces_for_Anna_Magdalena_Bach,_H.1/3._March_(G_major,_BWV_Anh.124)",PianoCoRe_003047,Aria_054883_0,Aria-MIDI,Aria-AMT,"Bach,_Carl_Philipp_Emanuel/4_Pieces_for_Anna_Magdalena_Bach,_H.1/3._March_(G_major,_BWV_Anh.124)/score_PDMX_refined.mid",pianocore_Bach__Carl_Philipp_Emanuel_4_Pieces_for_Anna_Magdalena_Bach__H.1_3._March__G_major__BWV_Anh.124___PianoCoRe_003047,real,"pianocore:Bach,_Carl_Philipp_Emanuel/4_Pieces_for_Anna_Magdalena_Bach,_H.1/3._March_(G_major,_BWV_Anh.124)","pianocore:Bach,_Carl_Philipp_Emanuel/4_Pieces_for_Anna_Magdalena_Bach,_H.1/3._March_(G_major,_BWV_Anh.124)",Aria_054883_0,492,0.984,0.5060301126959099,80.0,500
"pianocore:Bach,_Carl_Philipp_Emanuel/4_Pieces_for_Anna_Magdalena_Bach,_H.1/3._March_(G_major,_BWV_Anh.124)",PianoCoRe_003048,Aria_066572_0,Aria-MIDI,Aria-AMT,"Bach,_Carl_Philipp_Emanuel/4_Pieces_for_Anna_Magdalena_Bach,_H.1/3._March_(G_major,_BWV_Anh.124)/score_PDMX_refined.mid",pianocore_Bach__Carl_Philipp_Emanuel_4_Pieces_for_Anna_Magdalena_Bach__H.1_3._March__G_major__BWV_Anh.124___PianoCoRe_003048,real,"pianocore:Bach,_Carl_Philipp_Emanuel/4_Pieces_for_Anna_Magdalena_Bach,_H.1/3._March_(G_major,_BWV_Anh.124)","pianocore:Bach,_Carl_Philipp_Emanuel/4_Pieces_for_Anna_Magdalena_Bach,_H.1/3._March_(G_major,_BWV_Anh.124)",Aria_066572_0,494,0.988,0.44383878209959304,75.0,500
"pianocore:Bach,_Carl_Philipp_Emanuel/4_Pieces_for_Anna_Magdalena_Bach,_H.1/3._March_(G_major,_BWV_Anh.124)",PianoCoRe_003049,Aria_082714_0,Aria-MIDI,Aria-AMT,"Bach,_Carl_Philipp_Emanuel/4_Pieces_for_Anna_Magdalena_Bach,_H.1/3._March_(G_major,_BWV_Anh.124)/score_PDMX_refined.mid",pianocore_Bach__Carl_Philipp_Emanuel_4_Pieces_for_Anna_Magdalena_Bach__H.1_3._March__G_major__BWV_Anh.124___PianoCoRe_003049,real,"pianocore:Bach,_Carl_Philipp_Emanuel/4_Pieces_for_Anna_Magdalena_Bach,_H.1/3._March_(G_major,_BWV_Anh.124)","pianocore:Bach,_Carl_Philipp_Emanuel/4_Pieces_for_Anna_Magdalena_Bach,_H.1/3._March_(G_major,_BWV_Anh.124)",Aria_082714_0,500,1.0,1.0343051394573093,65.0,500
"pianocore:Bach,_Carl_Philipp_Emanuel/4_Pieces_for_Anna_Magdalena_Bach,_H.1/3._March_(G_major,_BWV_Anh.124)",PianoCoRe_003050,Aria_196242_0,Aria-MIDI,Aria-AMT,"Bach,_Carl_Philipp_Emanuel/4_Pieces_for_Anna_Magdalena_Bach,_H.1/3._March_(G_major,_BWV_Anh.124)/score_PDMX_refined.mid",pianocore_Bach__Carl_Philipp_Emanuel_4_Pieces_for_Anna_Magdalena_Bach__H.1_3._March__G_major__BWV_Anh.124___PianoCoRe_003050,real,"pianocore:Bach,_Carl_Philipp_Emanuel/4_Pieces_for_Anna_Magdalena_Bach,_H.1/3._March_(G_major,_BWV_Anh.124)","pianocore:Bach,_Carl_Philipp_Emanuel/4_Pieces_for_Anna_Magdalena_Bach,_H.1/3._March_(G_major,_BWV_Anh.124)",Aria_196242_0,500,1.0,0.480126288535136,65.0,500
"pianocore:Bach,_Carl_Philipp_Emanuel/4_Pieces_for_Anna_Magdalena_Bach,_H.1/3._March_(G_major,_BWV_Anh.124)",PianoCoRe_003051,Aria_198180_0,Aria-MIDI,Aria-AMT,"Bach,_Carl_Philipp_Emanuel/4_Pieces_for_Anna_Magdalena_Bach,_H.1/3._March_(G_major,_BWV_Anh.124)/score_PDMX_refined.mid",pianocore_Bach__Carl_Philipp_Emanuel_4_Pieces_for_Anna_Magdalena_Bach__H.1_3._March__G_major__BWV_Anh.124___PianoCoRe_003051,real,"pianocore:Bach,_Carl_Philipp_Emanuel/4_Pieces_for_Anna_Magdalena_Bach,_H.1/3._March_(G_major,_BWV_Anh.124)","pianocore:Bach,_Carl_Philipp_Emanuel/4_Pieces_for_Anna_Magdalena_Bach,_H.1/3._March_(G_major,_BWV_Anh.124)",Aria_198180_0,494,0.988,0.560485195975321,65.0,500
"pianocore:Bach,_Carl_Philipp_Emanuel/4_Pieces_for_Anna_Magdalena_Bach,_H.1/3._March_(G_major,_BWV_Anh.124)",PianoCoRe_003053,Aria_249678_0,Aria-MIDI,Aria-AMT,"Bach,_Carl_Philipp_Emanuel/4_Pieces_for_Anna_Magdalena_Bach,_H.1/3._March_(G_major,_BWV_Anh.124)/score_PDMX_refined.mid",pianocore_Bach__Carl_Philipp_Emanuel_4_Pieces_for_Anna_Magdalena_Bach__H.1_3._March__G_major__BWV_Anh.124___PianoCoRe_003053,real,"pianocore:Bach,_Carl_Philipp_Emanuel/4_Pieces_for_Anna_Magdalena_Bach,_H.1/3._March_(G_major,_BWV_Anh.124)","pianocore:Bach,_Carl_Philipp_Emanuel/4_Pieces_for_Anna_Magdalena_Bach,_H.1/3._March_(G_major,_BWV_Anh.124)",Aria_249678_0,492,0.984,0.5454736026436927,65.0,500
"pianocore:Bach,_Carl_Philipp_Emanuel/4_Pieces_for_Anna_Magdalena_Bach,_H.1/3._March_(G_major,_BWV_Anh.124)",PianoCoRe_003054,Aria_255127_0,Aria-MIDI,Aria-AMT,"Bach,_Carl_Philipp_Emanuel/4_Pieces_for_Anna_Magdalena_Bach,_H.1/3._March_(G_major,_BWV_Anh.124)/score_PDMX_refined.mid",pianocore_Bach__Carl_Philipp_Emanuel_4_Pieces_for_Anna_Magdalena_Bach__H.1_3._March__G_major__BWV_Anh.124___PianoCoRe_003054,real,"pianocore:Bach,_Carl_Philipp_Emanuel/4_Pieces_for_Anna_Magdalena_Bach,_H.1/3._March_(G_major,_BWV_Anh.124)","pianocore:Bach,_Carl_Philipp_Emanuel/4_Pieces_for_Anna_Magdalena_Bach,_H.1/3._March_(G_major,_BWV_Anh.124)",Aria_255127_0,496,0.992,0.44903378259769416,75.0,500
"pianocore:Bach,_Carl_Philipp_Emanuel/4_Pieces_for_Anna_Magdalena_Bach,_H.1/3._March_(G_major,_BWV_Anh.124)",PianoCoRe_003056,Aria_366951_0,Aria-MIDI,Aria-AMT,"Bach,_Carl_Philipp_Emanuel/4_Pieces_for_Anna_Magdalena_Bach,_H.1/3._March_(G_major,_BWV_Anh.124)/score_PDMX_refined.mid",pianocore_Bach__Carl_Philipp_Emanuel_4_Pieces_for_Anna_Magdalena_Bach__H.1_3._March__G_major__BWV_Anh.124___PianoCoRe_003056,real,"pianocore:Bach,_Carl_Philipp_Emanuel/4_Pieces_for_Anna_Magdalena_Bach,_H.1/3._March_(G_major,_BWV_Anh.124)","pianocore:Bach,_Carl_Philipp_Emanuel/4_Pieces_for_Anna_Magdalena_Bach,_H.1/3._March_(G_major,_BWV_Anh.124)",Aria_366951_0,500,1.0,0.4139256058197272,75.0,500
"pianocore:Bach,_Carl_Philipp_Emanuel/4_Pieces_for_Anna_Magdalena_Bach,_H.1/3._March_(G_major,_BWV_Anh.124)",PianoCoRe_003057,Aria_401923_0,Aria-MIDI,Aria-AMT,"Bach,_Carl_Philipp_Emanuel/4_Pieces_for_Anna_Magdalena_Bach,_H.1/3._March_(G_major,_BWV_Anh.124)/score_PDMX_refined.mid",pianocore_Bach__Carl_Philipp_Emanuel_4_Pieces_for_Anna_Magdalena_Bach__H.1_3._March__G_major__BWV_Anh.124___PianoCoRe_003057,real,"pianocore:Bach,_Carl_Philipp_Emanuel/4_Pieces_for_Anna_Magdalena_Bach,_H.1/3._March_(G_major,_BWV_Anh.124)","pianocore:Bach,_Carl_Philipp_Emanuel/4_Pieces_for_Anna_Magdalena_Bach,_H.1/3._March_(G_major,_BWV_Anh.124)",Aria_401923_0,483,0.966,0.48249571028995686,60.0,500
"pianocore:Bach,_Carl_Philipp_Emanuel/4_Pieces_for_Anna_Magdalena_Bach,_H.1/3._March_(G_major,_BWV_Anh.124)",PianoCoRe_003058,Aria_417807_0,Aria-MIDI,Aria-AMT,"Bach,_Carl_Philipp_Emanuel/4_Pieces_for_Anna_Magdalena_Bach,_H.1/3._March_(G_major,_BWV_Anh.124)/score_PDMX_refined.mid",pianocore_Bach__Carl_Philipp_Emanuel_4_Pieces_for_Anna_Magdalena_Bach__H.1_3._March__G_major__BWV_Anh.124___PianoCoRe_003058,real,"pianocore:Bach,_Carl_Philipp_Emanuel/4_Pieces_for_Anna_Magdalena_Bach,_H.1/3._March_(G_major,_BWV_Anh.124)","pianocore:Bach,_Carl_Philipp_Emanuel/4_Pieces_for_Anna_Magdalena_Bach,_H.1/3._March_(G_major,_BWV_Anh.124)",Aria_417807_0,499,0.998,0.4164200665957005,65.0,500
"pianocore:Bach,_Carl_Philipp_Emanuel/4_Pieces_for_Anna_Magdalena_Bach,_H.1/3._March_(G_major,_BWV_Anh.124)",PianoCoRe_003059,Aria_471552_0,Aria-MIDI,Aria-AMT,"Bach,_Carl_Philipp_Emanuel/4_Pieces_for_Anna_Magdalena_Bach,_H.1/3._March_(G_major,_BWV_Anh.124)/score_PDMX_refined.mid",pianocore_Bach__Carl_Philipp_Emanuel_4_Pieces_for_Anna_Magdalena_Bach__H.1_3._March__G_major__BWV_Anh.124___PianoCoRe_003059,real,"pianocore:Bach,_Carl_Philipp_Emanuel/4_Pieces_for_Anna_Magdalena_Bach,_H.1/3._March_(G_major,_BWV_Anh.124)","pianocore:Bach,_Carl_Philipp_Emanuel/4_Pieces_for_Anna_Magdalena_Bach,_H.1/3._March_(G_major,_BWV_Anh.124)",Aria_471552_0,491,0.982,0.5057093273819032,65.0,500
"pianocore:Bach,_Carl_Philipp_Emanuel/4_Pieces_for_Anna_Magdalena_Bach,_H.1/3._March_(G_major,_BWV_Anh.124)",PianoCoRe_003061,Aria_593941_0,Aria-MIDI,Aria-AMT,"Bach,_Carl_Philipp_Emanuel/4_Pieces_for_Anna_Magdalena_Bach,_H.1/3._March_(G_major,_BWV_Anh.124)/score_PDMX_refined.mid",pianocore_Bach__Carl_Philipp_Emanuel_4_Pieces_for_Anna_Magdalena_Bach__H.1_3._March__G_major__BWV_Anh.124___PianoCoRe_003061,real,"pianocore:Bach,_Carl_Philipp_Emanuel/4_Pieces_for_Anna_Magdalena_Bach,_H.1/3._March_(G_major,_BWV_Anh.124)","pianocore:Bach,_Carl_Philipp_Emanuel/4_Pieces_for_Anna_Magdalena_Bach,_H.1/3._March_(G_major,_BWV_Anh.124)",Aria_593941_0,500,1.0,0.5006776135599709,65.0,500
"pianocore:Bach,_Carl_Philipp_Emanuel/4_Pieces_for_Anna_Magdalena_Bach,_H.1/3._March_(G_major,_BWV_Anh.124)",PianoCoRe_003062,Aria_634675_0,Aria-MIDI,Aria-AMT,"Bach,_Carl_Philipp_Emanuel/4_Pieces_for_Anna_Magdalena_Bach,_H.1/3._March_(G_major,_BWV_Anh.124)/score_PDMX_refined.mid",pianocore_Bach__Carl_Philipp_Emanuel_4_Pieces_for_Anna_Magdalena_Bach__H.1_3._March__G_major__BWV_Anh.124___PianoCoRe_003062,real,"pianocore:Bach,_Carl_Philipp_Emanuel/4_Pieces_for_Anna_Magdalena_Bach,_H.1/3._March_(G_major,_BWV_Anh.124)","pianocore:Bach,_Carl_Philipp_Emanuel/4_Pieces_for_Anna_Magdalena_Bach,_H.1/3._March_(G_major,_BWV_Anh.124)",Aria_634675_0,498,0.996,0.44806126477376174,70.0,500
"pianocore:Bach,_Carl_Philipp_Emanuel/4_Pieces_for_Anna_Magdalena_Bach,_H.1/3._March_(G_major,_BWV_Anh.124)",PianoCoRe_003063,Aria_650938_0,Aria-MIDI,Aria-AMT,"Bach,_Carl_Philipp_Emanuel/4_Pieces_for_Anna_Magdalena_Bach,_H.1/3._March_(G_major,_BWV_Anh.124)/score_PDMX_refined.mid",pianocore_Bach__Carl_Philipp_Emanuel_4_Pieces_for_Anna_Magdalena_Bach__H.1_3._March__G_major__BWV_Anh.124___PianoCoRe_003063,real,"pianocore:Bach,_Carl_Philipp_Emanuel/4_Pieces_for_Anna_Magdalena_Bach,_H.1/3._March_(G_major,_BWV_Anh.124)","pianocore:Bach,_Carl_Philipp_Emanuel/4_Pieces_for_Anna_Magdalena_Bach,_H.1/3._March_(G_major,_BWV_Anh.124)",Aria_650938_0,498,0.996,0.47385047897818344,70.0,500
"pianocore:Bach,_Carl_Philipp_Emanuel/4_Pieces_for_Anna_Magdalena_Bach,_H.1/3._March_(G_major,_BWV_Anh.124)",PianoCoRe_003064,Aria_653597_0,Aria-MIDI,Aria-AMT,"Bach,_Carl_Philipp_Emanuel/4_Pieces_for_Anna_Magdalena_Bach,_H.1/3._March_(G_major,_BWV_Anh.124)/score_PDMX_refined.mid",pianocore_Bach__Carl_Philipp_Emanuel_4_Pieces_for_Anna_Magdalena_Bach__H.1_3._March__G_major__BWV_Anh.124___PianoCoRe_003064,real,"pianocore:Bach,_Carl_Philipp_Emanuel/4_Pieces_for_Anna_Magdalena_Bach,_H.1/3._March_(G_major,_BWV_Anh.124)","pianocore:Bach,_Carl_Philipp_Emanuel/4_Pieces_for_Anna_Magdalena_Bach,_H.1/3._March_(G_major,_BWV_Anh.124)",Aria_653597_0,496,0.992,0.41128034295421195,80.0,500
"pianocore:Bach,_Carl_Philipp_Emanuel/4_Pieces_for_Anna_Magdalena_Bach,_H.1/3._March_(G_major,_BWV_Anh.124)",PianoCoRe_003066,Aria_675361_0,Aria-MIDI,Aria-AMT,"Bach,_Carl_Philipp_Emanuel/4_Pieces_for_Anna_Magdalena_Bach,_H.1/3._March_(G_major,_BWV_Anh.124)/score_PDMX_refined.mid",pianocore_Bach__Carl_Philipp_Emanuel_4_Pieces_for_Anna_Magdalena_Bach__H.1_3._March__G_major__BWV_Anh.124___PianoCoRe_003066,real,"pianocore:Bach,_Carl_Philipp_Emanuel/4_Pieces_for_Anna_Magdalena_Bach,_H.1/3._March_(G_major,_BWV_Anh.124)","pianocore:Bach,_Carl_Philipp_Emanuel/4_Pieces_for_Anna_Magdalena_Bach,_H.1/3._March_(G_major,_BWV_Anh.124)",Aria_675361_0,496,0.992,0.4653507269110511,80.0,500
"pianocore:Bach,_Carl_Philipp_Emanuel/4_Pieces_for_Anna_Magdalena_Bach,_H.1/3._March_(G_major,_BWV_Anh.124)",PianoCoRe_003067,Aria_687344_0,Aria-MIDI,Aria-AMT,"Bach,_Carl_Philipp_Emanuel/4_Pieces_for_Anna_Magdalena_Bach,_H.1/3._March_(G_major,_BWV_Anh.124)/score_PDMX_refined.mid",pianocore_Bach__Carl_Philipp_Emanuel_4_Pieces_for_Anna_Magdalena_Bach__H.1_3._March__G_major__BWV_Anh.124___PianoCoRe_003067,real,"pianocore:Bach,_Carl_Philipp_Emanuel/4_Pieces_for_Anna_Magdalena_Bach,_H.1/3._March_(G_major,_BWV_Anh.124)","pianocore:Bach,_Carl_Philipp_Emanuel/4_Pieces_for_Anna_Magdalena_Bach,_H.1/3._March_(G_major,_BWV_Anh.124)",Aria_687344_0,494,0.988,0.5945143257640911,80.0,500
"pianocore:Bach,_Carl_Philipp_Emanuel/4_Pieces_for_Anna_Magdalena_Bach,_H.1/3._March_(G_major,_BWV_Anh.124)",PianoCoRe_003068,Aria_727387_0,Aria-MIDI,Aria-AMT,"Bach,_Carl_Philipp_Emanuel/4_Pieces_for_Anna_Magdalena_Bach,_H.1/3._March_(G_major,_BWV_Anh.124)/score_PDMX_refined.mid",pianocore_Bach__Carl_Philipp_Emanuel_4_Pieces_for_Anna_Magdalena_Bach__H.1_3._March__G_major__BWV_Anh.124___PianoCoRe_003068,real,"pianocore:Bach,_Carl_Philipp_Emanuel/4_Pieces_for_Anna_Magdalena_Bach,_H.1/3._March_(G_major,_BWV_Anh.124)","pianocore:Bach,_Carl_Philipp_Emanuel/4_Pieces_for_Anna_Magdalena_Bach,_H.1/3._March_(G_major,_BWV_Anh.124)",Aria_727387_0,496,0.992,0.4785374709656501,80.0,500
"pianocore:Bach,_Carl_Philipp_Emanuel/4_Pieces_for_Anna_Magdalena_Bach,_H.1/3._March_(G_major,_BWV_Anh.124)",PianoCoRe_003069,Aria_743832_0,Aria-MIDI,Aria-AMT,"Bach,_Carl_Philipp_Emanuel/4_Pieces_for_Anna_Magdalena_Bach,_H.1/3._March_(G_major,_BWV_Anh.124)/score_PDMX_refined.mid",pianocore_Bach__Carl_Philipp_Emanuel_4_Pieces_for_Anna_Magdalena_Bach__H.1_3._March__G_major__BWV_Anh.124___PianoCoRe_003069,real,"pianocore:Bach,_Carl_Philipp_Emanuel/4_Pieces_for_Anna_Magdalena_Bach,_H.1/3._March_(G_major,_BWV_Anh.124)","pianocore:Bach,_Carl_Philipp_Emanuel/4_Pieces_for_Anna_Magdalena_Bach,_H.1/3._March_(G_major,_BWV_Anh.124)",Aria_743832_0,494,0.988,0.45407256231046755,70.0,500
"pianocore:Bach,_Carl_Philipp_Emanuel/4_Pieces_for_Anna_Magdalena_Bach,_H.1/3._March_(G_major,_BWV_Anh.124)",PianoCoRe_003071,Aria_795081_0,Aria-MIDI,Aria-AMT,"Bach,_Carl_Philipp_Emanuel/4_Pieces_for_Anna_Magdalena_Bach,_H.1/3._March_(G_major,_BWV_Anh.124)/score_PDMX_refined.mid",pianocore_Bach__Carl_Philipp_Emanuel_4_Pieces_for_Anna_Magdalena_Bach__H.1_3._March__G_major__BWV_Anh.124___PianoCoRe_003071,real,"pianocore:Bach,_Carl_Philipp_Emanuel/4_Pieces_for_Anna_Magdalena_Bach,_H.1/3._March_(G_major,_BWV_Anh.124)","pianocore:Bach,_Carl_Philipp_Emanuel/4_Pieces_for_Anna_Magdalena_Bach,_H.1/3._March_(G_major,_BWV_Anh.124)",Aria_795081_0,496,0.992,0.43558241652803265,80.0,500
"pianocore:Bach,_Carl_Philipp_Emanuel/4_Pieces_for_Anna_Magdalena_Bach,_H.1/3._March_(G_major,_BWV_Anh.124)",PianoCoRe_003072,Aria_799140_0,Aria-MIDI,Aria-AMT,"Bach,_Carl_Philipp_Emanuel/4_Pieces_for_Anna_Magdalena_Bach,_H.1/3._March_(G_major,_BWV_Anh.124)/score_PDMX_refined.mid",pianocore_Bach__Carl_Philipp_Emanuel_4_Pieces_for_Anna_Magdalena_Bach__H.1_3._March__G_major__BWV_Anh.124___PianoCoRe_003072,real,"pianocore:Bach,_Carl_Philipp_Emanuel/4_Pieces_for_Anna_Magdalena_Bach,_H.1/3._March_(G_major,_BWV_Anh.124)","pianocore:Bach,_Carl_Philipp_Emanuel/4_Pieces_for_Anna_Magdalena_Bach,_H.1/3._March_(G_major,_BWV_Anh.124)",Aria_799140_0,481,0.962,0.5756205378374146,75.0,500
"pianocore:Bach,_Carl_Philipp_Emanuel/4_Pieces_for_Anna_Magdalena_Bach,_H.1/3._March_(G_major,_BWV_Anh.124)",PianoCoRe_003073,Aria_816496_0,Aria-MIDI,Aria-AMT,"Bach,_Carl_Philipp_Emanuel/4_Pieces_for_Anna_Magdalena_Bach,_H.1/3._March_(G_major,_BWV_Anh.124)/score_PDMX_refined.mid",pianocore_Bach__Carl_Philipp_Emanuel_4_Pieces_for_Anna_Magdalena_Bach__H.1_3._March__G_major__BWV_Anh.124___PianoCoRe_003073,real,"pianocore:Bach,_Carl_Philipp_Emanuel/4_Pieces_for_Anna_Magdalena_Bach,_H.1/3._March_(G_major,_BWV_Anh.124)","pianocore:Bach,_Carl_Philipp_Emanuel/4_Pieces_for_Anna_Magdalena_Bach,_H.1/3._March_(G_major,_BWV_Anh.124)",Aria_816496_0,500,1.0,0.4613887054107333,60.0,500
"pianocore:Bach,_Carl_Philipp_Emanuel/4_Pieces_for_Anna_Magdalena_Bach,_H.1/3._March_(G_major,_BWV_Anh.124)",PianoCoRe_003076,Aria_890211_0,Aria-MIDI,Aria-AMT,"Bach,_Carl_Philipp_Emanuel/4_Pieces_for_Anna_Magdalena_Bach,_H.1/3._March_(G_major,_BWV_Anh.124)/score_PDMX_refined.mid",pianocore_Bach__Carl_Philipp_Emanuel_4_Pieces_for_Anna_Magdalena_Bach__H.1_3._March__G_major__BWV_Anh.124___PianoCoRe_003076,real,"pianocore:Bach,_Carl_Philipp_Emanuel/4_Pieces_for_Anna_Magdalena_Bach,_H.1/3._March_(G_major,_BWV_Anh.124)","pianocore:Bach,_Carl_Philipp_Emanuel/4_Pieces_for_Anna_Magdalena_Bach,_H.1/3._March_(G_major,_BWV_Anh.124)",Aria_890211_0,499,0.998,0.4394603316680638,75.0,500
"pianocore:Bach,_Carl_Philipp_Emanuel/4_Pieces_for_Anna_Magdalena_Bach,_H.1/3._March_(G_major,_BWV_Anh.124)",PianoCoRe_003077,Aria_902596_0,Aria-MIDI,Aria-AMT,"Bach,_Carl_Philipp_Emanuel/4_Pieces_for_Anna_Magdalena_Bach,_H.1/3._March_(G_major,_BWV_Anh.124)/score_PDMX_refined.mid",pianocore_Bach__Carl_Philipp_Emanuel_4_Pieces_for_Anna_Magdalena_Bach__H.1_3._March__G_major__BWV_Anh.124___PianoCoRe_003077,real,"pianocore:Bach,_Carl_Philipp_Emanuel/4_Pieces_for_Anna_Magdalena_Bach,_H.1/3._March_(G_major,_BWV_Anh.124)","pianocore:Bach,_Carl_Philipp_Emanuel/4_Pieces_for_Anna_Magdalena_Bach,_H.1/3._March_(G_major,_BWV_Anh.124)",Aria_902596_0,497,0.994,0.7268268300648056,65.0,500
"pianocore:Bach,_Carl_Philipp_Emanuel/4_Pieces_for_Anna_Magdalena_Bach,_H.1/3._March_(G_major,_BWV_Anh.124)",PianoCoRe_003078,Aria_918877_0,Aria-MIDI,Aria-AMT,"Bach,_Carl_Philipp_Emanuel/4_Pieces_for_Anna_Magdalena_Bach,_H.1/3._March_(G_major,_BWV_Anh.124)/score_PDMX_refined.mid",pianocore_Bach__Carl_Philipp_Emanuel_4_Pieces_for_Anna_Magdalena_Bach__H.1_3._March__G_major__BWV_Anh.124___PianoCoRe_003078,real,"pianocore:Bach,_Carl_Philipp_Emanuel/4_Pieces_for_Anna_Magdalena_Bach,_H.1/3._March_(G_major,_BWV_Anh.124)","pianocore:Bach,_Carl_Philipp_Emanuel/4_Pieces_for_Anna_Magdalena_Bach,_H.1/3._March_(G_major,_BWV_Anh.124)",Aria_918877_0,493,0.986,0.6349243526863156,65.0,500
"pianocore:Bach,_Carl_Philipp_Emanuel/4_Pieces_for_Anna_Magdalena_Bach,_H.1/3._March_(G_major,_BWV_Anh.124)",PianoCoRe_003079,Aria_921499_0,Aria-MIDI,Aria-AMT,"Bach,_Carl_Philipp_Emanuel/4_Pieces_for_Anna_Magdalena_Bach,_H.1/3._March_(G_major,_BWV_Anh.124)/score_PDMX_refined.mid",pianocore_Bach__Carl_Philipp_Emanuel_4_Pieces_for_Anna_Magdalena_Bach__H.1_3._March__G_major__BWV_Anh.124___PianoCoRe_003079,real,"pianocore:Bach,_Carl_Philipp_Emanuel/4_Pieces_for_Anna_Magdalena_Bach,_H.1/3._March_(G_major,_BWV_Anh.124)","pianocore:Bach,_Carl_Philipp_Emanuel/4_Pieces_for_Anna_Magdalena_Bach,_H.1/3._March_(G_major,_BWV_Anh.124)",Aria_921499_0,496,0.992,0.6453602908577811,70.0,500
"pianocore:Bach,_Carl_Philipp_Emanuel/Keyboard_Sonata_in_B_minor,_H.245",PianoCoRe_003179,Aria_021128_0,Aria-MIDI,Aria-AMT,"Bach,_Carl_Philipp_Emanuel/Keyboard_Sonata_in_B_minor,_H.245/score_PDMX_refined.mid",pianocore_Bach__Carl_Philipp_Emanuel_Keyboard_Sonata_in_B_minor__H.245__PianoCoRe_003179,real,"pianocore:Bach,_Carl_Philipp_Emanuel/Keyboard_Sonata_in_B_minor,_H.245","pianocore:Bach,_Carl_Philipp_Emanuel/Keyboard_Sonata_in_B_minor,_H.245",Aria_021128_0,703,0.9577656675749319,0.6846365412368229,65.0,727
"pianocore:Bach,_Carl_Philipp_Emanuel/Keyboard_Sonata_in_B_minor,_H.245",PianoCoRe_003180,Aria_163076_0,Aria-MIDI,Aria-AMT,"Bach,_Carl_Philipp_Emanuel/Keyboard_Sonata_in_B_minor,_H.245/score_PDMX_refined.mid",pianocore_Bach__Carl_Philipp_Emanuel_Keyboard_Sonata_in_B_minor__H.245__PianoCoRe_003180,real,"pianocore:Bach,_Carl_Philipp_Emanuel/Keyboard_Sonata_in_B_minor,_H.245","pianocore:Bach,_Carl_Philipp_Emanuel/Keyboard_Sonata_in_B_minor,_H.245",Aria_163076_0,589,0.8024523160762943,0.7639326497210042,35.0,727
"pianocore:Bach,_Carl_Philipp_Emanuel/Keyboard_Sonata_in_B_minor,_H.245",PianoCoRe_003182,Aria_248764_0,Aria-MIDI,Aria-AMT,"Bach,_Carl_Philipp_Emanuel/Keyboard_Sonata_in_B_minor,_H.245/score_PDMX_refined.mid",pianocore_Bach__Carl_Philipp_Emanuel_Keyboard_Sonata_in_B_minor__H.245__PianoCoRe_003182,real,"pianocore:Bach,_Carl_Philipp_Emanuel/Keyboard_Sonata_in_B_minor,_H.245","pianocore:Bach,_Carl_Philipp_Emanuel/Keyboard_Sonata_in_B_minor,_H.245",Aria_248764_0,708,0.9645776566757494,0.6461785337016401,70.0,727
"pianocore:Bach,_Carl_Philipp_Emanuel/Keyboard_Sonata_in_B_minor,_H.245",PianoCoRe_003184,Aria_303765_0,Aria-MIDI,Aria-AMT,"Bach,_Carl_Philipp_Emanuel/Keyboard_Sonata_in_B_minor,_H.245/score_PDMX_refined.mid",pianocore_Bach__Carl_Philipp_Emanuel_Keyboard_Sonata_in_B_minor__H.245__PianoCoRe_003184,real,"pianocore:Bach,_Carl_Philipp_Emanuel/Keyboard_Sonata_in_B_minor,_H.245","pianocore:Bach,_Carl_Philipp_Emanuel/Keyboard_Sonata_in_B_minor,_H.245",Aria_303765_0,693,0.944141689373297,0.805804570527277,65.0,727
"pianocore:Bach,_Carl_Philipp_Emanuel/Keyboard_Sonata_in_B_minor,_H.245",PianoCoRe_003185,Aria_338280_0,Aria-MIDI,Aria-AMT,"Bach,_Carl_Philipp_Emanuel/Keyboard_Sonata_in_B_minor,_H.245/score_PDMX_refined.mid",pianocore_Bach__Carl_Philipp_Emanuel_Keyboard_Sonata_in_B_minor__H.245__PianoCoRe_003185,real,"pianocore:Bach,_Carl_Philipp_Emanuel/Keyboard_Sonata_in_B_minor,_H.245","pianocore:Bach,_Carl_Philipp_Emanuel/Keyboard_Sonata_in_B_minor,_H.245",Aria_338280_0,690,0.9400544959128065,0.8173101717843094,65.0,727
"pianocore:Bach,_Carl_Philipp_Emanuel/Keyboard_Sonata_in_B_minor,_H.245",PianoCoRe_003186,Aria_386321_0,Aria-MIDI,Aria-AMT,"Bach,_Carl_Philipp_Emanuel/Keyboard_Sonata_in_B_minor,_H.245/score_PDMX_refined.mid",pianocore_Bach__Carl_Philipp_Emanuel_Keyboard_Sonata_in_B_minor__H.245__PianoCoRe_003186,real,"pianocore:Bach,_Carl_Philipp_Emanuel/Keyboard_Sonata_in_B_minor,_H.245","pianocore:Bach,_Carl_Philipp_Emanuel/Keyboard_Sonata_in_B_minor,_H.245",Aria_386321_0,706,0.9618528610354223,0.9317270241882205,55.0,727
"pianocore:Bach,_Carl_Philipp_Emanuel/Keyboard_Sonata_in_B_minor,_H.245",PianoCoRe_003187,Aria_405985_0,Aria-MIDI,Aria-AMT,"Bach,_Carl_Philipp_Emanuel/Keyboard_Sonata_in_B_minor,_H.245/score_PDMX_refined.mid",pianocore_Bach__Carl_Philipp_Emanuel_Keyboard_Sonata_in_B_minor__H.245__PianoCoRe_003187,real,"pianocore:Bach,_Carl_Philipp_Emanuel/Keyboard_Sonata_in_B_minor,_H.245","pianocore:Bach,_Carl_Philipp_Emanuel/Keyboard_Sonata_in_B_minor,_H.245",Aria_405985_0,705,0.9604904632152589,0.6582475731998468,65.0,727
"pianocore:Bach,_Carl_Philipp_Emanuel/Keyboard_Sonata_in_B_minor,_H.245",PianoCoRe_003188,Aria_466073_0,Aria-MIDI,Aria-AMT,"Bach,_Carl_Philipp_Emanuel/Keyboard_Sonata_in_B_minor,_H.245/score_PDMX_refined.mid",pianocore_Bach__Carl_Philipp_Emanuel_Keyboard_Sonata_in_B_minor__H.245__PianoCoRe_003188,real,"pianocore:Bach,_Carl_Philipp_Emanuel/Keyboard_Sonata_in_B_minor,_H.245","pianocore:Bach,_Carl_Philipp_Emanuel/Keyboard_Sonata_in_B_minor,_H.245",Aria_466073_0,595,0.8106267029972752,0.7022868568369945,55.0,727
"pianocore:Bach,_Carl_Philipp_Emanuel/Keyboard_Sonata_in_B_minor,_H.245",PianoCoRe_003189,Aria_511451_0,Aria-MIDI,Aria-AMT,"Bach,_Carl_Philipp_Emanuel/Keyboard_Sonata_in_B_minor,_H.245/score_PDMX_refined.mid",pianocore_Bach__Carl_Philipp_Emanuel_Keyboard_Sonata_in_B_minor__H.245__PianoCoRe_003189,real,"pianocore:Bach,_Carl_Philipp_Emanuel/Keyboard_Sonata_in_B_minor,_H.245","pianocore:Bach,_Carl_Philipp_Emanuel/Keyboard_Sonata_in_B_minor,_H.245",Aria_511451_0,597,0.8133514986376021,0.7013595606258012,60.0,727
"pianocore:Bach,_Carl_Philipp_Emanuel/Keyboard_Sonata_in_B_minor,_H.245",PianoCoRe_003190,Aria_580378_0,Aria-MIDI,Aria-AMT,"Bach,_Carl_Philipp_Emanuel/Keyboard_Sonata_in_B_minor,_H.245/score_PDMX_refined.mid",pianocore_Bach__Carl_Philipp_Emanuel_Keyboard_Sonata_in_B_minor__H.245__PianoCoRe_003190,real,"pianocore:Bach,_Carl_Philipp_Emanuel/Keyboard_Sonata_in_B_minor,_H.245","pianocore:Bach,_Carl_Philipp_Emanuel/Keyboard_Sonata_in_B_minor,_H.245",Aria_580378_0,708,0.9645776566757494,0.9042921536017874,60.0,727
"pianocore:Bach,_Carl_Philipp_Emanuel/Keyboard_Sonata_in_B_minor,_H.245",PianoCoRe_003191,Aria_605388_0,Aria-MIDI,Aria-AMT,"Bach,_Carl_Philipp_Emanuel/Keyboard_Sonata_in_B_minor,_H.245/score_PDMX_refined.mid",pianocore_Bach__Carl_Philipp_Emanuel_Keyboard_Sonata_in_B_minor__H.245__PianoCoRe_003191,real,"pianocore:Bach,_Carl_Philipp_Emanuel/Keyboard_Sonata_in_B_minor,_H.245","pianocore:Bach,_Carl_Philipp_Emanuel/Keyboard_Sonata_in_B_minor,_H.245",Aria_605388_0,595,0.8106267029972752,0.7737467840980128,65.0,727
"pianocore:Bach,_Carl_Philipp_Emanuel/Keyboard_Sonata_in_B_minor,_H.245",PianoCoRe_003192,Aria_683014_0,Aria-MIDI,Aria-AMT,"Bach,_Carl_Philipp_Emanuel/Keyboard_Sonata_in_B_minor,_H.245/score_PDMX_refined.mid",pianocore_Bach__Carl_Philipp_Emanuel_Keyboard_Sonata_in_B_minor__H.245__PianoCoRe_003192,real,"pianocore:Bach,_Carl_Philipp_Emanuel/Keyboard_Sonata_in_B_minor,_H.245","pianocore:Bach,_Carl_Philipp_Emanuel/Keyboard_Sonata_in_B_minor,_H.245",Aria_683014_0,704,0.9591280653950953,0.8205989178449024,50.0,727
"pianocore:Bach,_Carl_Philipp_Emanuel/Keyboard_Sonata_in_B_minor,_H.245",PianoCoRe_003194,Aria_706838_0,Aria-MIDI,Aria-AMT,"Bach,_Carl_Philipp_Emanuel/Keyboard_Sonata_in_B_minor,_H.245/score_PDMX_refined.mid",pianocore_Bach__Carl_Philipp_Emanuel_Keyboard_Sonata_in_B_minor__H.245__PianoCoRe_003194,real,"pianocore:Bach,_Carl_Philipp_Emanuel/Keyboard_Sonata_in_B_minor,_H.245","pianocore:Bach,_Carl_Philipp_Emanuel/Keyboard_Sonata_in_B_minor,_H.245",Aria_706838_0,611,0.832425068119891,0.7951762527225692,50.0,727
"pianocore:Bach,_Carl_Philipp_Emanuel/Keyboard_Sonata_in_B_minor,_H.245",PianoCoRe_003196,Aria_741054_0,Aria-MIDI,Aria-AMT,"Bach,_Carl_Philipp_Emanuel/Keyboard_Sonata_in_B_minor,_H.245/score_PDMX_refined.mid",pianocore_Bach__Carl_Philipp_Emanuel_Keyboard_Sonata_in_B_minor__H.245__PianoCoRe_003196,real,"pianocore:Bach,_Carl_Philipp_Emanuel/Keyboard_Sonata_in_B_minor,_H.245","pianocore:Bach,_Carl_Philipp_Emanuel/Keyboard_Sonata_in_B_minor,_H.245",Aria_741054_0,697,0.9495912806539509,1.122519408795718,50.0,727
"pianocore:Bach,_Carl_Philipp_Emanuel/Keyboard_Sonata_in_B_minor,_H.245",PianoCoRe_003197,Aria_760876_0,Aria-MIDI,Aria-AMT,"Bach,_Carl_Philipp_Emanuel/Keyboard_Sonata_in_B_minor,_H.245/score_PDMX_refined.mid",pianocore_Bach__Carl_Philipp_Emanuel_Keyboard_Sonata_in_B_minor__H.245__PianoCoRe_003197,real,"pianocore:Bach,_Carl_Philipp_Emanuel/Keyboard_Sonata_in_B_minor,_H.245","pianocore:Bach,_Carl_Philipp_Emanuel/Keyboard_Sonata_in_B_minor,_H.245",Aria_760876_0,712,0.9700272479564033,1.0258106550021224,55.0,727
"pianocore:Bach,_Carl_Philipp_Emanuel/Keyboard_Sonata_in_B_minor,_H.245",PianoCoRe_003198,Aria_764229_0,Aria-MIDI,Aria-AMT,"Bach,_Carl_Philipp_Emanuel/Keyboard_Sonata_in_B_minor,_H.245/score_PDMX_refined.mid",pianocore_Bach__Carl_Philipp_Emanuel_Keyboard_Sonata_in_B_minor__H.245__PianoCoRe_003198,real,"pianocore:Bach,_Carl_Philipp_Emanuel/Keyboard_Sonata_in_B_minor,_H.245","pianocore:Bach,_Carl_Philipp_Emanuel/Keyboard_Sonata_in_B_minor,_H.245",Aria_764229_0,706,0.9618528610354223,0.7614936190461449,60.0,727
"pianocore:Bach,_Carl_Philipp_Emanuel/Keyboard_Sonata_in_B_minor,_H.245",PianoCoRe_003199,Aria_838618_0,Aria-MIDI,Aria-AMT,"Bach,_Carl_Philipp_Emanuel/Keyboard_Sonata_in_B_minor,_H.245/score_PDMX_refined.mid",pianocore_Bach__Carl_Philipp_Emanuel_Keyboard_Sonata_in_B_minor__H.245__PianoCoRe_003199,real,"pianocore:Bach,_Carl_Philipp_Emanuel/Keyboard_Sonata_in_B_minor,_H.245","pianocore:Bach,_Carl_Philipp_Emanuel/Keyboard_Sonata_in_B_minor,_H.245",Aria_838618_0,695,0.946866485013624,0.819339041963933,50.0,727
"pianocore:Bach,_Carl_Philipp_Emanuel/Keyboard_Sonata_in_B_minor,_H.245",PianoCoRe_003200,Aria_853615_0,Aria-MIDI,Aria-AMT,"Bach,_Carl_Philipp_Emanuel/Keyboard_Sonata_in_B_minor,_H.245/score_PDMX_refined.mid",pianocore_Bach__Carl_Philipp_Emanuel_Keyboard_Sonata_in_B_minor__H.245__PianoCoRe_003200,real,"pianocore:Bach,_Carl_Philipp_Emanuel/Keyboard_Sonata_in_B_minor,_H.245","pianocore:Bach,_Carl_Philipp_Emanuel/Keyboard_Sonata_in_B_minor,_H.245",Aria_853615_0,699,0.952316076294278,0.9763852106604746,50.0,727
"pianocore:Bach,_Carl_Philipp_Emanuel/Keyboard_Sonata_in_B_minor,_H.245",PianoCoRe_003201,Aria_909989_0,Aria-MIDI,Aria-AMT,"Bach,_Carl_Philipp_Emanuel/Keyboard_Sonata_in_B_minor,_H.245/score_PDMX_refined.mid",pianocore_Bach__Carl_Philipp_Emanuel_Keyboard_Sonata_in_B_minor__H.245__PianoCoRe_003201,real,"pianocore:Bach,_Carl_Philipp_Emanuel/Keyboard_Sonata_in_B_minor,_H.245","pianocore:Bach,_Carl_Philipp_Emanuel/Keyboard_Sonata_in_B_minor,_H.245",Aria_909989_0,702,0.9564032697547684,0.9177346086339803,60.0,727
"pianocore:Bach,_Carl_Philipp_Emanuel/March_in_E_flat_major,_H_deest",PianoCoRe_003227,Aria_059015_0,Aria-MIDI,Aria-AMT,"Bach,_Carl_Philipp_Emanuel/March_in_E_flat_major,_H_deest/score_PDMX_refined.mid",pianocore_Bach__Carl_Philipp_Emanuel_March_in_E_flat_major__H_deest__PianoCoRe_003227,real,"pianocore:Bach,_Carl_Philipp_Emanuel/March_in_E_flat_major,_H_deest","pianocore:Bach,_Carl_Philipp_Emanuel/March_in_E_flat_major,_H_deest",Aria_059015_0,712,0.994413407821229,0.37002240668605085,70.0,716
"pianocore:Bach,_Carl_Philipp_Emanuel/March_in_E_flat_major,_H_deest",PianoCoRe_003228,Aria_070064_0,Aria-MIDI,Aria-AMT,"Bach,_Carl_Philipp_Emanuel/March_in_E_flat_major,_H_deest/score_PDMX_refined.mid",pianocore_Bach__Carl_Philipp_Emanuel_March_in_E_flat_major__H_deest__PianoCoRe_003228,real,"pianocore:Bach,_Carl_Philipp_Emanuel/March_in_E_flat_major,_H_deest","pianocore:Bach,_Carl_Philipp_Emanuel/March_in_E_flat_major,_H_deest",Aria_070064_0,713,0.9958100558659218,0.36066064572529855,60.0,716
"pianocore:Bach,_Carl_Philipp_Emanuel/March_in_E_flat_major,_H_deest",PianoCoRe_003230,Aria_091672_0,Aria-MIDI,Aria-AMT,"Bach,_Carl_Philipp_Emanuel/March_in_E_flat_major,_H_deest/score_PDMX_refined.mid",pianocore_Bach__Carl_Philipp_Emanuel_March_in_E_flat_major__H_deest__PianoCoRe_003230,real,"pianocore:Bach,_Carl_Philipp_Emanuel/March_in_E_flat_major,_H_deest","pianocore:Bach,_Carl_Philipp_Emanuel/March_in_E_flat_major,_H_deest",Aria_091672_0,714,0.9972067039106145,0.39787170556820073,75.0,716
"pianocore:Bach,_Carl_Philipp_Emanuel/March_in_E_flat_major,_H_deest",PianoCoRe_003233,Aria_185133_0,Aria-MIDI,Aria-AMT,"Bach,_Carl_Philipp_Emanuel/March_in_E_flat_major,_H_deest/score_PDMX_refined.mid",pianocore_Bach__Carl_Philipp_Emanuel_March_in_E_flat_major__H_deest__PianoCoRe_003233,real,"pianocore:Bach,_Carl_Philipp_Emanuel/March_in_E_flat_major,_H_deest","pianocore:Bach,_Carl_Philipp_Emanuel/March_in_E_flat_major,_H_deest",Aria_185133_0,713,0.9958100558659218,0.47177380005982944,70.0,716
"pianocore:Bach,_Carl_Philipp_Emanuel/March_in_E_flat_major,_H_deest",PianoCoRe_003234,Aria_205970_0,Aria-MIDI,Aria-AMT,"Bach,_Carl_Philipp_Emanuel/March_in_E_flat_major,_H_deest/score_PDMX_refined.mid",pianocore_Bach__Carl_Philipp_Emanuel_March_in_E_flat_major__H_deest__PianoCoRe_003234,real,"pianocore:Bach,_Carl_Philipp_Emanuel/March_in_E_flat_major,_H_deest","pianocore:Bach,_Carl_Philipp_Emanuel/March_in_E_flat_major,_H_deest",Aria_205970_0,714,0.9972067039106145,0.621150383707218,65.0,716
"pianocore:Bach,_Carl_Philipp_Emanuel/March_in_E_flat_major,_H_deest",PianoCoRe_003238,Aria_281165_0,Aria-MIDI,Aria-AMT,"Bach,_Carl_Philipp_Emanuel/March_in_E_flat_major,_H_deest/score_PDMX_refined.mid",pianocore_Bach__Carl_Philipp_Emanuel_March_in_E_flat_major__H_deest__PianoCoRe_003238,real,"pianocore:Bach,_Carl_Philipp_Emanuel/March_in_E_flat_major,_H_deest","pianocore:Bach,_Carl_Philipp_Emanuel/March_in_E_flat_major,_H_deest",Aria_281165_0,714,0.9972067039106145,0.6483461589464846,70.0,716
"pianocore:Bach,_Carl_Philipp_Emanuel/March_in_E_flat_major,_H_deest",PianoCoRe_003239,Aria_283470_0,Aria-MIDI,Aria-AMT,"Bach,_Carl_Philipp_Emanuel/March_in_E_flat_major,_H_deest/score_PDMX_refined.mid",pianocore_Bach__Carl_Philipp_Emanuel_March_in_E_flat_major__H_deest__PianoCoRe_003239,real,"pianocore:Bach,_Carl_Philipp_Emanuel/March_in_E_flat_major,_H_deest","pianocore:Bach,_Carl_Philipp_Emanuel/March_in_E_flat_major,_H_deest",Aria_283470_0,716,1.0,0.45121088901280615,65.0,716
"pianocore:Bach,_Carl_Philipp_Emanuel/March_in_E_flat_major,_H_deest",PianoCoRe_003242,Aria_336412_0,Aria-MIDI,Aria-AMT,"Bach,_Carl_Philipp_Emanuel/March_in_E_flat_major,_H_deest/score_PDMX_refined.mid",pianocore_Bach__Carl_Philipp_Emanuel_March_in_E_flat_major__H_deest__PianoCoRe_003242,real,"pianocore:Bach,_Carl_Philipp_Emanuel/March_in_E_flat_major,_H_deest","pianocore:Bach,_Carl_Philipp_Emanuel/March_in_E_flat_major,_H_deest",Aria_336412_0,712,0.994413407821229,0.408872322980723,75.0,716
"pianocore:Bach,_Carl_Philipp_Emanuel/March_in_E_flat_major,_H_deest",PianoCoRe_003247,Aria_487867_0,Aria-MIDI,Aria-AMT,"Bach,_Carl_Philipp_Emanuel/March_in_E_flat_major,_H_deest/score_PDMX_refined.mid",pianocore_Bach__Carl_Philipp_Emanuel_March_in_E_flat_major__H_deest__PianoCoRe_003247,real,"pianocore:Bach,_Carl_Philipp_Emanuel/March_in_E_flat_major,_H_deest","pianocore:Bach,_Carl_Philipp_Emanuel/March_in_E_flat_major,_H_deest",Aria_487867_0,714,0.9972067039106145,0.8695616797626687,60.0,716
"pianocore:Bach,_Carl_Philipp_Emanuel/March_in_E_flat_major,_H_deest",PianoCoRe_003249,Aria_514419_0,Aria-MIDI,Aria-AMT,"Bach,_Carl_Philipp_Emanuel/March_in_E_flat_major,_H_deest/score_PDMX_refined.mid",pianocore_Bach__Carl_Philipp_Emanuel_March_in_E_flat_major__H_deest__PianoCoRe_003249,real,"pianocore:Bach,_Carl_Philipp_Emanuel/March_in_E_flat_major,_H_deest","pianocore:Bach,_Carl_Philipp_Emanuel/March_in_E_flat_major,_H_deest",Aria_514419_0,714,0.9972067039106145,0.4721258710374216,85.0,716
"pianocore:Bach,_Carl_Philipp_Emanuel/March_in_E_flat_major,_H_deest",PianoCoRe_003250,Aria_537148_0,Aria-MIDI,Aria-AMT,"Bach,_Carl_Philipp_Emanuel/March_in_E_flat_major,_H_deest/score_PDMX_refined.mid",pianocore_Bach__Carl_Philipp_Emanuel_March_in_E_flat_major__H_deest__PianoCoRe_003250,real,"pianocore:Bach,_Carl_Philipp_Emanuel/March_in_E_flat_major,_H_deest","pianocore:Bach,_Carl_Philipp_Emanuel/March_in_E_flat_major,_H_deest",Aria_537148_0,713,0.9958100558659218,0.4846849679610996,60.0,716
"pianocore:Bach,_Carl_Philipp_Emanuel/March_in_E_flat_major,_H_deest",PianoCoRe_003252,Aria_540534_0,Aria-MIDI,Aria-AMT,"Bach,_Carl_Philipp_Emanuel/March_in_E_flat_major,_H_deest/score_PDMX_refined.mid",pianocore_Bach__Carl_Philipp_Emanuel_March_in_E_flat_major__H_deest__PianoCoRe_003252,real,"pianocore:Bach,_Carl_Philipp_Emanuel/March_in_E_flat_major,_H_deest","pianocore:Bach,_Carl_Philipp_Emanuel/March_in_E_flat_major,_H_deest",Aria_540534_0,707,0.9874301675977654,0.5205081558513867,70.0,716
"pianocore:Bach,_Carl_Philipp_Emanuel/March_in_E_flat_major,_H_deest",PianoCoRe_003254,Aria_547934_0,Aria-MIDI,Aria-AMT,"Bach,_Carl_Philipp_Emanuel/March_in_E_flat_major,_H_deest/score_PDMX_refined.mid",pianocore_Bach__Carl_Philipp_Emanuel_March_in_E_flat_major__H_deest__PianoCoRe_003254,real,"pianocore:Bach,_Carl_Philipp_Emanuel/March_in_E_flat_major,_H_deest","pianocore:Bach,_Carl_Philipp_Emanuel/March_in_E_flat_major,_H_deest",Aria_547934_0,706,0.9860335195530726,0.4835554043004009,65.0,716
"pianocore:Bach,_Carl_Philipp_Emanuel/March_in_E_flat_major,_H_deest",PianoCoRe_003257,Aria_653899_0,Aria-MIDI,Aria-AMT,"Bach,_Carl_Philipp_Emanuel/March_in_E_flat_major,_H_deest/score_PDMX_refined.mid",pianocore_Bach__Carl_Philipp_Emanuel_March_in_E_flat_major__H_deest__PianoCoRe_003257,real,"pianocore:Bach,_Carl_Philipp_Emanuel/March_in_E_flat_major,_H_deest","pianocore:Bach,_Carl_Philipp_Emanuel/March_in_E_flat_major,_H_deest",Aria_653899_0,714,0.9972067039106145,0.4870203573704045,60.0,716
"pianocore:Bach,_Carl_Philipp_Emanuel/March_in_E_flat_major,_H_deest",PianoCoRe_003260,Aria_748476_0,Aria-MIDI,Aria-AMT,"Bach,_Carl_Philipp_Emanuel/March_in_E_flat_major,_H_deest/score_PDMX_refined.mid",pianocore_Bach__Carl_Philipp_Emanuel_March_in_E_flat_major__H_deest__PianoCoRe_003260,real,"pianocore:Bach,_Carl_Philipp_Emanuel/March_in_E_flat_major,_H_deest","pianocore:Bach,_Carl_Philipp_Emanuel/March_in_E_flat_major,_H_deest",Aria_748476_0,713,0.9958100558659218,0.4507505649703676,70.0,716
"pianocore:Bach,_Carl_Philipp_Emanuel/March_in_E_flat_major,_H_deest",PianoCoRe_003262,Aria_781872_0,Aria-MIDI,Aria-AMT,"Bach,_Carl_Philipp_Emanuel/March_in_E_flat_major,_H_deest/score_PDMX_refined.mid",pianocore_Bach__Carl_Philipp_Emanuel_March_in_E_flat_major__H_deest__PianoCoRe_003262,real,"pianocore:Bach,_Carl_Philipp_Emanuel/March_in_E_flat_major,_H_deest","pianocore:Bach,_Carl_Philipp_Emanuel/March_in_E_flat_major,_H_deest",Aria_781872_0,712,0.994413407821229,0.750037277672046,85.0,716
"pianocore:Bach,_Carl_Philipp_Emanuel/March_in_E_flat_major,_H_deest",PianoCoRe_003263,Aria_792719_0,Aria-MIDI,Aria-AMT,"Bach,_Carl_Philipp_Emanuel/March_in_E_flat_major,_H_deest/score_PDMX_refined.mid",pianocore_Bach__Carl_Philipp_Emanuel_March_in_E_flat_major__H_deest__PianoCoRe_003263,real,"pianocore:Bach,_Carl_Philipp_Emanuel/March_in_E_flat_major,_H_deest","pianocore:Bach,_Carl_Philipp_Emanuel/March_in_E_flat_major,_H_deest",Aria_792719_0,711,0.9930167597765364,0.5236684847514986,35.0,716
"pianocore:Bach,_Carl_Philipp_Emanuel/March_in_E_flat_major,_H_deest",PianoCoRe_003265,Aria_857680_0,Aria-MIDI,Aria-AMT,"Bach,_Carl_Philipp_Emanuel/March_in_E_flat_major,_H_deest/score_PDMX_refined.mid",pianocore_Bach__Carl_Philipp_Emanuel_March_in_E_flat_major__H_deest__PianoCoRe_003265,real,"pianocore:Bach,_Carl_Philipp_Emanuel/March_in_E_flat_major,_H_deest","pianocore:Bach,_Carl_Philipp_Emanuel/March_in_E_flat_major,_H_deest",Aria_857680_0,710,0.9916201117318436,0.4447700422499825,70.0,716
"pianocore:Bach,_Carl_Philipp_Emanuel/March_in_E_flat_major,_H_deest",PianoCoRe_003266,Aria_894766_0,Aria-MIDI,Aria-AMT,"Bach,_Carl_Philipp_Emanuel/March_in_E_flat_major,_H_deest/score_PDMX_refined.mid",pianocore_Bach__Carl_Philipp_Emanuel_March_in_E_flat_major__H_deest__PianoCoRe_003266,real,"pianocore:Bach,_Carl_Philipp_Emanuel/March_in_E_flat_major,_H_deest","pianocore:Bach,_Carl_Philipp_Emanuel/March_in_E_flat_major,_H_deest",Aria_894766_0,710,0.9916201117318436,0.39309459627732724,65.0,716
"pianocore:Bach,_Carl_Philipp_Emanuel/March_in_E_flat_major,_H_deest",PianoCoRe_003267,Aria_919349_0,Aria-MIDI,Aria-AMT,"Bach,_Carl_Philipp_Emanuel/March_in_E_flat_major,_H_deest/score_PDMX_refined.mid",pianocore_Bach__Carl_Philipp_Emanuel_March_in_E_flat_major__H_deest__PianoCoRe_003267,real,"pianocore:Bach,_Carl_Philipp_Emanuel/March_in_E_flat_major,_H_deest","pianocore:Bach,_Carl_Philipp_Emanuel/March_in_E_flat_major,_H_deest",Aria_919349_0,714,0.9972067039106145,0.3977536552316236,60.0,716
"pianocore:Bach,_Carl_Philipp_Emanuel/March_in_E_flat_major,_H_deest",PianoCoRe_003268,GiantMIDI_-_6JYI6H1C8,GiantMIDI-Piano,ByteDance,"Bach,_Carl_Philipp_Emanuel/March_in_E_flat_major,_H_deest/score_PDMX_refined.mid",pianocore_Bach__Carl_Philipp_Emanuel_March_in_E_flat_major__H_deest__PianoCoRe_003268,real,"pianocore:Bach,_Carl_Philipp_Emanuel/March_in_E_flat_major,_H_deest","pianocore:Bach,_Carl_Philipp_Emanuel/March_in_E_flat_major,_H_deest",GiantMIDI_-_6JYI6H1C8,714,0.9972067039106145,0.476741260035265,79.0,716
"pianocore:Bach,_Carl_Philipp_Emanuel/March_in_E_flat_major,_H_deest",PianoCoRe_003269,GiantMIDI_yPxxH2EOQu8,GiantMIDI-Piano,ByteDance,"Bach,_Carl_Philipp_Emanuel/March_in_E_flat_major,_H_deest/score_PDMX_refined.mid",pianocore_Bach__Carl_Philipp_Emanuel_March_in_E_flat_major__H_deest__PianoCoRe_003269,real,"pianocore:Bach,_Carl_Philipp_Emanuel/March_in_E_flat_major,_H_deest","pianocore:Bach,_Carl_Philipp_Emanuel/March_in_E_flat_major,_H_deest",GiantMIDI_yPxxH2EOQu8,716,1.0,0.5000046566027596,74.0,716
"pianocore:Bach,_Johann_Sebastian/Notebook_for_Anna_Magdalena_Bach,_Book_2,_BWV_Anh.113-132/10._Polonaise_in_G_minor,_BWV_Anh.119",PianoCoRe_015460,Aria_053260_0,Aria-MIDI,Aria-AMT,"Bach,_Johann_Sebastian/Notebook_for_Anna_Magdalena_Bach,_Book_2,_BWV_Anh.113-132/10._Polonaise_in_G_minor,_BWV_Anh.119/score_PDMX_refined.mid",pianocore_Bach__Johann_Sebastian_Notebook_for_Anna_Magdalena_Bach__Book_2__BWV_Anh.113-132_10._Polonaise_in_G_minor__BWV_Anh.119__PianoCoRe_015460,real,"pianocore:Bach,_Johann_Sebastian/Notebook_for_Anna_Magdalena_Bach,_Book_2,_BWV_Anh.113-132/10._Polonaise_in_G_minor,_BWV_Anh.119","pianocore:Bach,_Johann_Sebastian/Notebook_for_Anna_Magdalena_Bach,_Book_2,_BWV_Anh.113-132/10._Polonaise_in_G_minor,_BWV_Anh.119",Aria_053260_0,296,1.0,0.6049391474834509,70.0,296
"pianocore:Bach,_Johann_Sebastian/Notebook_for_Anna_Magdalena_Bach,_Book_2,_BWV_Anh.113-132/10._Polonaise_in_G_minor,_BWV_Anh.119",PianoCoRe_015462,Aria_121726_0,Aria-MIDI,Aria-AMT,"Bach,_Johann_Sebastian/Notebook_for_Anna_Magdalena_Bach,_Book_2,_BWV_Anh.113-132/10._Polonaise_in_G_minor,_BWV_Anh.119/score_PDMX_refined.mid",pianocore_Bach__Johann_Sebastian_Notebook_for_Anna_Magdalena_Bach__Book_2__BWV_Anh.113-132_10._Polonaise_in_G_minor__BWV_Anh.119__PianoCoRe_015462,real,"pianocore:Bach,_Johann_Sebastian/Notebook_for_Anna_Magdalena_Bach,_Book_2,_BWV_Anh.113-132/10._Polonaise_in_G_minor,_BWV_Anh.119","pianocore:Bach,_Johann_Sebastian/Notebook_for_Anna_Magdalena_Bach,_Book_2,_BWV_Anh.113-132/10._Polonaise_in_G_minor,_BWV_Anh.119",Aria_121726_0,296,1.0,0.7197747925735458,40.0,296
"pianocore:Bach,_Johann_Sebastian/Notebook_for_Anna_Magdalena_Bach,_Book_2,_BWV_Anh.113-132/10._Polonaise_in_G_minor,_BWV_Anh.119",PianoCoRe_015463,Aria_142728_0,Aria-MIDI,Aria-AMT,"Bach,_Johann_Sebastian/Notebook_for_Anna_Magdalena_Bach,_Book_2,_BWV_Anh.113-132/10._Polonaise_in_G_minor,_BWV_Anh.119/score_PDMX_refined.mid",pianocore_Bach__Johann_Sebastian_Notebook_for_Anna_Magdalena_Bach__Book_2__BWV_Anh.113-132_10._Polonaise_in_G_minor__BWV_Anh.119__PianoCoRe_015463,real,"pianocore:Bach,_Johann_Sebastian/Notebook_for_Anna_Magdalena_Bach,_Book_2,_BWV_Anh.113-132/10._Polonaise_in_G_minor,_BWV_Anh.119","pianocore:Bach,_Johann_Sebastian/Notebook_for_Anna_Magdalena_Bach,_Book_2,_BWV_Anh.113-132/10._Polonaise_in_G_minor,_BWV_Anh.119",Aria_142728_0,296,1.0,0.7007398840738217,65.0,296
"pianocore:Bach,_Johann_Sebastian/Notebook_for_Anna_Magdalena_Bach,_Book_2,_BWV_Anh.113-132/10._Polonaise_in_G_minor,_BWV_Anh.119",PianoCoRe_015464,Aria_153126_0,Aria-MIDI,Aria-AMT,"Bach,_Johann_Sebastian/Notebook_for_Anna_Magdalena_Bach,_Book_2,_BWV_Anh.113-132/10._Polonaise_in_G_minor,_BWV_Anh.119/score_PDMX_refined.mid",pianocore_Bach__Johann_Sebastian_Notebook_for_Anna_Magdalena_Bach__Book_2__BWV_Anh.113-132_10._Polonaise_in_G_minor__BWV_Anh.119__PianoCoRe_015464,real,"pianocore:Bach,_Johann_Sebastian/Notebook_for_Anna_Magdalena_Bach,_Book_2,_BWV_Anh.113-132/10._Polonaise_in_G_minor,_BWV_Anh.119","pianocore:Bach,_Johann_Sebastian/Notebook_for_Anna_Magdalena_Bach,_Book_2,_BWV_Anh.113-132/10._Polonaise_in_G_minor,_BWV_Anh.119",Aria_153126_0,296,1.0,0.5843531703148194,65.0,296
"pianocore:Bach,_Johann_Sebastian/Notebook_for_Anna_Magdalena_Bach,_Book_2,_BWV_Anh.113-132/10._Polonaise_in_G_minor,_BWV_Anh.119",PianoCoRe_015465,Aria_164167_0,Aria-MIDI,Aria-AMT,"Bach,_Johann_Sebastian/Notebook_for_Anna_Magdalena_Bach,_Book_2,_BWV_Anh.113-132/10._Polonaise_in_G_minor,_BWV_Anh.119/score_PDMX_refined.mid",pianocore_Bach__Johann_Sebastian_Notebook_for_Anna_Magdalena_Bach__Book_2__BWV_Anh.113-132_10._Polonaise_in_G_minor__BWV_Anh.119__PianoCoRe_015465,real,"pianocore:Bach,_Johann_Sebastian/Notebook_for_Anna_Magdalena_Bach,_Book_2,_BWV_Anh.113-132/10._Polonaise_in_G_minor,_BWV_Anh.119","pianocore:Bach,_Johann_Sebastian/Notebook_for_Anna_Magdalena_Bach,_Book_2,_BWV_Anh.113-132/10._Polonaise_in_G_minor,_BWV_Anh.119",Aria_164167_0,296,1.0,0.6684719405242971,65.0,296
"pianocore:Bach,_Johann_Sebastian/Notebook_for_Anna_Magdalena_Bach,_Book_2,_BWV_Anh.113-132/10._Polonaise_in_G_minor,_BWV_Anh.119",PianoCoRe_015466,Aria_177818_0,Aria-MIDI,Aria-AMT,"Bach,_Johann_Sebastian/Notebook_for_Anna_Magdalena_Bach,_Book_2,_BWV_Anh.113-132/10._Polonaise_in_G_minor,_BWV_Anh.119/score_PDMX_refined.mid",pianocore_Bach__Johann_Sebastian_Notebook_for_Anna_Magdalena_Bach__Book_2__BWV_Anh.113-132_10._Polonaise_in_G_minor__BWV_Anh.119__PianoCoRe_015466,real,"pianocore:Bach,_Johann_Sebastian/Notebook_for_Anna_Magdalena_Bach,_Book_2,_BWV_Anh.113-132/10._Polonaise_in_G_minor,_BWV_Anh.119","pianocore:Bach,_Johann_Sebastian/Notebook_for_Anna_Magdalena_Bach,_Book_2,_BWV_Anh.113-132/10._Polonaise_in_G_minor,_BWV_Anh.119",Aria_177818_0,272,0.918918918918919,0.5789614936949388,80.0,296
"pianocore:Bach,_Johann_Sebastian/Notebook_for_Anna_Magdalena_Bach,_Book_2,_BWV_Anh.113-132/10._Polonaise_in_G_minor,_BWV_Anh.119",PianoCoRe_015467,Aria_181584_0,Aria-MIDI,Aria-AMT,"Bach,_Johann_Sebastian/Notebook_for_Anna_Magdalena_Bach,_Book_2,_BWV_Anh.113-132/10._Polonaise_in_G_minor,_BWV_Anh.119/score_PDMX_refined.mid",pianocore_Bach__Johann_Sebastian_Notebook_for_Anna_Magdalena_Bach__Book_2__BWV_Anh.113-132_10._Polonaise_in_G_minor__BWV_Anh.119__PianoCoRe_015467,real,"pianocore:Bach,_Johann_Sebastian/Notebook_for_Anna_Magdalena_Bach,_Book_2,_BWV_Anh.113-132/10._Polonaise_in_G_minor,_BWV_Anh.119","pianocore:Bach,_Johann_Sebastian/Notebook_for_Anna_Magdalena_Bach,_Book_2,_BWV_Anh.113-132/10._Polonaise_in_G_minor,_BWV_Anh.119",Aria_181584_0,296,1.0,0.7154600036648574,60.0,296
"pianocore:Bach,_Johann_Sebastian/Notebook_for_Anna_Magdalena_Bach,_Book_2,_BWV_Anh.113-132/10._Polonaise_in_G_minor,_BWV_Anh.119",PianoCoRe_015469,Aria_241905_0,Aria-MIDI,Aria-AMT,"Bach,_Johann_Sebastian/Notebook_for_Anna_Magdalena_Bach,_Book_2,_BWV_Anh.113-132/10._Polonaise_in_G_minor,_BWV_Anh.119/score_PDMX_refined.mid",pianocore_Bach__Johann_Sebastian_Notebook_for_Anna_Magdalena_Bach__Book_2__BWV_Anh.113-132_10._Polonaise_in_G_minor__BWV_Anh.119__PianoCoRe_015469,real,"pianocore:Bach,_Johann_Sebastian/Notebook_for_Anna_Magdalena_Bach,_Book_2,_BWV_Anh.113-132/10._Polonaise_in_G_minor,_BWV_Anh.119","pianocore:Bach,_Johann_Sebastian/Notebook_for_Anna_Magdalena_Bach,_Book_2,_BWV_Anh.113-132/10._Polonaise_in_G_minor,_BWV_Anh.119",Aria_241905_0,242,0.8175675675675675,0.7323969417310159,70.0,296
"pianocore:Bach,_Johann_Sebastian/Notebook_for_Anna_Magdalena_Bach,_Book_2,_BWV_Anh.113-132/10._Polonaise_in_G_minor,_BWV_Anh.119",PianoCoRe_015471,Aria_259041_0,Aria-MIDI,Aria-AMT,"Bach,_Johann_Sebastian/Notebook_for_Anna_Magdalena_Bach,_Book_2,_BWV_Anh.113-132/10._Polonaise_in_G_minor,_BWV_Anh.119/score_PDMX_refined.mid",pianocore_Bach__Johann_Sebastian_Notebook_for_Anna_Magdalena_Bach__Book_2__BWV_Anh.113-132_10._Polonaise_in_G_minor__BWV_Anh.119__PianoCoRe_015471,real,"pianocore:Bach,_Johann_Sebastian/Notebook_for_Anna_Magdalena_Bach,_Book_2,_BWV_Anh.113-132/10._Polonaise_in_G_minor,_BWV_Anh.119","pianocore:Bach,_Johann_Sebastian/Notebook_for_Anna_Magdalena_Bach,_Book_2,_BWV_Anh.113-132/10._Polonaise_in_G_minor,_BWV_Anh.119",Aria_259041_0,296,1.0,1.2000084531369635,65.0,296
"pianocore:Bach,_Johann_Sebastian/Notebook_for_Anna_Magdalena_Bach,_Book_2,_BWV_Anh.113-132/10._Polonaise_in_G_minor,_BWV_Anh.119",PianoCoRe_015472,Aria_268046_0,Aria-MIDI,Aria-AMT,"Bach,_Johann_Sebastian/Notebook_for_Anna_Magdalena_Bach,_Book_2,_BWV_Anh.113-132/10._Polonaise_in_G_minor,_BWV_Anh.119/score_PDMX_refined.mid",pianocore_Bach__Johann_Sebastian_Notebook_for_Anna_Magdalena_Bach__Book_2__BWV_Anh.113-132_10._Polonaise_in_G_minor__BWV_Anh.119__PianoCoRe_015472,real,"pianocore:Bach,_Johann_Sebastian/Notebook_for_Anna_Magdalena_Bach,_Book_2,_BWV_Anh.113-132/10._Polonaise_in_G_minor,_BWV_Anh.119","pianocore:Bach,_Johann_Sebastian/Notebook_for_Anna_Magdalena_Bach,_Book_2,_BWV_Anh.113-132/10._Polonaise_in_G_minor,_BWV_Anh.119",Aria_268046_0,296,1.0,0.965545773161135,85.0,296
"pianocore:Bach,_Johann_Sebastian/Notebook_for_Anna_Magdalena_Bach,_Book_2,_BWV_Anh.113-132/10._Polonaise_in_G_minor,_BWV_Anh.119",PianoCoRe_015473,Aria_272867_0,Aria-MIDI,Aria-AMT,"Bach,_Johann_Sebastian/Notebook_for_Anna_Magdalena_Bach,_Book_2,_BWV_Anh.113-132/10._Polonaise_in_G_minor,_BWV_Anh.119/score_PDMX_refined.mid",pianocore_Bach__Johann_Sebastian_Notebook_for_Anna_Magdalena_Bach__Book_2__BWV_Anh.113-132_10._Polonaise_in_G_minor__BWV_Anh.119__PianoCoRe_015473,real,"pianocore:Bach,_Johann_Sebastian/Notebook_for_Anna_Magdalena_Bach,_Book_2,_BWV_Anh.113-132/10._Polonaise_in_G_minor,_BWV_Anh.119","pianocore:Bach,_Johann_Sebastian/Notebook_for_Anna_Magdalena_Bach,_Book_2,_BWV_Anh.113-132/10._Polonaise_in_G_minor,_BWV_Anh.119",Aria_272867_0,296,1.0,0.6783857024616614,50.0,296
"pianocore:Bach,_Johann_Sebastian/Notebook_for_Anna_Magdalena_Bach,_Book_2,_BWV_Anh.113-132/10._Polonaise_in_G_minor,_BWV_Anh.119",PianoCoRe_015474,Aria_274373_0,Aria-MIDI,Aria-AMT,"Bach,_Johann_Sebastian/Notebook_for_Anna_Magdalena_Bach,_Book_2,_BWV_Anh.113-132/10._Polonaise_in_G_minor,_BWV_Anh.119/score_PDMX_refined.mid",pianocore_Bach__Johann_Sebastian_Notebook_for_Anna_Magdalena_Bach__Book_2__BWV_Anh.113-132_10._Polonaise_in_G_minor__BWV_Anh.119__PianoCoRe_015474,real,"pianocore:Bach,_Johann_Sebastian/Notebook_for_Anna_Magdalena_Bach,_Book_2,_BWV_Anh.113-132/10._Polonaise_in_G_minor,_BWV_Anh.119","pianocore:Bach,_Johann_Sebastian/Notebook_for_Anna_Magdalena_Bach,_Book_2,_BWV_Anh.113-132/10._Polonaise_in_G_minor,_BWV_Anh.119",Aria_274373_0,295,0.9966216216216216,0.6294640416892304,80.0,296
"pianocore:Bach,_Johann_Sebastian/Notebook_for_Anna_Magdalena_Bach,_Book_2,_BWV_Anh.113-132/10._Polonaise_in_G_minor,_BWV_Anh.119",PianoCoRe_015475,Aria_280747_0,Aria-MIDI,Aria-AMT,"Bach,_Johann_Sebastian/Notebook_for_Anna_Magdalena_Bach,_Book_2,_BWV_Anh.113-132/10._Polonaise_in_G_minor,_BWV_Anh.119/score_PDMX_refined.mid",pianocore_Bach__Johann_Sebastian_Notebook_for_Anna_Magdalena_Bach__Book_2__BWV_Anh.113-132_10._Polonaise_in_G_minor__BWV_Anh.119__PianoCoRe_015475,real,"pianocore:Bach,_Johann_Sebastian/Notebook_for_Anna_Magdalena_Bach,_Book_2,_BWV_Anh.113-132/10._Polonaise_in_G_minor,_BWV_Anh.119","pianocore:Bach,_Johann_Sebastian/Notebook_for_Anna_Magdalena_Bach,_Book_2,_BWV_Anh.113-132/10._Polonaise_in_G_minor,_BWV_Anh.119",Aria_280747_0,296,1.0,0.6278621638339088,80.0,296
"pianocore:Bach,_Johann_Sebastian/Notebook_for_Anna_Magdalena_Bach,_Book_2,_BWV_Anh.113-132/10._Polonaise_in_G_minor,_BWV_Anh.119",PianoCoRe_015476,Aria_289193_0,Aria-MIDI,Aria-AMT,"Bach,_Johann_Sebastian/Notebook_for_Anna_Magdalena_Bach,_Book_2,_BWV_Anh.113-132/10._Polonaise_in_G_minor,_BWV_Anh.119/score_PDMX_refined.mid",pianocore_Bach__Johann_Sebastian_Notebook_for_Anna_Magdalena_Bach__Book_2__BWV_Anh.113-132_10._Polonaise_in_G_minor__BWV_Anh.119__PianoCoRe_015476,real,"pianocore:Bach,_Johann_Sebastian/Notebook_for_Anna_Magdalena_Bach,_Book_2,_BWV_Anh.113-132/10._Polonaise_in_G_minor,_BWV_Anh.119","pianocore:Bach,_Johann_Sebastian/Notebook_for_Anna_Magdalena_Bach,_Book_2,_BWV_Anh.113-132/10._Polonaise_in_G_minor,_BWV_Anh.119",Aria_289193_0,296,1.0,0.5137569562540353,80.0,296
"pianocore:Bach,_Johann_Sebastian/Notebook_for_Anna_Magdalena_Bach,_Book_2,_BWV_Anh.113-132/10._Polonaise_in_G_minor,_BWV_Anh.119",PianoCoRe_015477,Aria_317558_0,Aria-MIDI,Aria-AMT,"Bach,_Johann_Sebastian/Notebook_for_Anna_Magdalena_Bach,_Book_2,_BWV_Anh.113-132/10._Polonaise_in_G_minor,_BWV_Anh.119/score_PDMX_refined.mid",pianocore_Bach__Johann_Sebastian_Notebook_for_Anna_Magdalena_Bach__Book_2__BWV_Anh.113-132_10._Polonaise_in_G_minor__BWV_Anh.119__PianoCoRe_015477,real,"pianocore:Bach,_Johann_Sebastian/Notebook_for_Anna_Magdalena_Bach,_Book_2,_BWV_Anh.113-132/10._Polonaise_in_G_minor,_BWV_Anh.119","pianocore:Bach,_Johann_Sebastian/Notebook_for_Anna_Magdalena_Bach,_Book_2,_BWV_Anh.113-132/10._Polonaise_in_G_minor,_BWV_Anh.119",Aria_317558_0,296,1.0,0.6569953798862145,65.0,296
"pianocore:Bach,_Johann_Sebastian/Notebook_for_Anna_Magdalena_Bach,_Book_2,_BWV_Anh.113-132/10._Polonaise_in_G_minor,_BWV_Anh.119",PianoCoRe_015479,Aria_362622_0,Aria-MIDI,Aria-AMT,"Bach,_Johann_Sebastian/Notebook_for_Anna_Magdalena_Bach,_Book_2,_BWV_Anh.113-132/10._Polonaise_in_G_minor,_BWV_Anh.119/score_PDMX_refined.mid",pianocore_Bach__Johann_Sebastian_Notebook_for_Anna_Magdalena_Bach__Book_2__BWV_Anh.113-132_10._Polonaise_in_G_minor__BWV_Anh.119__PianoCoRe_015479,real,"pianocore:Bach,_Johann_Sebastian/Notebook_for_Anna_Magdalena_Bach,_Book_2,_BWV_Anh.113-132/10._Polonaise_in_G_minor,_BWV_Anh.119","pianocore:Bach,_Johann_Sebastian/Notebook_for_Anna_Magdalena_Bach,_Book_2,_BWV_Anh.113-132/10._Polonaise_in_G_minor,_BWV_Anh.119",Aria_362622_0,296,1.0,0.7194656460106982,60.0,296
"pianocore:Bach,_Johann_Sebastian/Notebook_for_Anna_Magdalena_Bach,_Book_2,_BWV_Anh.113-132/10._Polonaise_in_G_minor,_BWV_Anh.119",PianoCoRe_015480,Aria_395366_0,Aria-MIDI,Aria-AMT,"Bach,_Johann_Sebastian/Notebook_for_Anna_Magdalena_Bach,_Book_2,_BWV_Anh.113-132/10._Polonaise_in_G_minor,_BWV_Anh.119/score_PDMX_refined.mid",pianocore_Bach__Johann_Sebastian_Notebook_for_Anna_Magdalena_Bach__Book_2__BWV_Anh.113-132_10._Polonaise_in_G_minor__BWV_Anh.119__PianoCoRe_015480,real,"pianocore:Bach,_Johann_Sebastian/Notebook_for_Anna_Magdalena_Bach,_Book_2,_BWV_Anh.113-132/10._Polonaise_in_G_minor,_BWV_Anh.119","pianocore:Bach,_Johann_Sebastian/Notebook_for_Anna_Magdalena_Bach,_Book_2,_BWV_Anh.113-132/10._Polonaise_in_G_minor,_BWV_Anh.119",Aria_395366_0,296,1.0,0.629074210625181,72.0,296
"pianocore:Bach,_Johann_Sebastian/Notebook_for_Anna_Magdalena_Bach,_Book_2,_BWV_Anh.113-132/10._Polonaise_in_G_minor,_BWV_Anh.119",PianoCoRe_015481,Aria_410123_0,Aria-MIDI,Aria-AMT,"Bach,_Johann_Sebastian/Notebook_for_Anna_Magdalena_Bach,_Book_2,_BWV_Anh.113-132/10._Polonaise_in_G_minor,_BWV_Anh.119/score_PDMX_refined.mid",pianocore_Bach__Johann_Sebastian_Notebook_for_Anna_Magdalena_Bach__Book_2__BWV_Anh.113-132_10._Polonaise_in_G_minor__BWV_Anh.119__PianoCoRe_015481,real,"pianocore:Bach,_Johann_Sebastian/Notebook_for_Anna_Magdalena_Bach,_Book_2,_BWV_Anh.113-132/10._Polonaise_in_G_minor,_BWV_Anh.119","pianocore:Bach,_Johann_Sebastian/Notebook_for_Anna_Magdalena_Bach,_Book_2,_BWV_Anh.113-132/10._Polonaise_in_G_minor,_BWV_Anh.119",Aria_410123_0,296,1.0,0.6383356718607504,75.0,296
"pianocore:Bach,_Johann_Sebastian/Notebook_for_Anna_Magdalena_Bach,_Book_2,_BWV_Anh.113-132/10._Polonaise_in_G_minor,_BWV_Anh.119",PianoCoRe_015482,Aria_410319_0,Aria-MIDI,Aria-AMT,"Bach,_Johann_Sebastian/Notebook_for_Anna_Magdalena_Bach,_Book_2,_BWV_Anh.113-132/10._Polonaise_in_G_minor,_BWV_Anh.119/score_PDMX_refined.mid",pianocore_Bach__Johann_Sebastian_Notebook_for_Anna_Magdalena_Bach__Book_2__BWV_Anh.113-132_10._Polonaise_in_G_minor__BWV_Anh.119__PianoCoRe_015482,real,"pianocore:Bach,_Johann_Sebastian/Notebook_for_Anna_Magdalena_Bach,_Book_2,_BWV_Anh.113-132/10._Polonaise_in_G_minor,_BWV_Anh.119","pianocore:Bach,_Johann_Sebastian/Notebook_for_Anna_Magdalena_Bach,_Book_2,_BWV_Anh.113-132/10._Polonaise_in_G_minor,_BWV_Anh.119",Aria_410319_0,296,1.0,0.7103658881238737,80.0,296
"pianocore:Bach,_Johann_Sebastian/Notebook_for_Anna_Magdalena_Bach,_Book_2,_BWV_Anh.113-132/10._Polonaise_in_G_minor,_BWV_Anh.119",PianoCoRe_015483,Aria_420863_0,Aria-MIDI,Aria-AMT,"Bach,_Johann_Sebastian/Notebook_for_Anna_Magdalena_Bach,_Book_2,_BWV_Anh.113-132/10._Polonaise_in_G_minor,_BWV_Anh.119/score_PDMX_refined.mid",pianocore_Bach__Johann_Sebastian_Notebook_for_Anna_Magdalena_Bach__Book_2__BWV_Anh.113-132_10._Polonaise_in_G_minor__BWV_Anh.119__PianoCoRe_015483,real,"pianocore:Bach,_Johann_Sebastian/Notebook_for_Anna_Magdalena_Bach,_Book_2,_BWV_Anh.113-132/10._Polonaise_in_G_minor,_BWV_Anh.119","pianocore:Bach,_Johann_Sebastian/Notebook_for_Anna_Magdalena_Bach,_Book_2,_BWV_Anh.113-132/10._Polonaise_in_G_minor,_BWV_Anh.119",Aria_420863_0,296,1.0,0.7231404114099657,65.0,296
"pianocore:Bach,_Johann_Sebastian/Notebook_for_Anna_Magdalena_Bach,_Book_2,_BWV_Anh.113-132/10._Polonaise_in_G_minor,_BWV_Anh.119",PianoCoRe_015484,Aria_430492_0,Aria-MIDI,Aria-AMT,"Bach,_Johann_Sebastian/Notebook_for_Anna_Magdalena_Bach,_Book_2,_BWV_Anh.113-132/10._Polonaise_in_G_minor,_BWV_Anh.119/score_PDMX_refined.mid",pianocore_Bach__Johann_Sebastian_Notebook_for_Anna_Magdalena_Bach__Book_2__BWV_Anh.113-132_10._Polonaise_in_G_minor__BWV_Anh.119__PianoCoRe_015484,real,"pianocore:Bach,_Johann_Sebastian/Notebook_for_Anna_Magdalena_Bach,_Book_2,_BWV_Anh.113-132/10._Polonaise_in_G_minor,_BWV_Anh.119","pianocore:Bach,_Johann_Sebastian/Notebook_for_Anna_Magdalena_Bach,_Book_2,_BWV_Anh.113-132/10._Polonaise_in_G_minor,_BWV_Anh.119",Aria_430492_0,296,1.0,0.5977923275347823,75.0,296
"pianocore:Bach,_Johann_Sebastian/Notebook_for_Anna_Magdalena_Bach,_Book_2,_BWV_Anh.113-132/10._Polonaise_in_G_minor,_BWV_Anh.119",PianoCoRe_015485,Aria_454395_0,Aria-MIDI,Aria-AMT,"Bach,_Johann_Sebastian/Notebook_for_Anna_Magdalena_Bach,_Book_2,_BWV_Anh.113-132/10._Polonaise_in_G_minor,_BWV_Anh.119/score_PDMX_refined.mid",pianocore_Bach__Johann_Sebastian_Notebook_for_Anna_Magdalena_Bach__Book_2__BWV_Anh.113-132_10._Polonaise_in_G_minor__BWV_Anh.119__PianoCoRe_015485,real,"pianocore:Bach,_Johann_Sebastian/Notebook_for_Anna_Magdalena_Bach,_Book_2,_BWV_Anh.113-132/10._Polonaise_in_G_minor,_BWV_Anh.119","pianocore:Bach,_Johann_Sebastian/Notebook_for_Anna_Magdalena_Bach,_Book_2,_BWV_Anh.113-132/10._Polonaise_in_G_minor,_BWV_Anh.119",Aria_454395_0,296,1.0,0.5321669618502238,80.0,296
"pianocore:Bach,_Johann_Sebastian/Notebook_for_Anna_Magdalena_Bach,_Book_2,_BWV_Anh.113-132/10._Polonaise_in_G_minor,_BWV_Anh.119",PianoCoRe_015486,Aria_469343_0,Aria-MIDI,Aria-AMT,"Bach,_Johann_Sebastian/Notebook_for_Anna_Magdalena_Bach,_Book_2,_BWV_Anh.113-132/10._Polonaise_in_G_minor,_BWV_Anh.119/score_PDMX_refined.mid",pianocore_Bach__Johann_Sebastian_Notebook_for_Anna_Magdalena_Bach__Book_2__BWV_Anh.113-132_10._Polonaise_in_G_minor__BWV_Anh.119__PianoCoRe_015486,real,"pianocore:Bach,_Johann_Sebastian/Notebook_for_Anna_Magdalena_Bach,_Book_2,_BWV_Anh.113-132/10._Polonaise_in_G_minor,_BWV_Anh.119","pianocore:Bach,_Johann_Sebastian/Notebook_for_Anna_Magdalena_Bach,_Book_2,_BWV_Anh.113-132/10._Polonaise_in_G_minor,_BWV_Anh.119",Aria_469343_0,296,1.0,0.7988751076288557,75.0,296
"pianocore:Bach,_Johann_Sebastian/Notebook_for_Anna_Magdalena_Bach,_Book_2,_BWV_Anh.113-132/10._Polonaise_in_G_minor,_BWV_Anh.119",PianoCoRe_015488,Aria_505758_0,Aria-MIDI,Aria-AMT,"Bach,_Johann_Sebastian/Notebook_for_Anna_Magdalena_Bach,_Book_2,_BWV_Anh.113-132/10._Polonaise_in_G_minor,_BWV_Anh.119/score_PDMX_refined.mid",pianocore_Bach__Johann_Sebastian_Notebook_for_Anna_Magdalena_Bach__Book_2__BWV_Anh.113-132_10._Polonaise_in_G_minor__BWV_Anh.119__PianoCoRe_015488,real,"pianocore:Bach,_Johann_Sebastian/Notebook_for_Anna_Magdalena_Bach,_Book_2,_BWV_Anh.113-132/10._Polonaise_in_G_minor,_BWV_Anh.119","pianocore:Bach,_Johann_Sebastian/Notebook_for_Anna_Magdalena_Bach,_Book_2,_BWV_Anh.113-132/10._Polonaise_in_G_minor,_BWV_Anh.119",Aria_505758_0,295,0.9966216216216216,0.7849055983383286,65.0,296
"pianocore:Bach,_Johann_Sebastian/Notebook_for_Anna_Magdalena_Bach,_Book_2,_BWV_Anh.113-132/10._Polonaise_in_G_minor,_BWV_Anh.119",PianoCoRe_015490,Aria_514222_0,Aria-MIDI,Aria-AMT,"Bach,_Johann_Sebastian/Notebook_for_Anna_Magdalena_Bach,_Book_2,_BWV_Anh.113-132/10._Polonaise_in_G_minor,_BWV_Anh.119/score_PDMX_refined.mid",pianocore_Bach__Johann_Sebastian_Notebook_for_Anna_Magdalena_Bach__Book_2__BWV_Anh.113-132_10._Polonaise_in_G_minor__BWV_Anh.119__PianoCoRe_015490,real,"pianocore:Bach,_Johann_Sebastian/Notebook_for_Anna_Magdalena_Bach,_Book_2,_BWV_Anh.113-132/10._Polonaise_in_G_minor,_BWV_Anh.119","pianocore:Bach,_Johann_Sebastian/Notebook_for_Anna_Magdalena_Bach,_Book_2,_BWV_Anh.113-132/10._Polonaise_in_G_minor,_BWV_Anh.119",Aria_514222_0,296,1.0,0.5301720813609674,70.0,296
"pianocore:Bach,_Johann_Sebastian/Notebook_for_Anna_Magdalena_Bach,_Book_2,_BWV_Anh.113-132/10._Polonaise_in_G_minor,_BWV_Anh.119",PianoCoRe_015493,Aria_539996_0,Aria-MIDI,Aria-AMT,"Bach,_Johann_Sebastian/Notebook_for_Anna_Magdalena_Bach,_Book_2,_BWV_Anh.113-132/10._Polonaise_in_G_minor,_BWV_Anh.119/score_PDMX_refined.mid",pianocore_Bach__Johann_Sebastian_Notebook_for_Anna_Magdalena_Bach__Book_2__BWV_Anh.113-132_10._Polonaise_in_G_minor__BWV_Anh.119__PianoCoRe_015493,real,"pianocore:Bach,_Johann_Sebastian/Notebook_for_Anna_Magdalena_Bach,_Book_2,_BWV_Anh.113-132/10._Polonaise_in_G_minor,_BWV_Anh.119","pianocore:Bach,_Johann_Sebastian/Notebook_for_Anna_Magdalena_Bach,_Book_2,_BWV_Anh.113-132/10._Polonaise_in_G_minor,_BWV_Anh.119",Aria_539996_0,291,0.9831081081081081,1.1655736272962818,50.0,296
"pianocore:Bach,_Johann_Sebastian/Notebook_for_Anna_Magdalena_Bach,_Book_2,_BWV_Anh.113-132/10._Polonaise_in_G_minor,_BWV_Anh.119",PianoCoRe_015495,Aria_568382_0,Aria-MIDI,Aria-AMT,"Bach,_Johann_Sebastian/Notebook_for_Anna_Magdalena_Bach,_Book_2,_BWV_Anh.113-132/10._Polonaise_in_G_minor,_BWV_Anh.119/score_PDMX_refined.mid",pianocore_Bach__Johann_Sebastian_Notebook_for_Anna_Magdalena_Bach__Book_2__BWV_Anh.113-132_10._Polonaise_in_G_minor__BWV_Anh.119__PianoCoRe_015495,real,"pianocore:Bach,_Johann_Sebastian/Notebook_for_Anna_Magdalena_Bach,_Book_2,_BWV_Anh.113-132/10._Polonaise_in_G_minor,_BWV_Anh.119","pianocore:Bach,_Johann_Sebastian/Notebook_for_Anna_Magdalena_Bach,_Book_2,_BWV_Anh.113-132/10._Polonaise_in_G_minor,_BWV_Anh.119",Aria_568382_0,296,1.0,0.5335706801767534,80.0,296
"pianocore:Bach,_Johann_Sebastian/Notebook_for_Anna_Magdalena_Bach,_Book_2,_BWV_Anh.113-132/10._Polonaise_in_G_minor,_BWV_Anh.119",PianoCoRe_015496,Aria_575017_0,Aria-MIDI,Aria-AMT,"Bach,_Johann_Sebastian/Notebook_for_Anna_Magdalena_Bach,_Book_2,_BWV_Anh.113-132/10._Polonaise_in_G_minor,_BWV_Anh.119/score_PDMX_refined.mid",pianocore_Bach__Johann_Sebastian_Notebook_for_Anna_Magdalena_Bach__Book_2__BWV_Anh.113-132_10._Polonaise_in_G_minor__BWV_Anh.119__PianoCoRe_015496,real,"pianocore:Bach,_Johann_Sebastian/Notebook_for_Anna_Magdalena_Bach,_Book_2,_BWV_Anh.113-132/10._Polonaise_in_G_minor,_BWV_Anh.119","pianocore:Bach,_Johann_Sebastian/Notebook_for_Anna_Magdalena_Bach,_Book_2,_BWV_Anh.113-132/10._Polonaise_in_G_minor,_BWV_Anh.119",Aria_575017_0,296,1.0,0.6696126019497272,75.0,296
"pianocore:Bach,_Johann_Sebastian/Notebook_for_Anna_Magdalena_Bach,_Book_2,_BWV_Anh.113-132/10._Polonaise_in_G_minor,_BWV_Anh.119",PianoCoRe_015497,Aria_592092_0,Aria-MIDI,Aria-AMT,"Bach,_Johann_Sebastian/Notebook_for_Anna_Magdalena_Bach,_Book_2,_BWV_Anh.113-132/10._Polonaise_in_G_minor,_BWV_Anh.119/score_PDMX_refined.mid",pianocore_Bach__Johann_Sebastian_Notebook_for_Anna_Magdalena_Bach__Book_2__BWV_Anh.113-132_10._Polonaise_in_G_minor__BWV_Anh.119__PianoCoRe_015497,real,"pianocore:Bach,_Johann_Sebastian/Notebook_for_Anna_Magdalena_Bach,_Book_2,_BWV_Anh.113-132/10._Polonaise_in_G_minor,_BWV_Anh.119","pianocore:Bach,_Johann_Sebastian/Notebook_for_Anna_Magdalena_Bach,_Book_2,_BWV_Anh.113-132/10._Polonaise_in_G_minor,_BWV_Anh.119",Aria_592092_0,296,1.0,0.721726524221193,80.0,296
"pianocore:Bach,_Johann_Sebastian/Notebook_for_Anna_Magdalena_Bach,_Book_2,_BWV_Anh.113-132/10._Polonaise_in_G_minor,_BWV_Anh.119",PianoCoRe_015499,Aria_609881_0,Aria-MIDI,Aria-AMT,"Bach,_Johann_Sebastian/Notebook_for_Anna_Magdalena_Bach,_Book_2,_BWV_Anh.113-132/10._Polonaise_in_G_minor,_BWV_Anh.119/score_PDMX_refined.mid",pianocore_Bach__Johann_Sebastian_Notebook_for_Anna_Magdalena_Bach__Book_2__BWV_Anh.113-132_10._Polonaise_in_G_minor__BWV_Anh.119__PianoCoRe_015499,real,"pianocore:Bach,_Johann_Sebastian/Notebook_for_Anna_Magdalena_Bach,_Book_2,_BWV_Anh.113-132/10._Polonaise_in_G_minor,_BWV_Anh.119","pianocore:Bach,_Johann_Sebastian/Notebook_for_Anna_Magdalena_Bach,_Book_2,_BWV_Anh.113-132/10._Polonaise_in_G_minor,_BWV_Anh.119",Aria_609881_0,296,1.0,0.6129034429837443,75.0,296
"pianocore:Bach,_Johann_Sebastian/Notebook_for_Anna_Magdalena_Bach,_Book_2,_BWV_Anh.113-132/10._Polonaise_in_G_minor,_BWV_Anh.119",PianoCoRe_015501,Aria_668314_0,Aria-MIDI,Aria-AMT,"Bach,_Johann_Sebastian/Notebook_for_Anna_Magdalena_Bach,_Book_2,_BWV_Anh.113-132/10._Polonaise_in_G_minor,_BWV_Anh.119/score_PDMX_refined.mid",pianocore_Bach__Johann_Sebastian_Notebook_for_Anna_Magdalena_Bach__Book_2__BWV_Anh.113-132_10._Polonaise_in_G_minor__BWV_Anh.119__PianoCoRe_015501,real,"pianocore:Bach,_Johann_Sebastian/Notebook_for_Anna_Magdalena_Bach,_Book_2,_BWV_Anh.113-132/10._Polonaise_in_G_minor,_BWV_Anh.119","pianocore:Bach,_Johann_Sebastian/Notebook_for_Anna_Magdalena_Bach,_Book_2,_BWV_Anh.113-132/10._Polonaise_in_G_minor,_BWV_Anh.119",Aria_668314_0,296,1.0,1.0130351248403988,60.0,296
"pianocore:Bach,_Johann_Sebastian/Notebook_for_Anna_Magdalena_Bach,_Book_2,_BWV_Anh.113-132/10._Polonaise_in_G_minor,_BWV_Anh.119",PianoCoRe_015502,Aria_670129_0,Aria-MIDI,Aria-AMT,"Bach,_Johann_Sebastian/Notebook_for_Anna_Magdalena_Bach,_Book_2,_BWV_Anh.113-132/10._Polonaise_in_G_minor,_BWV_Anh.119/score_PDMX_refined.mid",pianocore_Bach__Johann_Sebastian_Notebook_for_Anna_Magdalena_Bach__Book_2__BWV_Anh.113-132_10._Polonaise_in_G_minor__BWV_Anh.119__PianoCoRe_015502,real,"pianocore:Bach,_Johann_Sebastian/Notebook_for_Anna_Magdalena_Bach,_Book_2,_BWV_Anh.113-132/10._Polonaise_in_G_minor,_BWV_Anh.119","pianocore:Bach,_Johann_Sebastian/Notebook_for_Anna_Magdalena_Bach,_Book_2,_BWV_Anh.113-132/10._Polonaise_in_G_minor,_BWV_Anh.119",Aria_670129_0,253,0.8547297297297297,0.7453686645914088,75.0,296
"pianocore:Bach,_Johann_Sebastian/Notebook_for_Anna_Magdalena_Bach,_Book_2,_BWV_Anh.113-132/10._Polonaise_in_G_minor,_BWV_Anh.119",PianoCoRe_015503,Aria_677998_0,Aria-MIDI,Aria-AMT,"Bach,_Johann_Sebastian/Notebook_for_Anna_Magdalena_Bach,_Book_2,_BWV_Anh.113-132/10._Polonaise_in_G_minor,_BWV_Anh.119/score_PDMX_refined.mid",pianocore_Bach__Johann_Sebastian_Notebook_for_Anna_Magdalena_Bach__Book_2__BWV_Anh.113-132_10._Polonaise_in_G_minor__BWV_Anh.119__PianoCoRe_015503,real,"pianocore:Bach,_Johann_Sebastian/Notebook_for_Anna_Magdalena_Bach,_Book_2,_BWV_Anh.113-132/10._Polonaise_in_G_minor,_BWV_Anh.119","pianocore:Bach,_Johann_Sebastian/Notebook_for_Anna_Magdalena_Bach,_Book_2,_BWV_Anh.113-132/10._Polonaise_in_G_minor,_BWV_Anh.119",Aria_677998_0,296,1.0,0.8219311046499798,60.0,296
"pianocore:Bach,_Johann_Sebastian/Notebook_for_Anna_Magdalena_Bach,_Book_2,_BWV_Anh.113-132/10._Polonaise_in_G_minor,_BWV_Anh.119",PianoCoRe_015504,Aria_725129_0,Aria-MIDI,Aria-AMT,"Bach,_Johann_Sebastian/Notebook_for_Anna_Magdalena_Bach,_Book_2,_BWV_Anh.113-132/10._Polonaise_in_G_minor,_BWV_Anh.119/score_PDMX_refined.mid",pianocore_Bach__Johann_Sebastian_Notebook_for_Anna_Magdalena_Bach__Book_2__BWV_Anh.113-132_10._Polonaise_in_G_minor__BWV_Anh.119__PianoCoRe_015504,real,"pianocore:Bach,_Johann_Sebastian/Notebook_for_Anna_Magdalena_Bach,_Book_2,_BWV_Anh.113-132/10._Polonaise_in_G_minor,_BWV_Anh.119","pianocore:Bach,_Johann_Sebastian/Notebook_for_Anna_Magdalena_Bach,_Book_2,_BWV_Anh.113-132/10._Polonaise_in_G_minor,_BWV_Anh.119",Aria_725129_0,296,1.0,0.5756746397289134,75.0,296
"pianocore:Bach,_Johann_Sebastian/Notebook_for_Anna_Magdalena_Bach,_Book_2,_BWV_Anh.113-132/10._Polonaise_in_G_minor,_BWV_Anh.119",PianoCoRe_015505,Aria_730688_0,Aria-MIDI,Aria-AMT,"Bach,_Johann_Sebastian/Notebook_for_Anna_Magdalena_Bach,_Book_2,_BWV_Anh.113-132/10._Polonaise_in_G_minor,_BWV_Anh.119/score_PDMX_refined.mid",pianocore_Bach__Johann_Sebastian_Notebook_for_Anna_Magdalena_Bach__Book_2__BWV_Anh.113-132_10._Polonaise_in_G_minor__BWV_Anh.119__PianoCoRe_015505,real,"pianocore:Bach,_Johann_Sebastian/Notebook_for_Anna_Magdalena_Bach,_Book_2,_BWV_Anh.113-132/10._Polonaise_in_G_minor,_BWV_Anh.119","pianocore:Bach,_Johann_Sebastian/Notebook_for_Anna_Magdalena_Bach,_Book_2,_BWV_Anh.113-132/10._Polonaise_in_G_minor,_BWV_Anh.119",Aria_730688_0,295,0.9966216216216216,0.6338869244619496,65.0,296
"pianocore:Bach,_Johann_Sebastian/Notebook_for_Anna_Magdalena_Bach,_Book_2,_BWV_Anh.113-132/10._Polonaise_in_G_minor,_BWV_Anh.119",PianoCoRe_015506,Aria_731342_0,Aria-MIDI,Aria-AMT,"Bach,_Johann_Sebastian/Notebook_for_Anna_Magdalena_Bach,_Book_2,_BWV_Anh.113-132/10._Polonaise_in_G_minor,_BWV_Anh.119/score_PDMX_refined.mid",pianocore_Bach__Johann_Sebastian_Notebook_for_Anna_Magdalena_Bach__Book_2__BWV_Anh.113-132_10._Polonaise_in_G_minor__BWV_Anh.119__PianoCoRe_015506,real,"pianocore:Bach,_Johann_Sebastian/Notebook_for_Anna_Magdalena_Bach,_Book_2,_BWV_Anh.113-132/10._Polonaise_in_G_minor,_BWV_Anh.119","pianocore:Bach,_Johann_Sebastian/Notebook_for_Anna_Magdalena_Bach,_Book_2,_BWV_Anh.113-132/10._Polonaise_in_G_minor,_BWV_Anh.119",Aria_731342_0,292,0.9864864864864865,0.6495910226359707,70.0,296
"pianocore:Bach,_Johann_Sebastian/Notebook_for_Anna_Magdalena_Bach,_Book_2,_BWV_Anh.113-132/10._Polonaise_in_G_minor,_BWV_Anh.119",PianoCoRe_015507,Aria_740517_0,Aria-MIDI,Aria-AMT,"Bach,_Johann_Sebastian/Notebook_for_Anna_Magdalena_Bach,_Book_2,_BWV_Anh.113-132/10._Polonaise_in_G_minor,_BWV_Anh.119/score_PDMX_refined.mid",pianocore_Bach__Johann_Sebastian_Notebook_for_Anna_Magdalena_Bach__Book_2__BWV_Anh.113-132_10._Polonaise_in_G_minor__BWV_Anh.119__PianoCoRe_015507,real,"pianocore:Bach,_Johann_Sebastian/Notebook_for_Anna_Magdalena_Bach,_Book_2,_BWV_Anh.113-132/10._Polonaise_in_G_minor,_BWV_Anh.119","pianocore:Bach,_Johann_Sebastian/Notebook_for_Anna_Magdalena_Bach,_Book_2,_BWV_Anh.113-132/10._Polonaise_in_G_minor,_BWV_Anh.119",Aria_740517_0,296,1.0,0.5800500211849737,65.0,296
"pianocore:Bach,_Johann_Sebastian/Notebook_for_Anna_Magdalena_Bach,_Book_2,_BWV_Anh.113-132/10._Polonaise_in_G_minor,_BWV_Anh.119",PianoCoRe_015508,Aria_744920_0,Aria-MIDI,Aria-AMT,"Bach,_Johann_Sebastian/Notebook_for_Anna_Magdalena_Bach,_Book_2,_BWV_Anh.113-132/10._Polonaise_in_G_minor,_BWV_Anh.119/score_PDMX_refined.mid",pianocore_Bach__Johann_Sebastian_Notebook_for_Anna_Magdalena_Bach__Book_2__BWV_Anh.113-132_10._Polonaise_in_G_minor__BWV_Anh.119__PianoCoRe_015508,real,"pianocore:Bach,_Johann_Sebastian/Notebook_for_Anna_Magdalena_Bach,_Book_2,_BWV_Anh.113-132/10._Polonaise_in_G_minor,_BWV_Anh.119","pianocore:Bach,_Johann_Sebastian/Notebook_for_Anna_Magdalena_Bach,_Book_2,_BWV_Anh.113-132/10._Polonaise_in_G_minor,_BWV_Anh.119",Aria_744920_0,296,1.0,0.6195837215865394,80.0,296
"pianocore:Bach,_Johann_Sebastian/Notebook_for_Anna_Magdalena_Bach,_Book_2,_BWV_Anh.113-132/10._Polonaise_in_G_minor,_BWV_Anh.119",PianoCoRe_015509,Aria_748874_0,Aria-MIDI,Aria-AMT,"Bach,_Johann_Sebastian/Notebook_for_Anna_Magdalena_Bach,_Book_2,_BWV_Anh.113-132/10._Polonaise_in_G_minor,_BWV_Anh.119/score_PDMX_refined.mid",pianocore_Bach__Johann_Sebastian_Notebook_for_Anna_Magdalena_Bach__Book_2__BWV_Anh.113-132_10._Polonaise_in_G_minor__BWV_Anh.119__PianoCoRe_015509,real,"pianocore:Bach,_Johann_Sebastian/Notebook_for_Anna_Magdalena_Bach,_Book_2,_BWV_Anh.113-132/10._Polonaise_in_G_minor,_BWV_Anh.119","pianocore:Bach,_Johann_Sebastian/Notebook_for_Anna_Magdalena_Bach,_Book_2,_BWV_Anh.113-132/10._Polonaise_in_G_minor,_BWV_Anh.119",Aria_748874_0,296,1.0,0.472409359933086,80.0,296
"pianocore:Bach,_Johann_Sebastian/Notebook_for_Anna_Magdalena_Bach,_Book_2,_BWV_Anh.113-132/10._Polonaise_in_G_minor,_BWV_Anh.119",PianoCoRe_015510,Aria_759132_0,Aria-MIDI,Aria-AMT,"Bach,_Johann_Sebastian/Notebook_for_Anna_Magdalena_Bach,_Book_2,_BWV_Anh.113-132/10._Polonaise_in_G_minor,_BWV_Anh.119/score_PDMX_refined.mid",pianocore_Bach__Johann_Sebastian_Notebook_for_Anna_Magdalena_Bach__Book_2__BWV_Anh.113-132_10._Polonaise_in_G_minor__BWV_Anh.119__PianoCoRe_015510,real,"pianocore:Bach,_Johann_Sebastian/Notebook_for_Anna_Magdalena_Bach,_Book_2,_BWV_Anh.113-132/10._Polonaise_in_G_minor,_BWV_Anh.119","pianocore:Bach,_Johann_Sebastian/Notebook_for_Anna_Magdalena_Bach,_Book_2,_BWV_Anh.113-132/10._Polonaise_in_G_minor,_BWV_Anh.119",Aria_759132_0,295,0.9966216216216216,0.667645572451163,65.0,296
"pianocore:Bach,_Johann_Sebastian/Notebook_for_Anna_Magdalena_Bach,_Book_2,_BWV_Anh.113-132/10._Polonaise_in_G_minor,_BWV_Anh.119",PianoCoRe_015511,Aria_759433_0,Aria-MIDI,Aria-AMT,"Bach,_Johann_Sebastian/Notebook_for_Anna_Magdalena_Bach,_Book_2,_BWV_Anh.113-132/10._Polonaise_in_G_minor,_BWV_Anh.119/score_PDMX_refined.mid",pianocore_Bach__Johann_Sebastian_Notebook_for_Anna_Magdalena_Bach__Book_2__BWV_Anh.113-132_10._Polonaise_in_G_minor__BWV_Anh.119__PianoCoRe_015511,real,"pianocore:Bach,_Johann_Sebastian/Notebook_for_Anna_Magdalena_Bach,_Book_2,_BWV_Anh.113-132/10._Polonaise_in_G_minor,_BWV_Anh.119","pianocore:Bach,_Johann_Sebastian/Notebook_for_Anna_Magdalena_Bach,_Book_2,_BWV_Anh.113-132/10._Polonaise_in_G_minor,_BWV_Anh.119",Aria_759433_0,296,1.0,0.6987958618251977,70.0,296
"pianocore:Bach,_Johann_Sebastian/Notebook_for_Anna_Magdalena_Bach,_Book_2,_BWV_Anh.113-132/10._Polonaise_in_G_minor,_BWV_Anh.119",PianoCoRe_015512,Aria_772803_0,Aria-MIDI,Aria-AMT,"Bach,_Johann_Sebastian/Notebook_for_Anna_Magdalena_Bach,_Book_2,_BWV_Anh.113-132/10._Polonaise_in_G_minor,_BWV_Anh.119/score_PDMX_refined.mid",pianocore_Bach__Johann_Sebastian_Notebook_for_Anna_Magdalena_Bach__Book_2__BWV_Anh.113-132_10._Polonaise_in_G_minor__BWV_Anh.119__PianoCoRe_015512,real,"pianocore:Bach,_Johann_Sebastian/Notebook_for_Anna_Magdalena_Bach,_Book_2,_BWV_Anh.113-132/10._Polonaise_in_G_minor,_BWV_Anh.119","pianocore:Bach,_Johann_Sebastian/Notebook_for_Anna_Magdalena_Bach,_Book_2,_BWV_Anh.113-132/10._Polonaise_in_G_minor,_BWV_Anh.119",Aria_772803_0,296,1.0,0.6141468194764789,70.0,296
"pianocore:Bach,_Johann_Sebastian/Notebook_for_Anna_Magdalena_Bach,_Book_2,_BWV_Anh.113-132/10._Polonaise_in_G_minor,_BWV_Anh.119",PianoCoRe_015513,Aria_783038_0,Aria-MIDI,Aria-AMT,"Bach,_Johann_Sebastian/Notebook_for_Anna_Magdalena_Bach,_Book_2,_BWV_Anh.113-132/10._Polonaise_in_G_minor,_BWV_Anh.119/score_PDMX_refined.mid",pianocore_Bach__Johann_Sebastian_Notebook_for_Anna_Magdalena_Bach__Book_2__BWV_Anh.113-132_10._Polonaise_in_G_minor__BWV_Anh.119__PianoCoRe_015513,real,"pianocore:Bach,_Johann_Sebastian/Notebook_for_Anna_Magdalena_Bach,_Book_2,_BWV_Anh.113-132/10._Polonaise_in_G_minor,_BWV_Anh.119","pianocore:Bach,_Johann_Sebastian/Notebook_for_Anna_Magdalena_Bach,_Book_2,_BWV_Anh.113-132/10._Polonaise_in_G_minor,_BWV_Anh.119",Aria_783038_0,293,0.9898648648648649,0.5979476980323497,55.0,296
"pianocore:Bach,_Johann_Sebastian/Notebook_for_Anna_Magdalena_Bach,_Book_2,_BWV_Anh.113-132/10._Polonaise_in_G_minor,_BWV_Anh.119",PianoCoRe_015514,Aria_786769_0,Aria-MIDI,Aria-AMT,"Bach,_Johann_Sebastian/Notebook_for_Anna_Magdalena_Bach,_Book_2,_BWV_Anh.113-132/10._Polonaise_in_G_minor,_BWV_Anh.119/score_PDMX_refined.mid",pianocore_Bach__Johann_Sebastian_Notebook_for_Anna_Magdalena_Bach__Book_2__BWV_Anh.113-132_10._Polonaise_in_G_minor__BWV_Anh.119__PianoCoRe_015514,real,"pianocore:Bach,_Johann_Sebastian/Notebook_for_Anna_Magdalena_Bach,_Book_2,_BWV_Anh.113-132/10._Polonaise_in_G_minor,_BWV_Anh.119","pianocore:Bach,_Johann_Sebastian/Notebook_for_Anna_Magdalena_Bach,_Book_2,_BWV_Anh.113-132/10._Polonaise_in_G_minor,_BWV_Anh.119",Aria_786769_0,288,0.972972972972973,0.5641242310113648,68.0,296
"pianocore:Bach,_Johann_Sebastian/Notebook_for_Anna_Magdalena_Bach,_Book_2,_BWV_Anh.113-132/10._Polonaise_in_G_minor,_BWV_Anh.119",PianoCoRe_015516,Aria_806271_0,Aria-MIDI,Aria-AMT,"Bach,_Johann_Sebastian/Notebook_for_Anna_Magdalena_Bach,_Book_2,_BWV_Anh.113-132/10._Polonaise_in_G_minor,_BWV_Anh.119/score_PDMX_refined.mid",pianocore_Bach__Johann_Sebastian_Notebook_for_Anna_Magdalena_Bach__Book_2__BWV_Anh.113-132_10._Polonaise_in_G_minor__BWV_Anh.119__PianoCoRe_015516,real,"pianocore:Bach,_Johann_Sebastian/Notebook_for_Anna_Magdalena_Bach,_Book_2,_BWV_Anh.113-132/10._Polonaise_in_G_minor,_BWV_Anh.119","pianocore:Bach,_Johann_Sebastian/Notebook_for_Anna_Magdalena_Bach,_Book_2,_BWV_Anh.113-132/10._Polonaise_in_G_minor,_BWV_Anh.119",Aria_806271_0,285,0.9628378378378378,0.5188420978664812,65.0,296
"pianocore:Bach,_Johann_Sebastian/Notebook_for_Anna_Magdalena_Bach,_Book_2,_BWV_Anh.113-132/10._Polonaise_in_G_minor,_BWV_Anh.119",PianoCoRe_015518,Aria_865623_0,Aria-MIDI,Aria-AMT,"Bach,_Johann_Sebastian/Notebook_for_Anna_Magdalena_Bach,_Book_2,_BWV_Anh.113-132/10._Polonaise_in_G_minor,_BWV_Anh.119/score_PDMX_refined.mid",pianocore_Bach__Johann_Sebastian_Notebook_for_Anna_Magdalena_Bach__Book_2__BWV_Anh.113-132_10._Polonaise_in_G_minor__BWV_Anh.119__PianoCoRe_015518,real,"pianocore:Bach,_Johann_Sebastian/Notebook_for_Anna_Magdalena_Bach,_Book_2,_BWV_Anh.113-132/10._Polonaise_in_G_minor,_BWV_Anh.119","pianocore:Bach,_Johann_Sebastian/Notebook_for_Anna_Magdalena_Bach,_Book_2,_BWV_Anh.113-132/10._Polonaise_in_G_minor,_BWV_Anh.119",Aria_865623_0,296,1.0,0.6467043776357292,65.0,296
"pianocore:Bach,_Johann_Sebastian/Notebook_for_Anna_Magdalena_Bach,_Book_2,_BWV_Anh.113-132/10._Polonaise_in_G_minor,_BWV_Anh.119",PianoCoRe_015519,Aria_874125_0,Aria-MIDI,Aria-AMT,"Bach,_Johann_Sebastian/Notebook_for_Anna_Magdalena_Bach,_Book_2,_BWV_Anh.113-132/10._Polonaise_in_G_minor,_BWV_Anh.119/score_PDMX_refined.mid",pianocore_Bach__Johann_Sebastian_Notebook_for_Anna_Magdalena_Bach__Book_2__BWV_Anh.113-132_10._Polonaise_in_G_minor__BWV_Anh.119__PianoCoRe_015519,real,"pianocore:Bach,_Johann_Sebastian/Notebook_for_Anna_Magdalena_Bach,_Book_2,_BWV_Anh.113-132/10._Polonaise_in_G_minor,_BWV_Anh.119","pianocore:Bach,_Johann_Sebastian/Notebook_for_Anna_Magdalena_Bach,_Book_2,_BWV_Anh.113-132/10._Polonaise_in_G_minor,_BWV_Anh.119",Aria_874125_0,296,1.0,0.6435959451576561,65.0,296
"pianocore:Bach,_Johann_Sebastian/Notebook_for_Anna_Magdalena_Bach,_Book_2,_BWV_Anh.113-132/10._Polonaise_in_G_minor,_BWV_Anh.119",PianoCoRe_015520,Aria_896983_0,Aria-MIDI,Aria-AMT,"Bach,_Johann_Sebastian/Notebook_for_Anna_Magdalena_Bach,_Book_2,_BWV_Anh.113-132/10._Polonaise_in_G_minor,_BWV_Anh.119/score_PDMX_refined.mid",pianocore_Bach__Johann_Sebastian_Notebook_for_Anna_Magdalena_Bach__Book_2__BWV_Anh.113-132_10._Polonaise_in_G_minor__BWV_Anh.119__PianoCoRe_015520,real,"pianocore:Bach,_Johann_Sebastian/Notebook_for_Anna_Magdalena_Bach,_Book_2,_BWV_Anh.113-132/10._Polonaise_in_G_minor,_BWV_Anh.119","pianocore:Bach,_Johann_Sebastian/Notebook_for_Anna_Magdalena_Bach,_Book_2,_BWV_Anh.113-132/10._Polonaise_in_G_minor,_BWV_Anh.119",Aria_896983_0,296,1.0,0.6016630062663507,75.0,296
"pianocore:Bach,_Johann_Sebastian/Notebook_for_Anna_Magdalena_Bach,_Book_2,_BWV_Anh.113-132/10._Polonaise_in_G_minor,_BWV_Anh.119",PianoCoRe_015521,Aria_922934_0,Aria-MIDI,Aria-AMT,"Bach,_Johann_Sebastian/Notebook_for_Anna_Magdalena_Bach,_Book_2,_BWV_Anh.113-132/10._Polonaise_in_G_minor,_BWV_Anh.119/score_PDMX_refined.mid",pianocore_Bach__Johann_Sebastian_Notebook_for_Anna_Magdalena_Bach__Book_2__BWV_Anh.113-132_10._Polonaise_in_G_minor__BWV_Anh.119__PianoCoRe_015521,real,"pianocore:Bach,_Johann_Sebastian/Notebook_for_Anna_Magdalena_Bach,_Book_2,_BWV_Anh.113-132/10._Polonaise_in_G_minor,_BWV_Anh.119","pianocore:Bach,_Johann_Sebastian/Notebook_for_Anna_Magdalena_Bach,_Book_2,_BWV_Anh.113-132/10._Polonaise_in_G_minor,_BWV_Anh.119",Aria_922934_0,296,1.0,0.5254098290941297,75.0,296
"pianocore:Bach,_Johann_Sebastian/Notebook_for_Anna_Magdalena_Bach,_Book_2,_BWV_Anh.113-132/15._Minuet_in_C_minor,_BWV_Anh.121",PianoCoRe_015547,Aria_017770_0,Aria-MIDI,Aria-AMT,"Bach,_Johann_Sebastian/Notebook_for_Anna_Magdalena_Bach,_Book_2,_BWV_Anh.113-132/15._Minuet_in_C_minor,_BWV_Anh.121/score_PDMX_refined.mid",pianocore_Bach__Johann_Sebastian_Notebook_for_Anna_Magdalena_Bach__Book_2__BWV_Anh.113-132_15._Minuet_in_C_minor__BWV_Anh.121__PianoCoRe_015547,real,"pianocore:Bach,_Johann_Sebastian/Notebook_for_Anna_Magdalena_Bach,_Book_2,_BWV_Anh.113-132/15._Minuet_in_C_minor,_BWV_Anh.121","pianocore:Bach,_Johann_Sebastian/Notebook_for_Anna_Magdalena_Bach,_Book_2,_BWV_Anh.113-132/15._Minuet_in_C_minor,_BWV_Anh.121",Aria_017770_0,298,1.0,0.48666762162433896,60.0,298
"pianocore:Bach,_Johann_Sebastian/Notebook_for_Anna_Magdalena_Bach,_Book_2,_BWV_Anh.113-132/15._Minuet_in_C_minor,_BWV_Anh.121",PianoCoRe_015548,Aria_036937_0,Aria-MIDI,Aria-AMT,"Bach,_Johann_Sebastian/Notebook_for_Anna_Magdalena_Bach,_Book_2,_BWV_Anh.113-132/15._Minuet_in_C_minor,_BWV_Anh.121/score_PDMX_refined.mid",pianocore_Bach__Johann_Sebastian_Notebook_for_Anna_Magdalena_Bach__Book_2__BWV_Anh.113-132_15._Minuet_in_C_minor__BWV_Anh.121__PianoCoRe_015548,real,"pianocore:Bach,_Johann_Sebastian/Notebook_for_Anna_Magdalena_Bach,_Book_2,_BWV_Anh.113-132/15._Minuet_in_C_minor,_BWV_Anh.121","pianocore:Bach,_Johann_Sebastian/Notebook_for_Anna_Magdalena_Bach,_Book_2,_BWV_Anh.113-132/15._Minuet_in_C_minor,_BWV_Anh.121",Aria_036937_0,296,0.9932885906040269,0.4922002281136756,50.0,298
"pianocore:Bach,_Johann_Sebastian/Notebook_for_Anna_Magdalena_Bach,_Book_2,_BWV_Anh.113-132/15._Minuet_in_C_minor,_BWV_Anh.121",PianoCoRe_015550,Aria_053219_0,Aria-MIDI,Aria-AMT,"Bach,_Johann_Sebastian/Notebook_for_Anna_Magdalena_Bach,_Book_2,_BWV_Anh.113-132/15._Minuet_in_C_minor,_BWV_Anh.121/score_PDMX_refined.mid",pianocore_Bach__Johann_Sebastian_Notebook_for_Anna_Magdalena_Bach__Book_2__BWV_Anh.113-132_15._Minuet_in_C_minor__BWV_Anh.121__PianoCoRe_015550,real,"pianocore:Bach,_Johann_Sebastian/Notebook_for_Anna_Magdalena_Bach,_Book_2,_BWV_Anh.113-132/15._Minuet_in_C_minor,_BWV_Anh.121","pianocore:Bach,_Johann_Sebastian/Notebook_for_Anna_Magdalena_Bach,_Book_2,_BWV_Anh.113-132/15._Minuet_in_C_minor,_BWV_Anh.121",Aria_053219_0,298,1.0,0.418350604411671,70.0,298
"pianocore:Bach,_Johann_Sebastian/Notebook_for_Anna_Magdalena_Bach,_Book_2,_BWV_Anh.113-132/15._Minuet_in_C_minor,_BWV_Anh.121",PianoCoRe_015551,Aria_098977_0,Aria-MIDI,Aria-AMT,"Bach,_Johann_Sebastian/Notebook_for_Anna_Magdalena_Bach,_Book_2,_BWV_Anh.113-132/15._Minuet_in_C_minor,_BWV_Anh.121/score_PDMX_refined.mid",pianocore_Bach__Johann_Sebastian_Notebook_for_Anna_Magdalena_Bach__Book_2__BWV_Anh.113-132_15._Minuet_in_C_minor__BWV_Anh.121__PianoCoRe_015551,real,"pianocore:Bach,_Johann_Sebastian/Notebook_for_Anna_Magdalena_Bach,_Book_2,_BWV_Anh.113-132/15._Minuet_in_C_minor,_BWV_Anh.121","pianocore:Bach,_Johann_Sebastian/Notebook_for_Anna_Magdalena_Bach,_Book_2,_BWV_Anh.113-132/15._Minuet_in_C_minor,_BWV_Anh.121",Aria_098977_0,288,0.9664429530201343,0.6097885175415237,85.0,298
"pianocore:Bach,_Johann_Sebastian/Notebook_for_Anna_Magdalena_Bach,_Book_2,_BWV_Anh.113-132/15._Minuet_in_C_minor,_BWV_Anh.121",PianoCoRe_015553,Aria_124528_0,Aria-MIDI,Aria-AMT,"Bach,_Johann_Sebastian/Notebook_for_Anna_Magdalena_Bach,_Book_2,_BWV_Anh.113-132/15._Minuet_in_C_minor,_BWV_Anh.121/score_PDMX_refined.mid",pianocore_Bach__Johann_Sebastian_Notebook_for_Anna_Magdalena_Bach__Book_2__BWV_Anh.113-132_15._Minuet_in_C_minor__BWV_Anh.121__PianoCoRe_015553,real,"pianocore:Bach,_Johann_Sebastian/Notebook_for_Anna_Magdalena_Bach,_Book_2,_BWV_Anh.113-132/15._Minuet_in_C_minor,_BWV_Anh.121","pianocore:Bach,_Johann_Sebastian/Notebook_for_Anna_Magdalena_Bach,_Book_2,_BWV_Anh.113-132/15._Minuet_in_C_minor,_BWV_Anh.121",Aria_124528_0,298,1.0,0.4678178330895349,75.0,298
"pianocore:Bach,_Johann_Sebastian/Notebook_for_Anna_Magdalena_Bach,_Book_2,_BWV_Anh.113-132/15._Minuet_in_C_minor,_BWV_Anh.121",PianoCoRe_015557,Aria_232433_0,Aria-MIDI,Aria-AMT,"Bach,_Johann_Sebastian/Notebook_for_Anna_Magdalena_Bach,_Book_2,_BWV_Anh.113-132/15._Minuet_in_C_minor,_BWV_Anh.121/score_PDMX_refined.mid",pianocore_Bach__Johann_Sebastian_Notebook_for_Anna_Magdalena_Bach__Book_2__BWV_Anh.113-132_15._Minuet_in_C_minor__BWV_Anh.121__PianoCoRe_015557,real,"pianocore:Bach,_Johann_Sebastian/Notebook_for_Anna_Magdalena_Bach,_Book_2,_BWV_Anh.113-132/15._Minuet_in_C_minor,_BWV_Anh.121","pianocore:Bach,_Johann_Sebastian/Notebook_for_Anna_Magdalena_Bach,_Book_2,_BWV_Anh.113-132/15._Minuet_in_C_minor,_BWV_Anh.121",Aria_232433_0,298,1.0,0.5647689790464888,60.0,298
"pianocore:Bach,_Johann_Sebastian/Notebook_for_Anna_Magdalena_Bach,_Book_2,_BWV_Anh.113-132/15._Minuet_in_C_minor,_BWV_Anh.121",PianoCoRe_015558,Aria_270449_0,Aria-MIDI,Aria-AMT,"Bach,_Johann_Sebastian/Notebook_for_Anna_Magdalena_Bach,_Book_2,_BWV_Anh.113-132/15._Minuet_in_C_minor,_BWV_Anh.121/score_PDMX_refined.mid",pianocore_Bach__Johann_Sebastian_Notebook_for_Anna_Magdalena_Bach__Book_2__BWV_Anh.113-132_15._Minuet_in_C_minor__BWV_Anh.121__PianoCoRe_015558,real,"pianocore:Bach,_Johann_Sebastian/Notebook_for_Anna_Magdalena_Bach,_Book_2,_BWV_Anh.113-132/15._Minuet_in_C_minor,_BWV_Anh.121","pianocore:Bach,_Johann_Sebastian/Notebook_for_Anna_Magdalena_Bach,_Book_2,_BWV_Anh.113-132/15._Minuet_in_C_minor,_BWV_Anh.121",Aria_270449_0,298,1.0,0.4148512957111513,65.0,298
"pianocore:Bach,_Johann_Sebastian/Notebook_for_Anna_Magdalena_Bach,_Book_2,_BWV_Anh.113-132/15._Minuet_in_C_minor,_BWV_Anh.121",PianoCoRe_015561,Aria_329093_0,Aria-MIDI,Aria-AMT,"Bach,_Johann_Sebastian/Notebook_for_Anna_Magdalena_Bach,_Book_2,_BWV_Anh.113-132/15._Minuet_in_C_minor,_BWV_Anh.121/score_PDMX_refined.mid",pianocore_Bach__Johann_Sebastian_Notebook_for_Anna_Magdalena_Bach__Book_2__BWV_Anh.113-132_15._Minuet_in_C_minor__BWV_Anh.121__PianoCoRe_015561,real,"pianocore:Bach,_Johann_Sebastian/Notebook_for_Anna_Magdalena_Bach,_Book_2,_BWV_Anh.113-132/15._Minuet_in_C_minor,_BWV_Anh.121","pianocore:Bach,_Johann_Sebastian/Notebook_for_Anna_Magdalena_Bach,_Book_2,_BWV_Anh.113-132/15._Minuet_in_C_minor,_BWV_Anh.121",Aria_329093_0,293,0.9832214765100671,0.5837968689099531,60.0,298
"pianocore:Bach,_Johann_Sebastian/Notebook_for_Anna_Magdalena_Bach,_Book_2,_BWV_Anh.113-132/15._Minuet_in_C_minor,_BWV_Anh.121",PianoCoRe_015563,Aria_370244_0,Aria-MIDI,Aria-AMT,"Bach,_Johann_Sebastian/Notebook_for_Anna_Magdalena_Bach,_Book_2,_BWV_Anh.113-132/15._Minuet_in_C_minor,_BWV_Anh.121/score_PDMX_refined.mid",pianocore_Bach__Johann_Sebastian_Notebook_for_Anna_Magdalena_Bach__Book_2__BWV_Anh.113-132_15._Minuet_in_C_minor__BWV_Anh.121__PianoCoRe_015563,real,"pianocore:Bach,_Johann_Sebastian/Notebook_for_Anna_Magdalena_Bach,_Book_2,_BWV_Anh.113-132/15._Minuet_in_C_minor,_BWV_Anh.121","pianocore:Bach,_Johann_Sebastian/Notebook_for_Anna_Magdalena_Bach,_Book_2,_BWV_Anh.113-132/15._Minuet_in_C_minor,_BWV_Anh.121",Aria_370244_0,298,1.0,0.5839040658641608,55.0,298
"pianocore:Bach,_Johann_Sebastian/Notebook_for_Anna_Magdalena_Bach,_Book_2,_BWV_Anh.113-132/15._Minuet_in_C_minor,_BWV_Anh.121",PianoCoRe_015564,Aria_371155_0,Aria-MIDI,Aria-AMT,"Bach,_Johann_Sebastian/Notebook_for_Anna_Magdalena_Bach,_Book_2,_BWV_Anh.113-132/15._Minuet_in_C_minor,_BWV_Anh.121/score_PDMX_refined.mid",pianocore_Bach__Johann_Sebastian_Notebook_for_Anna_Magdalena_Bach__Book_2__BWV_Anh.113-132_15._Minuet_in_C_minor__BWV_Anh.121__PianoCoRe_015564,real,"pianocore:Bach,_Johann_Sebastian/Notebook_for_Anna_Magdalena_Bach,_Book_2,_BWV_Anh.113-132/15._Minuet_in_C_minor,_BWV_Anh.121","pianocore:Bach,_Johann_Sebastian/Notebook_for_Anna_Magdalena_Bach,_Book_2,_BWV_Anh.113-132/15._Minuet_in_C_minor,_BWV_Anh.121",Aria_371155_0,298,1.0,0.6896114189914097,60.0,298
"pianocore:Bach,_Johann_Sebastian/Notebook_for_Anna_Magdalena_Bach,_Book_2,_BWV_Anh.113-132/15._Minuet_in_C_minor,_BWV_Anh.121",PianoCoRe_015565,Aria_374603_0,Aria-MIDI,Aria-AMT,"Bach,_Johann_Sebastian/Notebook_for_Anna_Magdalena_Bach,_Book_2,_BWV_Anh.113-132/15._Minuet_in_C_minor,_BWV_Anh.121/score_PDMX_refined.mid",pianocore_Bach__Johann_Sebastian_Notebook_for_Anna_Magdalena_Bach__Book_2__BWV_Anh.113-132_15._Minuet_in_C_minor__BWV_Anh.121__PianoCoRe_015565,real,"pianocore:Bach,_Johann_Sebastian/Notebook_for_Anna_Magdalena_Bach,_Book_2,_BWV_Anh.113-132/15._Minuet_in_C_minor,_BWV_Anh.121","pianocore:Bach,_Johann_Sebastian/Notebook_for_Anna_Magdalena_Bach,_Book_2,_BWV_Anh.113-132/15._Minuet_in_C_minor,_BWV_Anh.121",Aria_374603_0,298,1.0,0.6664255876779459,55.0,298
"pianocore:Bach,_Johann_Sebastian/Notebook_for_Anna_Magdalena_Bach,_Book_2,_BWV_Anh.113-132/15._Minuet_in_C_minor,_BWV_Anh.121",PianoCoRe_015566,Aria_410412_0,Aria-MIDI,Aria-AMT,"Bach,_Johann_Sebastian/Notebook_for_Anna_Magdalena_Bach,_Book_2,_BWV_Anh.113-132/15._Minuet_in_C_minor,_BWV_Anh.121/score_PDMX_refined.mid",pianocore_Bach__Johann_Sebastian_Notebook_for_Anna_Magdalena_Bach__Book_2__BWV_Anh.113-132_15._Minuet_in_C_minor__BWV_Anh.121__PianoCoRe_015566,real,"pianocore:Bach,_Johann_Sebastian/Notebook_for_Anna_Magdalena_Bach,_Book_2,_BWV_Anh.113-132/15._Minuet_in_C_minor,_BWV_Anh.121","pianocore:Bach,_Johann_Sebastian/Notebook_for_Anna_Magdalena_Bach,_Book_2,_BWV_Anh.113-132/15._Minuet_in_C_minor,_BWV_Anh.121",Aria_410412_0,298,1.0,0.5125496529481469,65.0,298
"pianocore:Bach,_Johann_Sebastian/Notebook_for_Anna_Magdalena_Bach,_Book_2,_BWV_Anh.113-132/15._Minuet_in_C_minor,_BWV_Anh.121",PianoCoRe_015567,Aria_435708_0,Aria-MIDI,Aria-AMT,"Bach,_Johann_Sebastian/Notebook_for_Anna_Magdalena_Bach,_Book_2,_BWV_Anh.113-132/15._Minuet_in_C_minor,_BWV_Anh.121/score_PDMX_refined.mid",pianocore_Bach__Johann_Sebastian_Notebook_for_Anna_Magdalena_Bach__Book_2__BWV_Anh.113-132_15._Minuet_in_C_minor__BWV_Anh.121__PianoCoRe_015567,real,"pianocore:Bach,_Johann_Sebastian/Notebook_for_Anna_Magdalena_Bach,_Book_2,_BWV_Anh.113-132/15._Minuet_in_C_minor,_BWV_Anh.121","pianocore:Bach,_Johann_Sebastian/Notebook_for_Anna_Magdalena_Bach,_Book_2,_BWV_Anh.113-132/15._Minuet_in_C_minor,_BWV_Anh.121",Aria_435708_0,298,1.0,0.6251696094789411,60.0,298
"pianocore:Bach,_Johann_Sebastian/Notebook_for_Anna_Magdalena_Bach,_Book_2,_BWV_Anh.113-132/15._Minuet_in_C_minor,_BWV_Anh.121",PianoCoRe_015569,Aria_584773_0,Aria-MIDI,Aria-AMT,"Bach,_Johann_Sebastian/Notebook_for_Anna_Magdalena_Bach,_Book_2,_BWV_Anh.113-132/15._Minuet_in_C_minor,_BWV_Anh.121/score_PDMX_refined.mid",pianocore_Bach__Johann_Sebastian_Notebook_for_Anna_Magdalena_Bach__Book_2__BWV_Anh.113-132_15._Minuet_in_C_minor__BWV_Anh.121__PianoCoRe_015569,real,"pianocore:Bach,_Johann_Sebastian/Notebook_for_Anna_Magdalena_Bach,_Book_2,_BWV_Anh.113-132/15._Minuet_in_C_minor,_BWV_Anh.121","pianocore:Bach,_Johann_Sebastian/Notebook_for_Anna_Magdalena_Bach,_Book_2,_BWV_Anh.113-132/15._Minuet_in_C_minor,_BWV_Anh.121",Aria_584773_0,296,0.9932885906040269,0.47656173434662147,75.0,298
"pianocore:Bach,_Johann_Sebastian/Notebook_for_Anna_Magdalena_Bach,_Book_2,_BWV_Anh.113-132/15._Minuet_in_C_minor,_BWV_Anh.121",PianoCoRe_015570,Aria_588411_0,Aria-MIDI,Aria-AMT,"Bach,_Johann_Sebastian/Notebook_for_Anna_Magdalena_Bach,_Book_2,_BWV_Anh.113-132/15._Minuet_in_C_minor,_BWV_Anh.121/score_PDMX_refined.mid",pianocore_Bach__Johann_Sebastian_Notebook_for_Anna_Magdalena_Bach__Book_2__BWV_Anh.113-132_15._Minuet_in_C_minor__BWV_Anh.121__PianoCoRe_015570,real,"pianocore:Bach,_Johann_Sebastian/Notebook_for_Anna_Magdalena_Bach,_Book_2,_BWV_Anh.113-132/15._Minuet_in_C_minor,_BWV_Anh.121","pianocore:Bach,_Johann_Sebastian/Notebook_for_Anna_Magdalena_Bach,_Book_2,_BWV_Anh.113-132/15._Minuet_in_C_minor,_BWV_Anh.121",Aria_588411_0,298,1.0,0.3879309734961886,70.0,298
"pianocore:Bach,_Johann_Sebastian/Notebook_for_Anna_Magdalena_Bach,_Book_2,_BWV_Anh.113-132/15._Minuet_in_C_minor,_BWV_Anh.121",PianoCoRe_015571,Aria_606112_0,Aria-MIDI,Aria-AMT,"Bach,_Johann_Sebastian/Notebook_for_Anna_Magdalena_Bach,_Book_2,_BWV_Anh.113-132/15._Minuet_in_C_minor,_BWV_Anh.121/score_PDMX_refined.mid",pianocore_Bach__Johann_Sebastian_Notebook_for_Anna_Magdalena_Bach__Book_2__BWV_Anh.113-132_15._Minuet_in_C_minor__BWV_Anh.121__PianoCoRe_015571,real,"pianocore:Bach,_Johann_Sebastian/Notebook_for_Anna_Magdalena_Bach,_Book_2,_BWV_Anh.113-132/15._Minuet_in_C_minor,_BWV_Anh.121","pianocore:Bach,_Johann_Sebastian/Notebook_for_Anna_Magdalena_Bach,_Book_2,_BWV_Anh.113-132/15._Minuet_in_C_minor,_BWV_Anh.121",Aria_606112_0,298,1.0,0.468278100400651,50.0,298
"pianocore:Bach,_Johann_Sebastian/Notebook_for_Anna_Magdalena_Bach,_Book_2,_BWV_Anh.113-132/15._Minuet_in_C_minor,_BWV_Anh.121",PianoCoRe_015572,Aria_671097_0,Aria-MIDI,Aria-AMT,"Bach,_Johann_Sebastian/Notebook_for_Anna_Magdalena_Bach,_Book_2,_BWV_Anh.113-132/15._Minuet_in_C_minor,_BWV_Anh.121/score_PDMX_refined.mid",pianocore_Bach__Johann_Sebastian_Notebook_for_Anna_Magdalena_Bach__Book_2__BWV_Anh.113-132_15._Minuet_in_C_minor__BWV_Anh.121__PianoCoRe_015572,real,"pianocore:Bach,_Johann_Sebastian/Notebook_for_Anna_Magdalena_Bach,_Book_2,_BWV_Anh.113-132/15._Minuet_in_C_minor,_BWV_Anh.121","pianocore:Bach,_Johann_Sebastian/Notebook_for_Anna_Magdalena_Bach,_Book_2,_BWV_Anh.113-132/15._Minuet_in_C_minor,_BWV_Anh.121",Aria_671097_0,298,1.0,0.7019693441462714,65.0,298
"pianocore:Bach,_Johann_Sebastian/Notebook_for_Anna_Magdalena_Bach,_Book_2,_BWV_Anh.113-132/15._Minuet_in_C_minor,_BWV_Anh.121",PianoCoRe_015573,Aria_678022_0,Aria-MIDI,Aria-AMT,"Bach,_Johann_Sebastian/Notebook_for_Anna_Magdalena_Bach,_Book_2,_BWV_Anh.113-132/15._Minuet_in_C_minor,_BWV_Anh.121/score_PDMX_refined.mid",pianocore_Bach__Johann_Sebastian_Notebook_for_Anna_Magdalena_Bach__Book_2__BWV_Anh.113-132_15._Minuet_in_C_minor__BWV_Anh.121__PianoCoRe_015573,real,"pianocore:Bach,_Johann_Sebastian/Notebook_for_Anna_Magdalena_Bach,_Book_2,_BWV_Anh.113-132/15._Minuet_in_C_minor,_BWV_Anh.121","pianocore:Bach,_Johann_Sebastian/Notebook_for_Anna_Magdalena_Bach,_Book_2,_BWV_Anh.113-132/15._Minuet_in_C_minor,_BWV_Anh.121",Aria_678022_0,298,1.0,0.5821855260791347,60.0,298
"pianocore:Bach,_Johann_Sebastian/Notebook_for_Anna_Magdalena_Bach,_Book_2,_BWV_Anh.113-132/15._Minuet_in_C_minor,_BWV_Anh.121",PianoCoRe_015574,Aria_682898_0,Aria-MIDI,Aria-AMT,"Bach,_Johann_Sebastian/Notebook_for_Anna_Magdalena_Bach,_Book_2,_BWV_Anh.113-132/15._Minuet_in_C_minor,_BWV_Anh.121/score_PDMX_refined.mid",pianocore_Bach__Johann_Sebastian_Notebook_for_Anna_Magdalena_Bach__Book_2__BWV_Anh.113-132_15._Minuet_in_C_minor__BWV_Anh.121__PianoCoRe_015574,real,"pianocore:Bach,_Johann_Sebastian/Notebook_for_Anna_Magdalena_Bach,_Book_2,_BWV_Anh.113-132/15._Minuet_in_C_minor,_BWV_Anh.121","pianocore:Bach,_Johann_Sebastian/Notebook_for_Anna_Magdalena_Bach,_Book_2,_BWV_Anh.113-132/15._Minuet_in_C_minor,_BWV_Anh.121",Aria_682898_0,296,0.9932885906040269,0.6348982106656402,60.0,298
"pianocore:Bach,_Johann_Sebastian/Notebook_for_Anna_Magdalena_Bach,_Book_2,_BWV_Anh.113-132/15._Minuet_in_C_minor,_BWV_Anh.121",PianoCoRe_015575,Aria_708720_0,Aria-MIDI,Aria-AMT,"Bach,_Johann_Sebastian/Notebook_for_Anna_Magdalena_Bach,_Book_2,_BWV_Anh.113-132/15._Minuet_in_C_minor,_BWV_Anh.121/score_PDMX_refined.mid",pianocore_Bach__Johann_Sebastian_Notebook_for_Anna_Magdalena_Bach__Book_2__BWV_Anh.113-132_15._Minuet_in_C_minor__BWV_Anh.121__PianoCoRe_015575,real,"pianocore:Bach,_Johann_Sebastian/Notebook_for_Anna_Magdalena_Bach,_Book_2,_BWV_Anh.113-132/15._Minuet_in_C_minor,_BWV_Anh.121","pianocore:Bach,_Johann_Sebastian/Notebook_for_Anna_Magdalena_Bach,_Book_2,_BWV_Anh.113-132/15._Minuet_in_C_minor,_BWV_Anh.121",Aria_708720_0,298,1.0,0.5300778381654551,65.0,298
"pianocore:Bach,_Johann_Sebastian/Notebook_for_Anna_Magdalena_Bach,_Book_2,_BWV_Anh.113-132/15._Minuet_in_C_minor,_BWV_Anh.121",PianoCoRe_015576,Aria_723361_0,Aria-MIDI,Aria-AMT,"Bach,_Johann_Sebastian/Notebook_for_Anna_Magdalena_Bach,_Book_2,_BWV_Anh.113-132/15._Minuet_in_C_minor,_BWV_Anh.121/score_PDMX_refined.mid",pianocore_Bach__Johann_Sebastian_Notebook_for_Anna_Magdalena_Bach__Book_2__BWV_Anh.113-132_15._Minuet_in_C_minor__BWV_Anh.121__PianoCoRe_015576,real,"pianocore:Bach,_Johann_Sebastian/Notebook_for_Anna_Magdalena_Bach,_Book_2,_BWV_Anh.113-132/15._Minuet_in_C_minor,_BWV_Anh.121","pianocore:Bach,_Johann_Sebastian/Notebook_for_Anna_Magdalena_Bach,_Book_2,_BWV_Anh.113-132/15._Minuet_in_C_minor,_BWV_Anh.121",Aria_723361_0,298,1.0,0.4566335736460546,50.0,298
"pianocore:Bach,_Johann_Sebastian/Notebook_for_Anna_Magdalena_Bach,_Book_2,_BWV_Anh.113-132/15._Minuet_in_C_minor,_BWV_Anh.121",PianoCoRe_015577,Aria_760904_0,Aria-MIDI,Aria-AMT,"Bach,_Johann_Sebastian/Notebook_for_Anna_Magdalena_Bach,_Book_2,_BWV_Anh.113-132/15._Minuet_in_C_minor,_BWV_Anh.121/score_PDMX_refined.mid",pianocore_Bach__Johann_Sebastian_Notebook_for_Anna_Magdalena_Bach__Book_2__BWV_Anh.113-132_15._Minuet_in_C_minor__BWV_Anh.121__PianoCoRe_015577,real,"pianocore:Bach,_Johann_Sebastian/Notebook_for_Anna_Magdalena_Bach,_Book_2,_BWV_Anh.113-132/15._Minuet_in_C_minor,_BWV_Anh.121","pianocore:Bach,_Johann_Sebastian/Notebook_for_Anna_Magdalena_Bach,_Book_2,_BWV_Anh.113-132/15._Minuet_in_C_minor,_BWV_Anh.121",Aria_760904_0,298,1.0,0.6707274077105203,75.0,298
"pianocore:Bach,_Johann_Sebastian/Notebook_for_Anna_Magdalena_Bach,_Book_2,_BWV_Anh.113-132/15._Minuet_in_C_minor,_BWV_Anh.121",PianoCoRe_015578,Aria_786334_0,Aria-MIDI,Aria-AMT,"Bach,_Johann_Sebastian/Notebook_for_Anna_Magdalena_Bach,_Book_2,_BWV_Anh.113-132/15._Minuet_in_C_minor,_BWV_Anh.121/score_PDMX_refined.mid",pianocore_Bach__Johann_Sebastian_Notebook_for_Anna_Magdalena_Bach__Book_2__BWV_Anh.113-132_15._Minuet_in_C_minor__BWV_Anh.121__PianoCoRe_015578,real,"pianocore:Bach,_Johann_Sebastian/Notebook_for_Anna_Magdalena_Bach,_Book_2,_BWV_Anh.113-132/15._Minuet_in_C_minor,_BWV_Anh.121","pianocore:Bach,_Johann_Sebastian/Notebook_for_Anna_Magdalena_Bach,_Book_2,_BWV_Anh.113-132/15._Minuet_in_C_minor,_BWV_Anh.121",Aria_786334_0,298,1.0,0.5699230779409766,72.0,298
"pianocore:Bach,_Johann_Sebastian/Notebook_for_Anna_Magdalena_Bach,_Book_2,_BWV_Anh.113-132/15._Minuet_in_C_minor,_BWV_Anh.121",PianoCoRe_015580,Aria_855584_0,Aria-MIDI,Aria-AMT,"Bach,_Johann_Sebastian/Notebook_for_Anna_Magdalena_Bach,_Book_2,_BWV_Anh.113-132/15._Minuet_in_C_minor,_BWV_Anh.121/score_PDMX_refined.mid",pianocore_Bach__Johann_Sebastian_Notebook_for_Anna_Magdalena_Bach__Book_2__BWV_Anh.113-132_15._Minuet_in_C_minor__BWV_Anh.121__PianoCoRe_015580,real,"pianocore:Bach,_Johann_Sebastian/Notebook_for_Anna_Magdalena_Bach,_Book_2,_BWV_Anh.113-132/15._Minuet_in_C_minor,_BWV_Anh.121","pianocore:Bach,_Johann_Sebastian/Notebook_for_Anna_Magdalena_Bach,_Book_2,_BWV_Anh.113-132/15._Minuet_in_C_minor,_BWV_Anh.121",Aria_855584_0,298,1.0,0.4375297494486318,65.0,298
"pianocore:Bach,_Johann_Sebastian/Notebook_for_Anna_Magdalena_Bach,_Book_2,_BWV_Anh.113-132/15._Minuet_in_C_minor,_BWV_Anh.121",PianoCoRe_015581,Aria_865935_0,Aria-MIDI,Aria-AMT,"Bach,_Johann_Sebastian/Notebook_for_Anna_Magdalena_Bach,_Book_2,_BWV_Anh.113-132/15._Minuet_in_C_minor,_BWV_Anh.121/score_PDMX_refined.mid",pianocore_Bach__Johann_Sebastian_Notebook_for_Anna_Magdalena_Bach__Book_2__BWV_Anh.113-132_15._Minuet_in_C_minor__BWV_Anh.121__PianoCoRe_015581,real,"pianocore:Bach,_Johann_Sebastian/Notebook_for_Anna_Magdalena_Bach,_Book_2,_BWV_Anh.113-132/15._Minuet_in_C_minor,_BWV_Anh.121","pianocore:Bach,_Johann_Sebastian/Notebook_for_Anna_Magdalena_Bach,_Book_2,_BWV_Anh.113-132/15._Minuet_in_C_minor,_BWV_Anh.121",Aria_865935_0,298,1.0,0.5687533336774754,90.0,298
"pianocore:Bach,_Johann_Sebastian/Notebook_for_Anna_Magdalena_Bach,_Book_2,_BWV_Anh.113-132/15._Minuet_in_C_minor,_BWV_Anh.121",PianoCoRe_015582,Aria_880071_0,Aria-MIDI,Aria-AMT,"Bach,_Johann_Sebastian/Notebook_for_Anna_Magdalena_Bach,_Book_2,_BWV_Anh.113-132/15._Minuet_in_C_minor,_BWV_Anh.121/score_PDMX_refined.mid",pianocore_Bach__Johann_Sebastian_Notebook_for_Anna_Magdalena_Bach__Book_2__BWV_Anh.113-132_15._Minuet_in_C_minor__BWV_Anh.121__PianoCoRe_015582,real,"pianocore:Bach,_Johann_Sebastian/Notebook_for_Anna_Magdalena_Bach,_Book_2,_BWV_Anh.113-132/15._Minuet_in_C_minor,_BWV_Anh.121","pianocore:Bach,_Johann_Sebastian/Notebook_for_Anna_Magdalena_Bach,_Book_2,_BWV_Anh.113-132/15._Minuet_in_C_minor,_BWV_Anh.121",Aria_880071_0,298,1.0,0.5649001470542399,50.0,298
"pianocore:Bartók,_Béla/Romanian_Folk_Dances,_Sz.56/3._Pe_loc",PianoCoRe_028489,Aria_117033_0,Aria-MIDI,Aria-AMT,"Bartók,_Béla/Romanian_Folk_Dances,_Sz.56/3._Pe_loc/score_MS_refined.mid",pianocore_Bartók__Béla_Romanian_Folk_Dances__Sz.56_3._Pe_loc__PianoCoRe_028489,real,"pianocore:Bartók,_Béla/Romanian_Folk_Dances,_Sz.56/3._Pe_loc","pianocore:Bartók,_Béla/Romanian_Folk_Dances,_Sz.56/3._Pe_loc",Aria_117033_0,273,0.9891304347826086,0.7210739091518938,55.0,276
"pianocore:Bartók,_Béla/Romanian_Folk_Dances,_Sz.56/3._Pe_loc",PianoCoRe_028490,Aria_133569_0,Aria-MIDI,Aria-AMT,"Bartók,_Béla/Romanian_Folk_Dances,_Sz.56/3._Pe_loc/score_MS_refined.mid",pianocore_Bartók__Béla_Romanian_Folk_Dances__Sz.56_3._Pe_loc__PianoCoRe_028490,real,"pianocore:Bartók,_Béla/Romanian_Folk_Dances,_Sz.56/3._Pe_loc","pianocore:Bartók,_Béla/Romanian_Folk_Dances,_Sz.56/3._Pe_loc",Aria_133569_0,271,0.9818840579710145,0.6461909802906579,65.0,276
"pianocore:Bartók,_Béla/Romanian_Folk_Dances,_Sz.56/3._Pe_loc",PianoCoRe_028491,Aria_197896_0,Aria-MIDI,Aria-AMT,"Bartók,_Béla/Romanian_Folk_Dances,_Sz.56/3._Pe_loc/score_MS_refined.mid",pianocore_Bartók__Béla_Romanian_Folk_Dances__Sz.56_3._Pe_loc__PianoCoRe_028491,real,"pianocore:Bartók,_Béla/Romanian_Folk_Dances,_Sz.56/3._Pe_loc","pianocore:Bartók,_Béla/Romanian_Folk_Dances,_Sz.56/3._Pe_loc",Aria_197896_0,276,1.0,0.6134610972588593,40.0,276
"pianocore:Bartók,_Béla/Romanian_Folk_Dances,_Sz.56/3._Pe_loc",PianoCoRe_028492,Aria_230187_0,Aria-MIDI,Aria-AMT,"Bartók,_Béla/Romanian_Folk_Dances,_Sz.56/3._Pe_loc/score_MS_refined.mid",pianocore_Bartók__Béla_Romanian_Folk_Dances__Sz.56_3._Pe_loc__PianoCoRe_028492,real,"pianocore:Bartók,_Béla/Romanian_Folk_Dances,_Sz.56/3._Pe_loc","pianocore:Bartók,_Béla/Romanian_Folk_Dances,_Sz.56/3._Pe_loc",Aria_230187_0,275,0.9963768115942029,0.5705993927168626,50.0,276
"pianocore:Bartók,_Béla/Romanian_Folk_Dances,_Sz.56/3._Pe_loc",PianoCoRe_028493,Aria_236768_0,Aria-MIDI,Aria-AMT,"Bartók,_Béla/Romanian_Folk_Dances,_Sz.56/3._Pe_loc/score_MS_refined.mid",pianocore_Bartók__Béla_Romanian_Folk_Dances__Sz.56_3._Pe_loc__PianoCoRe_028493,real,"pianocore:Bartók,_Béla/Romanian_Folk_Dances,_Sz.56/3._Pe_loc","pianocore:Bartók,_Béla/Romanian_Folk_Dances,_Sz.56/3._Pe_loc",Aria_236768_0,271,0.9818840579710145,0.9236680940573179,55.0,276
"pianocore:Bartók,_Béla/Romanian_Folk_Dances,_Sz.56/3._Pe_loc",PianoCoRe_028494,Aria_240824_0,Aria-MIDI,Aria-AMT,"Bartók,_Béla/Romanian_Folk_Dances,_Sz.56/3._Pe_loc/score_MS_refined.mid",pianocore_Bartók__Béla_Romanian_Folk_Dances__Sz.56_3._Pe_loc__PianoCoRe_028494,real,"pianocore:Bartók,_Béla/Romanian_Folk_Dances,_Sz.56/3._Pe_loc","pianocore:Bartók,_Béla/Romanian_Folk_Dances,_Sz.56/3._Pe_loc",Aria_240824_0,273,0.9891304347826086,0.7341137469687773,60.0,276
"pianocore:Bartók,_Béla/Romanian_Folk_Dances,_Sz.56/3._Pe_loc",PianoCoRe_028495,Aria_289236_0,Aria-MIDI,Aria-AMT,"Bartók,_Béla/Romanian_Folk_Dances,_Sz.56/3._Pe_loc/score_MS_refined.mid",pianocore_Bartók__Béla_Romanian_Folk_Dances__Sz.56_3._Pe_loc__PianoCoRe_028495,real,"pianocore:Bartók,_Béla/Romanian_Folk_Dances,_Sz.56/3._Pe_loc","pianocore:Bartók,_Béla/Romanian_Folk_Dances,_Sz.56/3._Pe_loc",Aria_289236_0,275,0.9963768115942029,0.6878358418243838,50.0,276
"pianocore:Bartók,_Béla/Romanian_Folk_Dances,_Sz.56/3._Pe_loc",PianoCoRe_028496,Aria_313516_0,Aria-MIDI,Aria-AMT,"Bartók,_Béla/Romanian_Folk_Dances,_Sz.56/3._Pe_loc/score_MS_refined.mid",pianocore_Bartók__Béla_Romanian_Folk_Dances__Sz.56_3._Pe_loc__PianoCoRe_028496,real,"pianocore:Bartók,_Béla/Romanian_Folk_Dances,_Sz.56/3._Pe_loc","pianocore:Bartók,_Béla/Romanian_Folk_Dances,_Sz.56/3._Pe_loc",Aria_313516_0,276,1.0,0.6844264341701954,60.0,276
"pianocore:Bartók,_Béla/Romanian_Folk_Dances,_Sz.56/3._Pe_loc",PianoCoRe_028498,Aria_388661_0,Aria-MIDI,Aria-AMT,"Bartók,_Béla/Romanian_Folk_Dances,_Sz.56/3._Pe_loc/score_MS_refined.mid",pianocore_Bartók__Béla_Romanian_Folk_Dances__Sz.56_3._Pe_loc__PianoCoRe_028498,real,"pianocore:Bartók,_Béla/Romanian_Folk_Dances,_Sz.56/3._Pe_loc","pianocore:Bartók,_Béla/Romanian_Folk_Dances,_Sz.56/3._Pe_loc",Aria_388661_0,268,0.9710144927536232,0.7092395563504211,35.0,276
"pianocore:Bartók,_Béla/Romanian_Folk_Dances,_Sz.56/3._Pe_loc",PianoCoRe_028499,Aria_391410_0,Aria-MIDI,Aria-AMT,"Bartók,_Béla/Romanian_Folk_Dances,_Sz.56/3._Pe_loc/score_MS_refined.mid",pianocore_Bartók__Béla_Romanian_Folk_Dances__Sz.56_3._Pe_loc__PianoCoRe_028499,real,"pianocore:Bartók,_Béla/Romanian_Folk_Dances,_Sz.56/3._Pe_loc","pianocore:Bartók,_Béla/Romanian_Folk_Dances,_Sz.56/3._Pe_loc",Aria_391410_0,274,0.9927536231884058,0.7974407769355579,65.0,276
"pianocore:Bartók,_Béla/Romanian_Folk_Dances,_Sz.56/3._Pe_loc",PianoCoRe_028500,Aria_428554_0,Aria-MIDI,Aria-AMT,"Bartók,_Béla/Romanian_Folk_Dances,_Sz.56/3._Pe_loc/score_MS_refined.mid",pianocore_Bartók__Béla_Romanian_Folk_Dances__Sz.56_3._Pe_loc__PianoCoRe_028500,real,"pianocore:Bartók,_Béla/Romanian_Folk_Dances,_Sz.56/3._Pe_loc","pianocore:Bartók,_Béla/Romanian_Folk_Dances,_Sz.56/3._Pe_loc",Aria_428554_0,276,1.0,0.6473732180580929,40.0,276
"pianocore:Bartók,_Béla/Romanian_Folk_Dances,_Sz.56/3._Pe_loc",PianoCoRe_028501,Aria_441812_0,Aria-MIDI,Aria-AMT,"Bartók,_Béla/Romanian_Folk_Dances,_Sz.56/3._Pe_loc/score_MS_refined.mid",pianocore_Bartók__Béla_Romanian_Folk_Dances__Sz.56_3._Pe_loc__PianoCoRe_028501,real,"pianocore:Bartók,_Béla/Romanian_Folk_Dances,_Sz.56/3._Pe_loc","pianocore:Bartók,_Béla/Romanian_Folk_Dances,_Sz.56/3._Pe_loc",Aria_441812_0,265,0.9601449275362319,0.762531566171706,55.0,276
"pianocore:Bartók,_Béla/Romanian_Folk_Dances,_Sz.56/3._Pe_loc",PianoCoRe_028502,Aria_455435_0,Aria-MIDI,Aria-AMT,"Bartók,_Béla/Romanian_Folk_Dances,_Sz.56/3._Pe_loc/score_MS_refined.mid",pianocore_Bartók__Béla_Romanian_Folk_Dances__Sz.56_3._Pe_loc__PianoCoRe_028502,real,"pianocore:Bartók,_Béla/Romanian_Folk_Dances,_Sz.56/3._Pe_loc","pianocore:Bartók,_Béla/Romanian_Folk_Dances,_Sz.56/3._Pe_loc",Aria_455435_0,274,0.9927536231884058,0.7232886892844631,60.0,276
"pianocore:Bartók,_Béla/Romanian_Folk_Dances,_Sz.56/3._Pe_loc",PianoCoRe_028503,Aria_456251_0,Aria-MIDI,Aria-AMT,"Bartók,_Béla/Romanian_Folk_Dances,_Sz.56/3._Pe_loc/score_MS_refined.mid",pianocore_Bartók__Béla_Romanian_Folk_Dances__Sz.56_3._Pe_loc__PianoCoRe_028503,real,"pianocore:Bartók,_Béla/Romanian_Folk_Dances,_Sz.56/3._Pe_loc","pianocore:Bartók,_Béla/Romanian_Folk_Dances,_Sz.56/3._Pe_loc",Aria_456251_0,275,0.9963768115942029,0.6909116450042112,65.0,276
"pianocore:Bartók,_Béla/Romanian_Folk_Dances,_Sz.56/3._Pe_loc",PianoCoRe_028504,Aria_526525_0,Aria-MIDI,Aria-AMT,"Bartók,_Béla/Romanian_Folk_Dances,_Sz.56/3._Pe_loc/score_MS_refined.mid",pianocore_Bartók__Béla_Romanian_Folk_Dances__Sz.56_3._Pe_loc__PianoCoRe_028504,real,"pianocore:Bartók,_Béla/Romanian_Folk_Dances,_Sz.56/3._Pe_loc","pianocore:Bartók,_Béla/Romanian_Folk_Dances,_Sz.56/3._Pe_loc",Aria_526525_0,274,0.9927536231884058,0.6146796358771035,60.0,276
"pianocore:Bartók,_Béla/Romanian_Folk_Dances,_Sz.56/3._Pe_loc",PianoCoRe_028505,Aria_581329_0,Aria-MIDI,Aria-AMT,"Bartók,_Béla/Romanian_Folk_Dances,_Sz.56/3._Pe_loc/score_MS_refined.mid",pianocore_Bartók__Béla_Romanian_Folk_Dances__Sz.56_3._Pe_loc__PianoCoRe_028505,real,"pianocore:Bartók,_Béla/Romanian_Folk_Dances,_Sz.56/3._Pe_loc","pianocore:Bartók,_Béla/Romanian_Folk_Dances,_Sz.56/3._Pe_loc",Aria_581329_0,275,0.9963768115942029,0.6522094420782336,65.0,276
"pianocore:Bartók,_Béla/Romanian_Folk_Dances,_Sz.56/3._Pe_loc",PianoCoRe_028506,Aria_591497_0,Aria-MIDI,Aria-AMT,"Bartók,_Béla/Romanian_Folk_Dances,_Sz.56/3._Pe_loc/score_MS_refined.mid",pianocore_Bartók__Béla_Romanian_Folk_Dances__Sz.56_3._Pe_loc__PianoCoRe_028506,real,"pianocore:Bartók,_Béla/Romanian_Folk_Dances,_Sz.56/3._Pe_loc","pianocore:Bartók,_Béla/Romanian_Folk_Dances,_Sz.56/3._Pe_loc",Aria_591497_0,275,0.9963768115942029,0.7202692674405274,55.0,276
"pianocore:Bartók,_Béla/Romanian_Folk_Dances,_Sz.56/3._Pe_loc",PianoCoRe_028507,Aria_628604_0,Aria-MIDI,Aria-AMT,"Bartók,_Béla/Romanian_Folk_Dances,_Sz.56/3._Pe_loc/score_MS_refined.mid",pianocore_Bartók__Béla_Romanian_Folk_Dances__Sz.56_3._Pe_loc__PianoCoRe_028507,real,"pianocore:Bartók,_Béla/Romanian_Folk_Dances,_Sz.56/3._Pe_loc","pianocore:Bartók,_Béla/Romanian_Folk_Dances,_Sz.56/3._Pe_loc",Aria_628604_0,276,1.0,0.7187934441376206,50.0,276
"pianocore:Bartók,_Béla/Romanian_Folk_Dances,_Sz.56/3._Pe_loc",PianoCoRe_028508,Aria_660003_0,Aria-MIDI,Aria-AMT,"Bartók,_Béla/Romanian_Folk_Dances,_Sz.56/3._Pe_loc/score_MS_refined.mid",pianocore_Bartók__Béla_Romanian_Folk_Dances__Sz.56_3._Pe_loc__PianoCoRe_028508,real,"pianocore:Bartók,_Béla/Romanian_Folk_Dances,_Sz.56/3._Pe_loc","pianocore:Bartók,_Béla/Romanian_Folk_Dances,_Sz.56/3._Pe_loc",Aria_660003_0,275,0.9963768115942029,0.7422910660797317,50.0,276
"pianocore:Bartók,_Béla/Romanian_Folk_Dances,_Sz.56/3._Pe_loc",PianoCoRe_028509,Aria_700949_0,Aria-MIDI,Aria-AMT,"Bartók,_Béla/Romanian_Folk_Dances,_Sz.56/3._Pe_loc/score_MS_refined.mid",pianocore_Bartók__Béla_Romanian_Folk_Dances__Sz.56_3._Pe_loc__PianoCoRe_028509,real,"pianocore:Bartók,_Béla/Romanian_Folk_Dances,_Sz.56/3._Pe_loc","pianocore:Bartók,_Béla/Romanian_Folk_Dances,_Sz.56/3._Pe_loc",Aria_700949_0,275,0.9963768115942029,0.8536881576187096,50.0,276
"pianocore:Bartók,_Béla/Romanian_Folk_Dances,_Sz.56/3._Pe_loc",PianoCoRe_028510,Aria_727281_1,Aria-MIDI,Aria-AMT,"Bartók,_Béla/Romanian_Folk_Dances,_Sz.56/3._Pe_loc/score_MS_refined.mid",pianocore_Bartók__Béla_Romanian_Folk_Dances__Sz.56_3._Pe_loc__PianoCoRe_028510,real,"pianocore:Bartók,_Béla/Romanian_Folk_Dances,_Sz.56/3._Pe_loc","pianocore:Bartók,_Béla/Romanian_Folk_Dances,_Sz.56/3._Pe_loc",Aria_727281_1,266,0.9637681159420289,0.6883564296245076,65.0,276
"pianocore:Bartók,_Béla/Romanian_Folk_Dances,_Sz.56/3._Pe_loc",PianoCoRe_028511,Aria_854383_0,Aria-MIDI,Aria-AMT,"Bartók,_Béla/Romanian_Folk_Dances,_Sz.56/3._Pe_loc/score_MS_refined.mid",pianocore_Bartók__Béla_Romanian_Folk_Dances__Sz.56_3._Pe_loc__PianoCoRe_028511,real,"pianocore:Bartók,_Béla/Romanian_Folk_Dances,_Sz.56/3._Pe_loc","pianocore:Bartók,_Béla/Romanian_Folk_Dances,_Sz.56/3._Pe_loc",Aria_854383_0,263,0.9528985507246377,0.6821919969605731,55.0,276
"pianocore:Bartók,_Béla/Romanian_Folk_Dances,_Sz.56/3._Pe_loc",PianoCoRe_028512,Aria_867311_0,Aria-MIDI,Aria-AMT,"Bartók,_Béla/Romanian_Folk_Dances,_Sz.56/3._Pe_loc/score_MS_refined.mid",pianocore_Bartók__Béla_Romanian_Folk_Dances__Sz.56_3._Pe_loc__PianoCoRe_028512,real,"pianocore:Bartók,_Béla/Romanian_Folk_Dances,_Sz.56/3._Pe_loc","pianocore:Bartók,_Béla/Romanian_Folk_Dances,_Sz.56/3._Pe_loc",Aria_867311_0,272,0.9855072463768116,0.6683642253272372,55.0,276
"pianocore:Boulanger,_Lili/3_Morceaux/1._D’un_Vieux_Jardin._Expressif_(C_sharp_minor)",PianoCoRe_064054,Aria_064995_0,Aria-MIDI,Aria-AMT,"Boulanger,_Lili/3_Morceaux/1._D’un_Vieux_Jardin._Expressif_(C_sharp_minor)/score_PDMX_refined.mid",pianocore_Boulanger__Lili_3_Morceaux_1._D_un_Vieux_Jardin._Expressif__C_sharp_minor___PianoCoRe_064054,real,"pianocore:Boulanger,_Lili/3_Morceaux/1._D’un_Vieux_Jardin._Expressif_(C_sharp_minor)","pianocore:Boulanger,_Lili/3_Morceaux/1._D’un_Vieux_Jardin._Expressif_(C_sharp_minor)",Aria_064995_0,523,0.8986254295532646,0.9358261053508606,60.0,580
"pianocore:Boulanger,_Lili/3_Morceaux/1._D’un_Vieux_Jardin._Expressif_(C_sharp_minor)",PianoCoRe_064055,Aria_070803_0,Aria-MIDI,Aria-AMT,"Boulanger,_Lili/3_Morceaux/1._D’un_Vieux_Jardin._Expressif_(C_sharp_minor)/score_PDMX_refined.mid",pianocore_Boulanger__Lili_3_Morceaux_1._D_un_Vieux_Jardin._Expressif__C_sharp_minor___PianoCoRe_064055,real,"pianocore:Boulanger,_Lili/3_Morceaux/1._D’un_Vieux_Jardin._Expressif_(C_sharp_minor)","pianocore:Boulanger,_Lili/3_Morceaux/1._D’un_Vieux_Jardin._Expressif_(C_sharp_minor)",Aria_070803_0,493,0.8470790378006873,0.8251502420012115,40.0,580
"pianocore:Boulanger,_Lili/3_Morceaux/1._D’un_Vieux_Jardin._Expressif_(C_sharp_minor)",PianoCoRe_064056,Aria_102578_0,Aria-MIDI,Aria-AMT,"Boulanger,_Lili/3_Morceaux/1._D’un_Vieux_Jardin._Expressif_(C_sharp_minor)/score_PDMX_refined.mid",pianocore_Boulanger__Lili_3_Morceaux_1._D_un_Vieux_Jardin._Expressif__C_sharp_minor___PianoCoRe_064056,real,"pianocore:Boulanger,_Lili/3_Morceaux/1._D’un_Vieux_Jardin._Expressif_(C_sharp_minor)","pianocore:Boulanger,_Lili/3_Morceaux/1._D’un_Vieux_Jardin._Expressif_(C_sharp_minor)",Aria_102578_0,519,0.8917525773195877,0.8023544165201989,50.0,580
"pianocore:Boulanger,_Lili/3_Morceaux/1._D’un_Vieux_Jardin._Expressif_(C_sharp_minor)",PianoCoRe_064057,Aria_111276_0,Aria-MIDI,Aria-AMT,"Boulanger,_Lili/3_Morceaux/1._D’un_Vieux_Jardin._Expressif_(C_sharp_minor)/score_PDMX_refined.mid",pianocore_Boulanger__Lili_3_Morceaux_1._D_un_Vieux_Jardin._Expressif__C_sharp_minor___PianoCoRe_064057,real,"pianocore:Boulanger,_Lili/3_Morceaux/1._D’un_Vieux_Jardin._Expressif_(C_sharp_minor)","pianocore:Boulanger,_Lili/3_Morceaux/1._D’un_Vieux_Jardin._Expressif_(C_sharp_minor)",Aria_111276_0,540,0.9278350515463918,0.8433183672636653,65.0,580
"pianocore:Boulanger,_Lili/3_Morceaux/1._D’un_Vieux_Jardin._Expressif_(C_sharp_minor)",PianoCoRe_064058,Aria_183663_0,Aria-MIDI,Aria-AMT,"Boulanger,_Lili/3_Morceaux/1._D’un_Vieux_Jardin._Expressif_(C_sharp_minor)/score_PDMX_refined.mid",pianocore_Boulanger__Lili_3_Morceaux_1._D_un_Vieux_Jardin._Expressif__C_sharp_minor___PianoCoRe_064058,real,"pianocore:Boulanger,_Lili/3_Morceaux/1._D’un_Vieux_Jardin._Expressif_(C_sharp_minor)","pianocore:Boulanger,_Lili/3_Morceaux/1._D’un_Vieux_Jardin._Expressif_(C_sharp_minor)",Aria_183663_0,553,0.9501718213058419,0.9999716647737358,65.0,580
"pianocore:Boulanger,_Lili/3_Morceaux/1._D’un_Vieux_Jardin._Expressif_(C_sharp_minor)",PianoCoRe_064059,Aria_188957_0,Aria-MIDI,Aria-AMT,"Boulanger,_Lili/3_Morceaux/1._D’un_Vieux_Jardin._Expressif_(C_sharp_minor)/score_PDMX_refined.mid",pianocore_Boulanger__Lili_3_Morceaux_1._D_un_Vieux_Jardin._Expressif__C_sharp_minor___PianoCoRe_064059,real,"pianocore:Boulanger,_Lili/3_Morceaux/1._D’un_Vieux_Jardin._Expressif_(C_sharp_minor)","pianocore:Boulanger,_Lili/3_Morceaux/1._D’un_Vieux_Jardin._Expressif_(C_sharp_minor)",Aria_188957_0,555,0.9536082474226805,0.9137633186929196,55.0,580
"pianocore:Boulanger,_Lili/3_Morceaux/1._D’un_Vieux_Jardin._Expressif_(C_sharp_minor)",PianoCoRe_064060,Aria_189356_0,Aria-MIDI,Aria-AMT,"Boulanger,_Lili/3_Morceaux/1._D’un_Vieux_Jardin._Expressif_(C_sharp_minor)/score_PDMX_refined.mid",pianocore_Boulanger__Lili_3_Morceaux_1._D_un_Vieux_Jardin._Expressif__C_sharp_minor___PianoCoRe_064060,real,"pianocore:Boulanger,_Lili/3_Morceaux/1._D’un_Vieux_Jardin._Expressif_(C_sharp_minor)","pianocore:Boulanger,_Lili/3_Morceaux/1._D’un_Vieux_Jardin._Expressif_(C_sharp_minor)",Aria_189356_0,528,0.9072164948453608,1.2106944788438687,40.0,580
"pianocore:Boulanger,_Lili/3_Morceaux/1._D’un_Vieux_Jardin._Expressif_(C_sharp_minor)",PianoCoRe_064061,Aria_220207_0,Aria-MIDI,Aria-AMT,"Boulanger,_Lili/3_Morceaux/1._D’un_Vieux_Jardin._Expressif_(C_sharp_minor)/score_PDMX_refined.mid",pianocore_Boulanger__Lili_3_Morceaux_1._D_un_Vieux_Jardin._Expressif__C_sharp_minor___PianoCoRe_064061,real,"pianocore:Boulanger,_Lili/3_Morceaux/1._D’un_Vieux_Jardin._Expressif_(C_sharp_minor)","pianocore:Boulanger,_Lili/3_Morceaux/1._D’un_Vieux_Jardin._Expressif_(C_sharp_minor)",Aria_220207_0,552,0.9484536082474226,1.0627483974664282,45.0,580
"pianocore:Boulanger,_Lili/3_Morceaux/1._D’un_Vieux_Jardin._Expressif_(C_sharp_minor)",PianoCoRe_064062,Aria_226054_0,Aria-MIDI,Aria-AMT,"Boulanger,_Lili/3_Morceaux/1._D’un_Vieux_Jardin._Expressif_(C_sharp_minor)/score_PDMX_refined.mid",pianocore_Boulanger__Lili_3_Morceaux_1._D_un_Vieux_Jardin._Expressif__C_sharp_minor___PianoCoRe_064062,real,"pianocore:Boulanger,_Lili/3_Morceaux/1._D’un_Vieux_Jardin._Expressif_(C_sharp_minor)","pianocore:Boulanger,_Lili/3_Morceaux/1._D’un_Vieux_Jardin._Expressif_(C_sharp_minor)",Aria_226054_0,549,0.9432989690721649,0.7240514884888551,60.0,580
"pianocore:Boulanger,_Lili/3_Morceaux/1._D’un_Vieux_Jardin._Expressif_(C_sharp_minor)",PianoCoRe_064063,Aria_228291_0,Aria-MIDI,Aria-AMT,"Boulanger,_Lili/3_Morceaux/1._D’un_Vieux_Jardin._Expressif_(C_sharp_minor)/score_PDMX_refined.mid",pianocore_Boulanger__Lili_3_Morceaux_1._D_un_Vieux_Jardin._Expressif__C_sharp_minor___PianoCoRe_064063,real,"pianocore:Boulanger,_Lili/3_Morceaux/1._D’un_Vieux_Jardin._Expressif_(C_sharp_minor)","pianocore:Boulanger,_Lili/3_Morceaux/1._D’un_Vieux_Jardin._Expressif_(C_sharp_minor)",Aria_228291_0,556,0.9553264604810997,0.7952178159879487,55.0,580
"pianocore:Boulanger,_Lili/3_Morceaux/1._D’un_Vieux_Jardin._Expressif_(C_sharp_minor)",PianoCoRe_064064,Aria_304651_0,Aria-MIDI,Aria-AMT,"Boulanger,_Lili/3_Morceaux/1._D’un_Vieux_Jardin._Expressif_(C_sharp_minor)/score_PDMX_refined.mid",pianocore_Boulanger__Lili_3_Morceaux_1._D_un_Vieux_Jardin._Expressif__C_sharp_minor___PianoCoRe_064064,real,"pianocore:Boulanger,_Lili/3_Morceaux/1._D’un_Vieux_Jardin._Expressif_(C_sharp_minor)","pianocore:Boulanger,_Lili/3_Morceaux/1._D’un_Vieux_Jardin._Expressif_(C_sharp_minor)",Aria_304651_0,538,0.9243986254295533,1.129208755846504,50.0,580
"pianocore:Boulanger,_Lili/3_Morceaux/1._D’un_Vieux_Jardin._Expressif_(C_sharp_minor)",PianoCoRe_064065,Aria_352183_0,Aria-MIDI,Aria-AMT,"Boulanger,_Lili/3_Morceaux/1._D’un_Vieux_Jardin._Expressif_(C_sharp_minor)/score_PDMX_refined.mid",pianocore_Boulanger__Lili_3_Morceaux_1._D_un_Vieux_Jardin._Expressif__C_sharp_minor___PianoCoRe_064065,real,"pianocore:Boulanger,_Lili/3_Morceaux/1._D’un_Vieux_Jardin._Expressif_(C_sharp_minor)","pianocore:Boulanger,_Lili/3_Morceaux/1._D’un_Vieux_Jardin._Expressif_(C_sharp_minor)",Aria_352183_0,530,0.9106529209621993,0.7553088012558532,65.0,580
"pianocore:Boulanger,_Lili/3_Morceaux/1._D’un_Vieux_Jardin._Expressif_(C_sharp_minor)",PianoCoRe_064066,Aria_395909_0,Aria-MIDI,Aria-AMT,"Boulanger,_Lili/3_Morceaux/1._D’un_Vieux_Jardin._Expressif_(C_sharp_minor)/score_PDMX_refined.mid",pianocore_Boulanger__Lili_3_Morceaux_1._D_un_Vieux_Jardin._Expressif__C_sharp_minor___PianoCoRe_064066,real,"pianocore:Boulanger,_Lili/3_Morceaux/1._D’un_Vieux_Jardin._Expressif_(C_sharp_minor)","pianocore:Boulanger,_Lili/3_Morceaux/1._D’un_Vieux_Jardin._Expressif_(C_sharp_minor)",Aria_395909_0,544,0.9347079037800687,0.9761164050342697,50.0,580
"pianocore:Boulanger,_Lili/3_Morceaux/1._D’un_Vieux_Jardin._Expressif_(C_sharp_minor)",PianoCoRe_064067,Aria_432120_0,Aria-MIDI,Aria-AMT,"Boulanger,_Lili/3_Morceaux/1._D’un_Vieux_Jardin._Expressif_(C_sharp_minor)/score_PDMX_refined.mid",pianocore_Boulanger__Lili_3_Morceaux_1._D_un_Vieux_Jardin._Expressif__C_sharp_minor___PianoCoRe_064067,real,"pianocore:Boulanger,_Lili/3_Morceaux/1._D’un_Vieux_Jardin._Expressif_(C_sharp_minor)","pianocore:Boulanger,_Lili/3_Morceaux/1._D’un_Vieux_Jardin._Expressif_(C_sharp_minor)",Aria_432120_0,546,0.9381443298969072,0.8262041902013084,55.0,580
"pianocore:Boulanger,_Lili/3_Morceaux/1._D’un_Vieux_Jardin._Expressif_(C_sharp_minor)",PianoCoRe_064068,Aria_451212_0,Aria-MIDI,Aria-AMT,"Boulanger,_Lili/3_Morceaux/1._D’un_Vieux_Jardin._Expressif_(C_sharp_minor)/score_PDMX_refined.mid",pianocore_Boulanger__Lili_3_Morceaux_1._D_un_Vieux_Jardin._Expressif__C_sharp_minor___PianoCoRe_064068,real,"pianocore:Boulanger,_Lili/3_Morceaux/1._D’un_Vieux_Jardin._Expressif_(C_sharp_minor)","pianocore:Boulanger,_Lili/3_Morceaux/1._D’un_Vieux_Jardin._Expressif_(C_sharp_minor)",Aria_451212_0,484,0.8316151202749141,0.784084713623385,60.0,580
"pianocore:Boulanger,_Lili/3_Morceaux/1._D’un_Vieux_Jardin._Expressif_(C_sharp_minor)",PianoCoRe_064070,Aria_540851_0,Aria-MIDI,Aria-AMT,"Boulanger,_Lili/3_Morceaux/1._D’un_Vieux_Jardin._Expressif_(C_sharp_minor)/score_PDMX_refined.mid",pianocore_Boulanger__Lili_3_Morceaux_1._D_un_Vieux_Jardin._Expressif__C_sharp_minor___PianoCoRe_064070,real,"pianocore:Boulanger,_Lili/3_Morceaux/1._D’un_Vieux_Jardin._Expressif_(C_sharp_minor)","pianocore:Boulanger,_Lili/3_Morceaux/1._D’un_Vieux_Jardin._Expressif_(C_sharp_minor)",Aria_540851_0,535,0.9192439862542955,1.096662674649155,60.0,580
"pianocore:Boulanger,_Lili/3_Morceaux/1._D’un_Vieux_Jardin._Expressif_(C_sharp_minor)",PianoCoRe_064071,Aria_553743_0,Aria-MIDI,Aria-AMT,"Boulanger,_Lili/3_Morceaux/1._D’un_Vieux_Jardin._Expressif_(C_sharp_minor)/score_PDMX_refined.mid",pianocore_Boulanger__Lili_3_Morceaux_1._D_un_Vieux_Jardin._Expressif__C_sharp_minor___PianoCoRe_064071,real,"pianocore:Boulanger,_Lili/3_Morceaux/1._D’un_Vieux_Jardin._Expressif_(C_sharp_minor)","pianocore:Boulanger,_Lili/3_Morceaux/1._D’un_Vieux_Jardin._Expressif_(C_sharp_minor)",Aria_553743_0,544,0.9347079037800687,1.1484268956095058,65.0,580
"pianocore:Boulanger,_Lili/3_Morceaux/1._D’un_Vieux_Jardin._Expressif_(C_sharp_minor)",PianoCoRe_064072,Aria_570248_0,Aria-MIDI,Aria-AMT,"Boulanger,_Lili/3_Morceaux/1._D’un_Vieux_Jardin._Expressif_(C_sharp_minor)/score_PDMX_refined.mid",pianocore_Boulanger__Lili_3_Morceaux_1._D_un_Vieux_Jardin._Expressif__C_sharp_minor___PianoCoRe_064072,real,"pianocore:Boulanger,_Lili/3_Morceaux/1._D’un_Vieux_Jardin._Expressif_(C_sharp_minor)","pianocore:Boulanger,_Lili/3_Morceaux/1._D’un_Vieux_Jardin._Expressif_(C_sharp_minor)",Aria_570248_0,532,0.9140893470790378,0.9753286653029349,50.0,580
"pianocore:Boulanger,_Lili/3_Morceaux/1._D’un_Vieux_Jardin._Expressif_(C_sharp_minor)",PianoCoRe_064073,Aria_787479_0,Aria-MIDI,Aria-AMT,"Boulanger,_Lili/3_Morceaux/1._D’un_Vieux_Jardin._Expressif_(C_sharp_minor)/score_PDMX_refined.mid",pianocore_Boulanger__Lili_3_Morceaux_1._D_un_Vieux_Jardin._Expressif__C_sharp_minor___PianoCoRe_064073,real,"pianocore:Boulanger,_Lili/3_Morceaux/1._D’un_Vieux_Jardin._Expressif_(C_sharp_minor)","pianocore:Boulanger,_Lili/3_Morceaux/1._D’un_Vieux_Jardin._Expressif_(C_sharp_minor)",Aria_787479_0,548,0.9415807560137457,0.9244457624396363,50.0,580
"pianocore:Boulanger,_Lili/3_Morceaux/1._D’un_Vieux_Jardin._Expressif_(C_sharp_minor)",PianoCoRe_064074,Aria_811595_0,Aria-MIDI,Aria-AMT,"Boulanger,_Lili/3_Morceaux/1._D’un_Vieux_Jardin._Expressif_(C_sharp_minor)/score_PDMX_refined.mid",pianocore_Boulanger__Lili_3_Morceaux_1._D_un_Vieux_Jardin._Expressif__C_sharp_minor___PianoCoRe_064074,real,"pianocore:Boulanger,_Lili/3_Morceaux/1._D’un_Vieux_Jardin._Expressif_(C_sharp_minor)","pianocore:Boulanger,_Lili/3_Morceaux/1._D’un_Vieux_Jardin._Expressif_(C_sharp_minor)",Aria_811595_0,564,0.9690721649484536,1.1009770249396242,50.0,580
"pianocore:Boulanger,_Lili/3_Morceaux/1._D’un_Vieux_Jardin._Expressif_(C_sharp_minor)",PianoCoRe_064075,Aria_813544_0,Aria-MIDI,Aria-AMT,"Boulanger,_Lili/3_Morceaux/1._D’un_Vieux_Jardin._Expressif_(C_sharp_minor)/score_PDMX_refined.mid",pianocore_Boulanger__Lili_3_Morceaux_1._D_un_Vieux_Jardin._Expressif__C_sharp_minor___PianoCoRe_064075,real,"pianocore:Boulanger,_Lili/3_Morceaux/1._D’un_Vieux_Jardin._Expressif_(C_sharp_minor)","pianocore:Boulanger,_Lili/3_Morceaux/1._D’un_Vieux_Jardin._Expressif_(C_sharp_minor)",Aria_813544_0,544,0.9347079037800687,0.7063803810851547,55.0,580
"pianocore:Boulanger,_Lili/3_Morceaux/1._D’un_Vieux_Jardin._Expressif_(C_sharp_minor)",PianoCoRe_064076,Aria_816576_0,Aria-MIDI,Aria-AMT,"Boulanger,_Lili/3_Morceaux/1._D’un_Vieux_Jardin._Expressif_(C_sharp_minor)/score_PDMX_refined.mid",pianocore_Boulanger__Lili_3_Morceaux_1._D_un_Vieux_Jardin._Expressif__C_sharp_minor___PianoCoRe_064076,real,"pianocore:Boulanger,_Lili/3_Morceaux/1._D’un_Vieux_Jardin._Expressif_(C_sharp_minor)","pianocore:Boulanger,_Lili/3_Morceaux/1._D’un_Vieux_Jardin._Expressif_(C_sharp_minor)",Aria_816576_0,530,0.9106529209621993,0.8072714648974222,55.0,580
"pianocore:Boulanger,_Lili/3_Morceaux/1._D’un_Vieux_Jardin._Expressif_(C_sharp_minor)",PianoCoRe_064077,Aria_837817_0,Aria-MIDI,Aria-AMT,"Boulanger,_Lili/3_Morceaux/1._D’un_Vieux_Jardin._Expressif_(C_sharp_minor)/score_PDMX_refined.mid",pianocore_Boulanger__Lili_3_Morceaux_1._D_un_Vieux_Jardin._Expressif__C_sharp_minor___PianoCoRe_064077,real,"pianocore:Boulanger,_Lili/3_Morceaux/1._D’un_Vieux_Jardin._Expressif_(C_sharp_minor)","pianocore:Boulanger,_Lili/3_Morceaux/1._D’un_Vieux_Jardin._Expressif_(C_sharp_minor)",Aria_837817_0,515,0.8848797250859106,1.0005572551938815,75.0,580
"pianocore:Boulanger,_Lili/3_Morceaux/1._D’un_Vieux_Jardin._Expressif_(C_sharp_minor)",PianoCoRe_064078,Aria_885799_0,Aria-MIDI,Aria-AMT,"Boulanger,_Lili/3_Morceaux/1._D’un_Vieux_Jardin._Expressif_(C_sharp_minor)/score_PDMX_refined.mid",pianocore_Boulanger__Lili_3_Morceaux_1._D_un_Vieux_Jardin._Expressif__C_sharp_minor___PianoCoRe_064078,real,"pianocore:Boulanger,_Lili/3_Morceaux/1._D’un_Vieux_Jardin._Expressif_(C_sharp_minor)","pianocore:Boulanger,_Lili/3_Morceaux/1._D’un_Vieux_Jardin._Expressif_(C_sharp_minor)",Aria_885799_0,554,0.9518900343642611,0.8931239810028108,50.0,580
"pianocore:Boulanger,_Lili/3_Morceaux/1._D’un_Vieux_Jardin._Expressif_(C_sharp_minor)",PianoCoRe_064079,Aria_896227_0,Aria-MIDI,Aria-AMT,"Boulanger,_Lili/3_Morceaux/1._D’un_Vieux_Jardin._Expressif_(C_sharp_minor)/score_PDMX_refined.mid",pianocore_Boulanger__Lili_3_Morceaux_1._D_un_Vieux_Jardin._Expressif__C_sharp_minor___PianoCoRe_064079,real,"pianocore:Boulanger,_Lili/3_Morceaux/1._D’un_Vieux_Jardin._Expressif_(C_sharp_minor)","pianocore:Boulanger,_Lili/3_Morceaux/1._D’un_Vieux_Jardin._Expressif_(C_sharp_minor)",Aria_896227_0,530,0.9106529209621993,1.0817704516790132,55.0,580
"pianocore:Boulanger,_Lili/3_Morceaux/1._D’un_Vieux_Jardin._Expressif_(C_sharp_minor)",PianoCoRe_064080,Aria_912273_0,Aria-MIDI,Aria-AMT,"Boulanger,_Lili/3_Morceaux/1._D’un_Vieux_Jardin._Expressif_(C_sharp_minor)/score_PDMX_refined.mid",pianocore_Boulanger__Lili_3_Morceaux_1._D_un_Vieux_Jardin._Expressif__C_sharp_minor___PianoCoRe_064080,real,"pianocore:Boulanger,_Lili/3_Morceaux/1._D’un_Vieux_Jardin._Expressif_(C_sharp_minor)","pianocore:Boulanger,_Lili/3_Morceaux/1._D’un_Vieux_Jardin._Expressif_(C_sharp_minor)",Aria_912273_0,542,0.9312714776632303,1.1047205851532222,65.0,580
"pianocore:Boulanger,_Lili/3_Morceaux/3._Cortège._Pas_vite_(B_major)",PianoCoRe_064082,Aria_098788_0,Aria-MIDI,Aria-AMT,"Boulanger,_Lili/3_Morceaux/3._Cortège._Pas_vite_(B_major)/score_PDMX_refined.mid",pianocore_Boulanger__Lili_3_Morceaux_3._Cortège._Pas_vite__B_major___PianoCoRe_064082,real,"pianocore:Boulanger,_Lili/3_Morceaux/3._Cortège._Pas_vite_(B_major)","pianocore:Boulanger,_Lili/3_Morceaux/3._Cortège._Pas_vite_(B_major)",Aria_098788_0,855,0.9395604395604396,0.6392422296807346,65.0,909
"pianocore:Boulanger,_Lili/3_Morceaux/3._Cortège._Pas_vite_(B_major)",PianoCoRe_064083,Aria_102578_2,Aria-MIDI,Aria-AMT,"Boulanger,_Lili/3_Morceaux/3._Cortège._Pas_vite_(B_major)/score_PDMX_refined.mid",pianocore_Boulanger__Lili_3_Morceaux_3._Cortège._Pas_vite__B_major___PianoCoRe_064083,real,"pianocore:Boulanger,_Lili/3_Morceaux/3._Cortège._Pas_vite_(B_major)","pianocore:Boulanger,_Lili/3_Morceaux/3._Cortège._Pas_vite_(B_major)",Aria_102578_2,797,0.8758241758241758,0.5914182603742977,60.0,909
"pianocore:Boulanger,_Lili/3_Morceaux/3._Cortège._Pas_vite_(B_major)",PianoCoRe_064084,Aria_133091_1,Aria-MIDI,Aria-AMT,"Boulanger,_Lili/3_Morceaux/3._Cortège._Pas_vite_(B_major)/score_PDMX_refined.mid",pianocore_Boulanger__Lili_3_Morceaux_3._Cortège._Pas_vite__B_major___PianoCoRe_064084,real,"pianocore:Boulanger,_Lili/3_Morceaux/3._Cortège._Pas_vite_(B_major)","pianocore:Boulanger,_Lili/3_Morceaux/3._Cortège._Pas_vite_(B_major)",Aria_133091_1,871,0.9571428571428572,0.6016134856172984,65.0,909
"pianocore:Boulanger,_Lili/3_Morceaux/3._Cortège._Pas_vite_(B_major)",PianoCoRe_064085,Aria_209492_0,Aria-MIDI,Aria-AMT,"Boulanger,_Lili/3_Morceaux/3._Cortège._Pas_vite_(B_major)/score_PDMX_refined.mid",pianocore_Boulanger__Lili_3_Morceaux_3._Cortège._Pas_vite__B_major___PianoCoRe_064085,real,"pianocore:Boulanger,_Lili/3_Morceaux/3._Cortège._Pas_vite_(B_major)","pianocore:Boulanger,_Lili/3_Morceaux/3._Cortège._Pas_vite_(B_major)",Aria_209492_0,867,0.9527472527472527,0.6333461588165735,65.0,909
"pianocore:Boulanger,_Lili/3_Morceaux/3._Cortège._Pas_vite_(B_major)",PianoCoRe_064086,Aria_292730_0,Aria-MIDI,Aria-AMT,"Boulanger,_Lili/3_Morceaux/3._Cortège._Pas_vite_(B_major)/score_PDMX_refined.mid",pianocore_Boulanger__Lili_3_Morceaux_3._Cortège._Pas_vite__B_major___PianoCoRe_064086,real,"pianocore:Boulanger,_Lili/3_Morceaux/3._Cortège._Pas_vite_(B_major)","pianocore:Boulanger,_Lili/3_Morceaux/3._Cortège._Pas_vite_(B_major)",Aria_292730_0,871,0.9571428571428572,0.6101975619098778,60.0,909
"pianocore:Boulanger,_Lili/3_Morceaux/3._Cortège._Pas_vite_(B_major)",PianoCoRe_064087,Aria_308421_0,Aria-MIDI,Aria-AMT,"Boulanger,_Lili/3_Morceaux/3._Cortège._Pas_vite_(B_major)/score_PDMX_refined.mid",pianocore_Boulanger__Lili_3_Morceaux_3._Cortège._Pas_vite__B_major___PianoCoRe_064087,real,"pianocore:Boulanger,_Lili/3_Morceaux/3._Cortège._Pas_vite_(B_major)","pianocore:Boulanger,_Lili/3_Morceaux/3._Cortège._Pas_vite_(B_major)",Aria_308421_0,856,0.9406593406593406,0.8056725852764156,65.0,909
"pianocore:Boulanger,_Lili/3_Morceaux/3._Cortège._Pas_vite_(B_major)",PianoCoRe_064088,Aria_432120_2,Aria-MIDI,Aria-AMT,"Boulanger,_Lili/3_Morceaux/3._Cortège._Pas_vite_(B_major)/score_PDMX_refined.mid",pianocore_Boulanger__Lili_3_Morceaux_3._Cortège._Pas_vite__B_major___PianoCoRe_064088,real,"pianocore:Boulanger,_Lili/3_Morceaux/3._Cortège._Pas_vite_(B_major)","pianocore:Boulanger,_Lili/3_Morceaux/3._Cortège._Pas_vite_(B_major)",Aria_432120_2,863,0.9483516483516483,0.608960740985839,65.0,909
"pianocore:Boulanger,_Lili/3_Morceaux/3._Cortège._Pas_vite_(B_major)",PianoCoRe_064089,Aria_436046_0,Aria-MIDI,Aria-AMT,"Boulanger,_Lili/3_Morceaux/3._Cortège._Pas_vite_(B_major)/score_PDMX_refined.mid",pianocore_Boulanger__Lili_3_Morceaux_3._Cortège._Pas_vite__B_major___PianoCoRe_064089,real,"pianocore:Boulanger,_Lili/3_Morceaux/3._Cortège._Pas_vite_(B_major)","pianocore:Boulanger,_Lili/3_Morceaux/3._Cortège._Pas_vite_(B_major)",Aria_436046_0,858,0.9428571428571428,0.5447191011054597,60.0,909
"pianocore:Boulanger,_Lili/3_Morceaux/3._Cortège._Pas_vite_(B_major)",PianoCoRe_064090,Aria_460134_0,Aria-MIDI,Aria-AMT,"Boulanger,_Lili/3_Morceaux/3._Cortège._Pas_vite_(B_major)/score_PDMX_refined.mid",pianocore_Boulanger__Lili_3_Morceaux_3._Cortège._Pas_vite__B_major___PianoCoRe_064090,real,"pianocore:Boulanger,_Lili/3_Morceaux/3._Cortège._Pas_vite_(B_major)","pianocore:Boulanger,_Lili/3_Morceaux/3._Cortège._Pas_vite_(B_major)",Aria_460134_0,864,0.9494505494505494,0.8113541710124843,65.0,909
"pianocore:Boulanger,_Lili/3_Morceaux/3._Cortège._Pas_vite_(B_major)",PianoCoRe_064091,Aria_507245_0,Aria-MIDI,Aria-AMT,"Boulanger,_Lili/3_Morceaux/3._Cortège._Pas_vite_(B_major)/score_PDMX_refined.mid",pianocore_Boulanger__Lili_3_Morceaux_3._Cortège._Pas_vite__B_major___PianoCoRe_064091,real,"pianocore:Boulanger,_Lili/3_Morceaux/3._Cortège._Pas_vite_(B_major)","pianocore:Boulanger,_Lili/3_Morceaux/3._Cortège._Pas_vite_(B_major)",Aria_507245_0,821,0.9021978021978022,0.7804877656769228,70.0,909
"pianocore:Boulanger,_Lili/3_Morceaux/3._Cortège._Pas_vite_(B_major)",PianoCoRe_064092,Aria_516612_0,Aria-MIDI,Aria-AMT,"Boulanger,_Lili/3_Morceaux/3._Cortège._Pas_vite_(B_major)/score_PDMX_refined.mid",pianocore_Boulanger__Lili_3_Morceaux_3._Cortège._Pas_vite__B_major___PianoCoRe_064092,real,"pianocore:Boulanger,_Lili/3_Morceaux/3._Cortège._Pas_vite_(B_major)","pianocore:Boulanger,_Lili/3_Morceaux/3._Cortège._Pas_vite_(B_major)",Aria_516612_0,865,0.9505494505494505,0.5908166567169203,65.0,909
"pianocore:Boulanger,_Lili/3_Morceaux/3._Cortège._Pas_vite_(B_major)",PianoCoRe_064093,Aria_538722_0,Aria-MIDI,Aria-AMT,"Boulanger,_Lili/3_Morceaux/3._Cortège._Pas_vite_(B_major)/score_PDMX_refined.mid",pianocore_Boulanger__Lili_3_Morceaux_3._Cortège._Pas_vite__B_major___PianoCoRe_064093,real,"pianocore:Boulanger,_Lili/3_Morceaux/3._Cortège._Pas_vite_(B_major)","pianocore:Boulanger,_Lili/3_Morceaux/3._Cortège._Pas_vite_(B_major)",Aria_538722_0,845,0.9285714285714286,0.7688651834139114,75.0,909
"pianocore:Boulanger,_Lili/3_Morceaux/3._Cortège._Pas_vite_(B_major)",PianoCoRe_064094,Aria_553743_2,Aria-MIDI,Aria-AMT,"Boulanger,_Lili/3_Morceaux/3._Cortège._Pas_vite_(B_major)/score_PDMX_refined.mid",pianocore_Boulanger__Lili_3_Morceaux_3._Cortège._Pas_vite__B_major___PianoCoRe_064094,real,"pianocore:Boulanger,_Lili/3_Morceaux/3._Cortège._Pas_vite_(B_major)","pianocore:Boulanger,_Lili/3_Morceaux/3._Cortège._Pas_vite_(B_major)",Aria_553743_2,858,0.9428571428571428,0.5367609655211081,75.0,909
"pianocore:Boulanger,_Lili/3_Morceaux/3._Cortège._Pas_vite_(B_major)",PianoCoRe_064095,Aria_556561_0,Aria-MIDI,Aria-AMT,"Boulanger,_Lili/3_Morceaux/3._Cortège._Pas_vite_(B_major)/score_PDMX_refined.mid",pianocore_Boulanger__Lili_3_Morceaux_3._Cortège._Pas_vite__B_major___PianoCoRe_064095,real,"pianocore:Boulanger,_Lili/3_Morceaux/3._Cortège._Pas_vite_(B_major)","pianocore:Boulanger,_Lili/3_Morceaux/3._Cortège._Pas_vite_(B_major)",Aria_556561_0,822,0.9032967032967033,0.5572404872590528,65.0,909
"pianocore:Boulanger,_Lili/3_Morceaux/3._Cortège._Pas_vite_(B_major)",PianoCoRe_064096,Aria_584725_0,Aria-MIDI,Aria-AMT,"Boulanger,_Lili/3_Morceaux/3._Cortège._Pas_vite_(B_major)/score_PDMX_refined.mid",pianocore_Boulanger__Lili_3_Morceaux_3._Cortège._Pas_vite__B_major___PianoCoRe_064096,real,"pianocore:Boulanger,_Lili/3_Morceaux/3._Cortège._Pas_vite_(B_major)","pianocore:Boulanger,_Lili/3_Morceaux/3._Cortège._Pas_vite_(B_major)",Aria_584725_0,857,0.9417582417582417,0.7020144991491725,60.0,909
"pianocore:Boulanger,_Lili/3_Morceaux/3._Cortège._Pas_vite_(B_major)",PianoCoRe_064097,Aria_602650_1,Aria-MIDI,Aria-AMT,"Boulanger,_Lili/3_Morceaux/3._Cortège._Pas_vite_(B_major)/score_PDMX_refined.mid",pianocore_Boulanger__Lili_3_Morceaux_3._Cortège._Pas_vite__B_major___PianoCoRe_064097,real,"pianocore:Boulanger,_Lili/3_Morceaux/3._Cortège._Pas_vite_(B_major)","pianocore:Boulanger,_Lili/3_Morceaux/3._Cortège._Pas_vite_(B_major)",Aria_602650_1,867,0.9527472527472527,0.7093012510740399,60.0,909
"pianocore:Boulanger,_Lili/3_Morceaux/3._Cortège._Pas_vite_(B_major)",PianoCoRe_064098,Aria_607849_0,Aria-MIDI,Aria-AMT,"Boulanger,_Lili/3_Morceaux/3._Cortège._Pas_vite_(B_major)/score_PDMX_refined.mid",pianocore_Boulanger__Lili_3_Morceaux_3._Cortège._Pas_vite__B_major___PianoCoRe_064098,real,"pianocore:Boulanger,_Lili/3_Morceaux/3._Cortège._Pas_vite_(B_major)","pianocore:Boulanger,_Lili/3_Morceaux/3._Cortège._Pas_vite_(B_major)",Aria_607849_0,866,0.9516483516483516,0.6278284515901494,75.0,909
"pianocore:Boulanger,_Lili/3_Morceaux/3._Cortège._Pas_vite_(B_major)",PianoCoRe_064099,Aria_787108_0,Aria-MIDI,Aria-AMT,"Boulanger,_Lili/3_Morceaux/3._Cortège._Pas_vite_(B_major)/score_PDMX_refined.mid",pianocore_Boulanger__Lili_3_Morceaux_3._Cortège._Pas_vite__B_major___PianoCoRe_064099,real,"pianocore:Boulanger,_Lili/3_Morceaux/3._Cortège._Pas_vite_(B_major)","pianocore:Boulanger,_Lili/3_Morceaux/3._Cortège._Pas_vite_(B_major)",Aria_787108_0,801,0.8802197802197802,0.7091705791159196,55.0,909
"pianocore:Boulanger,_Lili/3_Morceaux/3._Cortège._Pas_vite_(B_major)",PianoCoRe_064100,Aria_826692_0,Aria-MIDI,Aria-AMT,"Boulanger,_Lili/3_Morceaux/3._Cortège._Pas_vite_(B_major)/score_PDMX_refined.mid",pianocore_Boulanger__Lili_3_Morceaux_3._Cortège._Pas_vite__B_major___PianoCoRe_064100,real,"pianocore:Boulanger,_Lili/3_Morceaux/3._Cortège._Pas_vite_(B_major)","pianocore:Boulanger,_Lili/3_Morceaux/3._Cortège._Pas_vite_(B_major)",Aria_826692_0,855,0.9395604395604396,0.604633159416738,60.0,909
"pianocore:Boulanger,_Lili/3_Morceaux/3._Cortège._Pas_vite_(B_major)",PianoCoRe_064101,Aria_915431_0,Aria-MIDI,Aria-AMT,"Boulanger,_Lili/3_Morceaux/3._Cortège._Pas_vite_(B_major)/score_PDMX_refined.mid",pianocore_Boulanger__Lili_3_Morceaux_3._Cortège._Pas_vite__B_major___PianoCoRe_064101,real,"pianocore:Boulanger,_Lili/3_Morceaux/3._Cortège._Pas_vite_(B_major)","pianocore:Boulanger,_Lili/3_Morceaux/3._Cortège._Pas_vite_(B_major)",Aria_915431_0,849,0.932967032967033,0.6826731822869316,75.0,909
"pianocore:Debussy,_Claude/2_Arabesques",PianoCoRe_133380,Aria_131878_0,Aria-MIDI,Aria-AMT,"Debussy,_Claude/2_Arabesques/score_PDMX_refined.mid",pianocore_Debussy__Claude_2_Arabesques__PianoCoRe_133380,real,"pianocore:Debussy,_Claude/2_Arabesques","pianocore:Debussy,_Claude/2_Arabesques",Aria_131878_0,2903,0.9634520884520884,0.5969027011231326,50.0,3000
"pianocore:Debussy,_Claude/2_Arabesques",PianoCoRe_133381,Aria_227983_0,Aria-MIDI,Aria-AMT,"Debussy,_Claude/2_Arabesques/score_PDMX_refined.mid",pianocore_Debussy__Claude_2_Arabesques__PianoCoRe_133381,real,"pianocore:Debussy,_Claude/2_Arabesques","pianocore:Debussy,_Claude/2_Arabesques",Aria_227983_0,2906,0.9637592137592138,0.4907629396959056,60.0,3000
"pianocore:Debussy,_Claude/2_Arabesques",PianoCoRe_133382,Aria_234364_0,Aria-MIDI,Aria-AMT,"Debussy,_Claude/2_Arabesques/score_PDMX_refined.mid",pianocore_Debussy__Claude_2_Arabesques__PianoCoRe_133382,real,"pianocore:Debussy,_Claude/2_Arabesques","pianocore:Debussy,_Claude/2_Arabesques",Aria_234364_0,2901,0.9616093366093366,0.5418588461420317,65.0,3000
"pianocore:Debussy,_Claude/2_Arabesques",PianoCoRe_133383,Aria_234590_0,Aria-MIDI,Aria-AMT,"Debussy,_Claude/2_Arabesques/score_PDMX_refined.mid",pianocore_Debussy__Claude_2_Arabesques__PianoCoRe_133383,real,"pianocore:Debussy,_Claude/2_Arabesques","pianocore:Debussy,_Claude/2_Arabesques",Aria_234590_0,2960,0.9834152334152334,0.516501738507123,60.0,3000
"pianocore:Debussy,_Claude/2_Arabesques",PianoCoRe_133384,Aria_247298_0,Aria-MIDI,Aria-AMT,"Debussy,_Claude/2_Arabesques/score_PDMX_refined.mid",pianocore_Debussy__Claude_2_Arabesques__PianoCoRe_133384,real,"pianocore:Debussy,_Claude/2_Arabesques","pianocore:Debussy,_Claude/2_Arabesques",Aria_247298_0,2849,0.9404176904176904,0.6094209676773215,65.0,3000
"pianocore:Debussy,_Claude/2_Arabesques",PianoCoRe_133385,Aria_258438_0,Aria-MIDI,Aria-AMT,"Debussy,_Claude/2_Arabesques/score_PDMX_refined.mid",pianocore_Debussy__Claude_2_Arabesques__PianoCoRe_133385,real,"pianocore:Debussy,_Claude/2_Arabesques","pianocore:Debussy,_Claude/2_Arabesques",Aria_258438_0,2877,0.9186117936117936,0.4829355214082106,60.0,3000
"pianocore:Debussy,_Claude/2_Arabesques",PianoCoRe_133386,Aria_264968_0,Aria-MIDI,Aria-AMT,"Debussy,_Claude/2_Arabesques/score_PDMX_refined.mid",pianocore_Debussy__Claude_2_Arabesques__PianoCoRe_133386,real,"pianocore:Debussy,_Claude/2_Arabesques","pianocore:Debussy,_Claude/2_Arabesques",Aria_264968_0,2920,0.9699017199017199,0.4682992332071181,60.0,3000
"pianocore:Debussy,_Claude/2_Arabesques",PianoCoRe_133387,Aria_283889_0,Aria-MIDI,Aria-AMT,"Debussy,_Claude/2_Arabesques/score_PDMX_refined.mid",pianocore_Debussy__Claude_2_Arabesques__PianoCoRe_133387,real,"pianocore:Debussy,_Claude/2_Arabesques","pianocore:Debussy,_Claude/2_Arabesques",Aria_283889_0,2882,0.9576167076167076,0.6303167610354129,70.0,3000
"pianocore:Debussy,_Claude/2_Arabesques",PianoCoRe_133388,Aria_296478_0,Aria-MIDI,Aria-AMT,"Debussy,_Claude/2_Arabesques/score_PDMX_refined.mid",pianocore_Debussy__Claude_2_Arabesques__PianoCoRe_133388,real,"pianocore:Debussy,_Claude/2_Arabesques","pianocore:Debussy,_Claude/2_Arabesques",Aria_296478_0,2940,0.9757371007371007,0.45261329517605237,70.0,3000
"pianocore:Debussy,_Claude/2_Arabesques",PianoCoRe_133389,Aria_380835_0,Aria-MIDI,Aria-AMT,"Debussy,_Claude/2_Arabesques/score_PDMX_refined.mid",pianocore_Debussy__Claude_2_Arabesques__PianoCoRe_133389,real,"pianocore:Debussy,_Claude/2_Arabesques","pianocore:Debussy,_Claude/2_Arabesques",Aria_380835_0,2939,0.976965601965602,0.49489317629995805,60.0,3000
"pianocore:Debussy,_Claude/2_Arabesques",PianoCoRe_133390,Aria_382630_0,Aria-MIDI,Aria-AMT,"Debussy,_Claude/2_Arabesques/score_PDMX_refined.mid",pianocore_Debussy__Claude_2_Arabesques__PianoCoRe_133390,real,"pianocore:Debussy,_Claude/2_Arabesques","pianocore:Debussy,_Claude/2_Arabesques",Aria_382630_0,2919,0.9708230958230958,0.5574287192946107,65.0,3000
"pianocore:Debussy,_Claude/2_Arabesques",PianoCoRe_133391,Aria_401558_0,Aria-MIDI,Aria-AMT,"Debussy,_Claude/2_Arabesques/score_PDMX_refined.mid",pianocore_Debussy__Claude_2_Arabesques__PianoCoRe_133391,real,"pianocore:Debussy,_Claude/2_Arabesques","pianocore:Debussy,_Claude/2_Arabesques",Aria_401558_0,2956,0.9818796068796068,0.5488270656626385,60.0,3000
"pianocore:Debussy,_Claude/2_Arabesques",PianoCoRe_133392,Aria_430050_0,Aria-MIDI,Aria-AMT,"Debussy,_Claude/2_Arabesques/score_PDMX_refined.mid",pianocore_Debussy__Claude_2_Arabesques__PianoCoRe_133392,real,"pianocore:Debussy,_Claude/2_Arabesques","pianocore:Debussy,_Claude/2_Arabesques",Aria_430050_0,2945,0.9781941031941032,0.5170793331272286,70.0,3000
"pianocore:Debussy,_Claude/2_Arabesques",PianoCoRe_133393,Aria_451088_0,Aria-MIDI,Aria-AMT,"Debussy,_Claude/2_Arabesques/score_PDMX_refined.mid",pianocore_Debussy__Claude_2_Arabesques__PianoCoRe_133393,real,"pianocore:Debussy,_Claude/2_Arabesques","pianocore:Debussy,_Claude/2_Arabesques",Aria_451088_0,2960,0.9843366093366094,0.46828942110948607,60.0,3000
"pianocore:Debussy,_Claude/2_Arabesques",PianoCoRe_133394,Aria_476213_0,Aria-MIDI,Aria-AMT,"Debussy,_Claude/2_Arabesques/score_PDMX_refined.mid",pianocore_Debussy__Claude_2_Arabesques__PianoCoRe_133394,real,"pianocore:Debussy,_Claude/2_Arabesques","pianocore:Debussy,_Claude/2_Arabesques",Aria_476213_0,2927,0.9723587223587223,0.4829704671220882,70.0,3000
"pianocore:Debussy,_Claude/2_Arabesques",PianoCoRe_133395,Aria_482006_0,Aria-MIDI,Aria-AMT,"Debussy,_Claude/2_Arabesques/score_PDMX_refined.mid",pianocore_Debussy__Claude_2_Arabesques__PianoCoRe_133395,real,"pianocore:Debussy,_Claude/2_Arabesques","pianocore:Debussy,_Claude/2_Arabesques",Aria_482006_0,2947,0.9778869778869779,0.4265479926865073,60.0,3000
"pianocore:Debussy,_Claude/2_Arabesques",PianoCoRe_133396,Aria_508659_0,Aria-MIDI,Aria-AMT,"Debussy,_Claude/2_Arabesques/score_PDMX_refined.mid",pianocore_Debussy__Claude_2_Arabesques__PianoCoRe_133396,real,"pianocore:Debussy,_Claude/2_Arabesques","pianocore:Debussy,_Claude/2_Arabesques",Aria_508659_0,2898,0.9643734643734644,0.5790709886544324,70.0,3000
"pianocore:Debussy,_Claude/2_Arabesques",PianoCoRe_133397,Aria_513676_0,Aria-MIDI,Aria-AMT,"Debussy,_Claude/2_Arabesques/score_PDMX_refined.mid",pianocore_Debussy__Claude_2_Arabesques__PianoCoRe_133397,real,"pianocore:Debussy,_Claude/2_Arabesques","pianocore:Debussy,_Claude/2_Arabesques",Aria_513676_0,2953,0.9812653562653563,0.6380379856468311,65.0,3000
"pianocore:Debussy,_Claude/2_Arabesques",PianoCoRe_133398,Aria_528874_2,Aria-MIDI,Aria-AMT,"Debussy,_Claude/2_Arabesques/score_PDMX_refined.mid",pianocore_Debussy__Claude_2_Arabesques__PianoCoRe_133398,real,"pianocore:Debussy,_Claude/2_Arabesques","pianocore:Debussy,_Claude/2_Arabesques",Aria_528874_2,2952,0.9069410319410319,0.7868846471918376,60.0,3000
"pianocore:Debussy,_Claude/2_Arabesques",PianoCoRe_133399,Aria_577426_0,Aria-MIDI,Aria-AMT,"Debussy,_Claude/2_Arabesques/score_PDMX_refined.mid",pianocore_Debussy__Claude_2_Arabesques__PianoCoRe_133399,real,"pianocore:Debussy,_Claude/2_Arabesques","pianocore:Debussy,_Claude/2_Arabesques",Aria_577426_0,2922,0.9017199017199017,0.5632974818449715,60.0,3000
"pianocore:Debussy,_Claude/2_Arabesques",PianoCoRe_133400,Aria_647070_0,Aria-MIDI,Aria-AMT,"Debussy,_Claude/2_Arabesques/score_PDMX_refined.mid",pianocore_Debussy__Claude_2_Arabesques__PianoCoRe_133400,real,"pianocore:Debussy,_Claude/2_Arabesques","pianocore:Debussy,_Claude/2_Arabesques",Aria_647070_0,2936,0.9742014742014742,0.6195367940177572,60.0,3000
"pianocore:Debussy,_Claude/2_Arabesques",PianoCoRe_133401,Aria_648334_0,Aria-MIDI,Aria-AMT,"Debussy,_Claude/2_Arabesques/score_PDMX_refined.mid",pianocore_Debussy__Claude_2_Arabesques__PianoCoRe_133401,real,"pianocore:Debussy,_Claude/2_Arabesques","pianocore:Debussy,_Claude/2_Arabesques",Aria_648334_0,2919,0.9689803439803439,0.4677875953651779,65.0,3000
"pianocore:Debussy,_Claude/2_Arabesques",PianoCoRe_133402,Aria_677010_0,Aria-MIDI,Aria-AMT,"Debussy,_Claude/2_Arabesques/score_PDMX_refined.mid",pianocore_Debussy__Claude_2_Arabesques__PianoCoRe_133402,real,"pianocore:Debussy,_Claude/2_Arabesques","pianocore:Debussy,_Claude/2_Arabesques",Aria_677010_0,2914,0.9692874692874693,0.5733544354176593,60.0,3000
"pianocore:Debussy,_Claude/2_Arabesques",PianoCoRe_133403,Aria_689272_5,Aria-MIDI,Aria-AMT,"Debussy,_Claude/2_Arabesques/score_PDMX_refined.mid",pianocore_Debussy__Claude_2_Arabesques__PianoCoRe_133403,real,"pianocore:Debussy,_Claude/2_Arabesques","pianocore:Debussy,_Claude/2_Arabesques",Aria_689272_5,2910,0.9662162162162162,0.6064446460534031,65.0,3000
"pianocore:Debussy,_Claude/2_Arabesques",PianoCoRe_133404,Aria_714524_0,Aria-MIDI,Aria-AMT,"Debussy,_Claude/2_Arabesques/score_PDMX_refined.mid",pianocore_Debussy__Claude_2_Arabesques__PianoCoRe_133404,real,"pianocore:Debussy,_Claude/2_Arabesques","pianocore:Debussy,_Claude/2_Arabesques",Aria_714524_0,2938,0.976044226044226,0.5121086997058486,60.0,3000
"pianocore:Debussy,_Claude/2_Arabesques",PianoCoRe_133405,Aria_721628_0,Aria-MIDI,Aria-AMT,"Debussy,_Claude/2_Arabesques/score_PDMX_refined.mid",pianocore_Debussy__Claude_2_Arabesques__PianoCoRe_133405,real,"pianocore:Debussy,_Claude/2_Arabesques","pianocore:Debussy,_Claude/2_Arabesques",Aria_721628_0,2951,0.9775798525798526,0.5614724001910703,70.0,3000
"pianocore:Debussy,_Claude/2_Arabesques",PianoCoRe_133406,Aria_764243_0,Aria-MIDI,Aria-AMT,"Debussy,_Claude/2_Arabesques/score_PDMX_refined.mid",pianocore_Debussy__Claude_2_Arabesques__PianoCoRe_133406,real,"pianocore:Debussy,_Claude/2_Arabesques","pianocore:Debussy,_Claude/2_Arabesques",Aria_764243_0,2900,0.9643734643734644,0.5213358218389057,65.0,3000
"pianocore:Debussy,_Claude/2_Arabesques",PianoCoRe_133407,Aria_785996_0,Aria-MIDI,Aria-AMT,"Debussy,_Claude/2_Arabesques/score_PDMX_refined.mid",pianocore_Debussy__Claude_2_Arabesques__PianoCoRe_133407,real,"pianocore:Debussy,_Claude/2_Arabesques","pianocore:Debussy,_Claude/2_Arabesques",Aria_785996_0,2925,0.9705159705159705,0.5584253182337952,65.0,3000
"pianocore:Debussy,_Claude/2_Arabesques",PianoCoRe_133408,Aria_815815_0,Aria-MIDI,Aria-AMT,"Debussy,_Claude/2_Arabesques/score_PDMX_refined.mid",pianocore_Debussy__Claude_2_Arabesques__PianoCoRe_133408,real,"pianocore:Debussy,_Claude/2_Arabesques","pianocore:Debussy,_Claude/2_Arabesques",Aria_815815_0,2931,0.9732800982800983,0.5122658576473398,65.0,3000
"pianocore:Debussy,_Claude/2_Arabesques",PianoCoRe_133409,Aria_854657_0,Aria-MIDI,Aria-AMT,"Debussy,_Claude/2_Arabesques/score_PDMX_refined.mid",pianocore_Debussy__Claude_2_Arabesques__PianoCoRe_133409,real,"pianocore:Debussy,_Claude/2_Arabesques","pianocore:Debussy,_Claude/2_Arabesques",Aria_854657_0,2860,0.9453316953316954,0.44530143168899816,40.0,3000
"pianocore:Debussy,_Claude/2_Arabesques",PianoCoRe_133410,Aria_861146_0,Aria-MIDI,Aria-AMT,"Debussy,_Claude/2_Arabesques/score_PDMX_refined.mid",pianocore_Debussy__Claude_2_Arabesques__PianoCoRe_133410,real,"pianocore:Debussy,_Claude/2_Arabesques","pianocore:Debussy,_Claude/2_Arabesques",Aria_861146_0,2941,0.9772727272727273,0.5361448918530966,70.0,3000
"pianocore:Debussy,_Claude/2_Arabesques",PianoCoRe_133411,GiantMIDI_9Fle2CP8gR0,GiantMIDI-Piano,ByteDance,"Debussy,_Claude/2_Arabesques/score_PDMX_refined.mid",pianocore_Debussy__Claude_2_Arabesques__PianoCoRe_133411,real,"pianocore:Debussy,_Claude/2_Arabesques","pianocore:Debussy,_Claude/2_Arabesques",GiantMIDI_9Fle2CP8gR0,2882,0.956081081081081,0.5439798625661748,63.0,3000
"pianocore:Elgar,_Edward/Variations_on_an_Original_Theme_'Enigma',_Op.36/Variation_IX._Adagio_""Nimrod""",PianoCoRe_150875,Aria_011444_0,Aria-MIDI,Aria-AMT,"Elgar,_Edward/Variations_on_an_Original_Theme_'Enigma',_Op.36/Variation_IX._Adagio_""Nimrod""/score_PDMX_refined.mid",pianocore_Elgar__Edward_Variations_on_an_Original_Theme__Enigma___Op.36_Variation_IX._Adagio__Nimrod___PianoCoRe_150875,real,"pianocore:Elgar,_Edward/Variations_on_an_Original_Theme_'Enigma',_Op.36/Variation_IX._Adagio_""Nimrod""","pianocore:Elgar,_Edward/Variations_on_an_Original_Theme_'Enigma',_Op.36/Variation_IX._Adagio_""Nimrod""",Aria_011444_0,615,0.9304084720121029,1.6359808744666406,55.0,660
"pianocore:Elgar,_Edward/Variations_on_an_Original_Theme_'Enigma',_Op.36/Variation_IX._Adagio_""Nimrod""",PianoCoRe_150876,Aria_040255_0,Aria-MIDI,Aria-AMT,"Elgar,_Edward/Variations_on_an_Original_Theme_'Enigma',_Op.36/Variation_IX._Adagio_""Nimrod""/score_PDMX_refined.mid",pianocore_Elgar__Edward_Variations_on_an_Original_Theme__Enigma___Op.36_Variation_IX._Adagio__Nimrod___PianoCoRe_150876,real,"pianocore:Elgar,_Edward/Variations_on_an_Original_Theme_'Enigma',_Op.36/Variation_IX._Adagio_""Nimrod""","pianocore:Elgar,_Edward/Variations_on_an_Original_Theme_'Enigma',_Op.36/Variation_IX._Adagio_""Nimrod""",Aria_040255_0,622,0.9409984871406959,1.527143432479236,60.0,660
"pianocore:Elgar,_Edward/Variations_on_an_Original_Theme_'Enigma',_Op.36/Variation_IX._Adagio_""Nimrod""",PianoCoRe_150877,Aria_040700_0,Aria-MIDI,Aria-AMT,"Elgar,_Edward/Variations_on_an_Original_Theme_'Enigma',_Op.36/Variation_IX._Adagio_""Nimrod""/score_PDMX_refined.mid",pianocore_Elgar__Edward_Variations_on_an_Original_Theme__Enigma___Op.36_Variation_IX._Adagio__Nimrod___PianoCoRe_150877,real,"pianocore:Elgar,_Edward/Variations_on_an_Original_Theme_'Enigma',_Op.36/Variation_IX._Adagio_""Nimrod""","pianocore:Elgar,_Edward/Variations_on_an_Original_Theme_'Enigma',_Op.36/Variation_IX._Adagio_""Nimrod""",Aria_040700_0,630,0.9531013615733737,1.520204534524371,65.0,660
"pianocore:Elgar,_Edward/Variations_on_an_Original_Theme_'Enigma',_Op.36/Variation_IX._Adagio_""Nimrod""",PianoCoRe_150880,Aria_231360_0,Aria-MIDI,Aria-AMT,"Elgar,_Edward/Variations_on_an_Original_Theme_'Enigma',_Op.36/Variation_IX._Adagio_""Nimrod""/score_PDMX_refined.mid",pianocore_Elgar__Edward_Variations_on_an_Original_Theme__Enigma___Op.36_Variation_IX._Adagio__Nimrod___PianoCoRe_150880,real,"pianocore:Elgar,_Edward/Variations_on_an_Original_Theme_'Enigma',_Op.36/Variation_IX._Adagio_""Nimrod""","pianocore:Elgar,_Edward/Variations_on_an_Original_Theme_'Enigma',_Op.36/Variation_IX._Adagio_""Nimrod""",Aria_231360_0,627,0.9485627836611196,1.3701727914195903,50.0,660
"pianocore:Elgar,_Edward/Variations_on_an_Original_Theme_'Enigma',_Op.36/Variation_IX._Adagio_""Nimrod""",PianoCoRe_150883,Aria_259543_0,Aria-MIDI,Aria-AMT,"Elgar,_Edward/Variations_on_an_Original_Theme_'Enigma',_Op.36/Variation_IX._Adagio_""Nimrod""/score_PDMX_refined.mid",pianocore_Elgar__Edward_Variations_on_an_Original_Theme__Enigma___Op.36_Variation_IX._Adagio__Nimrod___PianoCoRe_150883,real,"pianocore:Elgar,_Edward/Variations_on_an_Original_Theme_'Enigma',_Op.36/Variation_IX._Adagio_""Nimrod""","pianocore:Elgar,_Edward/Variations_on_an_Original_Theme_'Enigma',_Op.36/Variation_IX._Adagio_""Nimrod""",Aria_259543_0,627,0.9485627836611196,1.9097051861254397,60.0,660
"pianocore:Elgar,_Edward/Variations_on_an_Original_Theme_'Enigma',_Op.36/Variation_IX._Adagio_""Nimrod""",PianoCoRe_150884,Aria_298983_0,Aria-MIDI,Aria-AMT,"Elgar,_Edward/Variations_on_an_Original_Theme_'Enigma',_Op.36/Variation_IX._Adagio_""Nimrod""/score_PDMX_refined.mid",pianocore_Elgar__Edward_Variations_on_an_Original_Theme__Enigma___Op.36_Variation_IX._Adagio__Nimrod___PianoCoRe_150884,real,"pianocore:Elgar,_Edward/Variations_on_an_Original_Theme_'Enigma',_Op.36/Variation_IX._Adagio_""Nimrod""","pianocore:Elgar,_Edward/Variations_on_an_Original_Theme_'Enigma',_Op.36/Variation_IX._Adagio_""Nimrod""",Aria_298983_0,543,0.8214826021180031,1.5831507669784721,80.0,660
"pianocore:Elgar,_Edward/Variations_on_an_Original_Theme_'Enigma',_Op.36/Variation_IX._Adagio_""Nimrod""",PianoCoRe_150885,Aria_342149_0,Aria-MIDI,Aria-AMT,"Elgar,_Edward/Variations_on_an_Original_Theme_'Enigma',_Op.36/Variation_IX._Adagio_""Nimrod""/score_PDMX_refined.mid",pianocore_Elgar__Edward_Variations_on_an_Original_Theme__Enigma___Op.36_Variation_IX._Adagio__Nimrod___PianoCoRe_150885,real,"pianocore:Elgar,_Edward/Variations_on_an_Original_Theme_'Enigma',_Op.36/Variation_IX._Adagio_""Nimrod""","pianocore:Elgar,_Edward/Variations_on_an_Original_Theme_'Enigma',_Op.36/Variation_IX._Adagio_""Nimrod""",Aria_342149_0,609,0.9213313161875946,1.9891199514823497,50.0,660
"pianocore:Elgar,_Edward/Variations_on_an_Original_Theme_'Enigma',_Op.36/Variation_IX._Adagio_""Nimrod""",PianoCoRe_150887,Aria_369491_0,Aria-MIDI,Aria-AMT,"Elgar,_Edward/Variations_on_an_Original_Theme_'Enigma',_Op.36/Variation_IX._Adagio_""Nimrod""/score_PDMX_refined.mid",pianocore_Elgar__Edward_Variations_on_an_Original_Theme__Enigma___Op.36_Variation_IX._Adagio__Nimrod___PianoCoRe_150887,real,"pianocore:Elgar,_Edward/Variations_on_an_Original_Theme_'Enigma',_Op.36/Variation_IX._Adagio_""Nimrod""","pianocore:Elgar,_Edward/Variations_on_an_Original_Theme_'Enigma',_Op.36/Variation_IX._Adagio_""Nimrod""",Aria_369491_0,642,0.9712556732223904,1.7396050467141113,75.0,660
"pianocore:Elgar,_Edward/Variations_on_an_Original_Theme_'Enigma',_Op.36/Variation_IX._Adagio_""Nimrod""",PianoCoRe_150889,Aria_409252_0,Aria-MIDI,Aria-AMT,"Elgar,_Edward/Variations_on_an_Original_Theme_'Enigma',_Op.36/Variation_IX._Adagio_""Nimrod""/score_PDMX_refined.mid",pianocore_Elgar__Edward_Variations_on_an_Original_Theme__Enigma___Op.36_Variation_IX._Adagio__Nimrod___PianoCoRe_150889,real,"pianocore:Elgar,_Edward/Variations_on_an_Original_Theme_'Enigma',_Op.36/Variation_IX._Adagio_""Nimrod""","pianocore:Elgar,_Edward/Variations_on_an_Original_Theme_'Enigma',_Op.36/Variation_IX._Adagio_""Nimrod""",Aria_409252_0,614,0.9288956127080181,1.847659758576336,65.0,660
"pianocore:Elgar,_Edward/Variations_on_an_Original_Theme_'Enigma',_Op.36/Variation_IX._Adagio_""Nimrod""",PianoCoRe_150890,Aria_441420_0,Aria-MIDI,Aria-AMT,"Elgar,_Edward/Variations_on_an_Original_Theme_'Enigma',_Op.36/Variation_IX._Adagio_""Nimrod""/score_PDMX_refined.mid",pianocore_Elgar__Edward_Variations_on_an_Original_Theme__Enigma___Op.36_Variation_IX._Adagio__Nimrod___PianoCoRe_150890,real,"pianocore:Elgar,_Edward/Variations_on_an_Original_Theme_'Enigma',_Op.36/Variation_IX._Adagio_""Nimrod""","pianocore:Elgar,_Edward/Variations_on_an_Original_Theme_'Enigma',_Op.36/Variation_IX._Adagio_""Nimrod""",Aria_441420_0,573,0.8668683812405447,1.3091379846192002,70.0,660
"pianocore:Elgar,_Edward/Variations_on_an_Original_Theme_'Enigma',_Op.36/Variation_IX._Adagio_""Nimrod""",PianoCoRe_150892,Aria_456632_0,Aria-MIDI,Aria-AMT,"Elgar,_Edward/Variations_on_an_Original_Theme_'Enigma',_Op.36/Variation_IX._Adagio_""Nimrod""/score_PDMX_refined.mid",pianocore_Elgar__Edward_Variations_on_an_Original_Theme__Enigma___Op.36_Variation_IX._Adagio__Nimrod___PianoCoRe_150892,real,"pianocore:Elgar,_Edward/Variations_on_an_Original_Theme_'Enigma',_Op.36/Variation_IX._Adagio_""Nimrod""","pianocore:Elgar,_Edward/Variations_on_an_Original_Theme_'Enigma',_Op.36/Variation_IX._Adagio_""Nimrod""",Aria_456632_0,629,0.9515885022692889,1.5690638456979642,60.0,660
"pianocore:Elgar,_Edward/Variations_on_an_Original_Theme_'Enigma',_Op.36/Variation_IX._Adagio_""Nimrod""",PianoCoRe_150895,Aria_495891_0,Aria-MIDI,Aria-AMT,"Elgar,_Edward/Variations_on_an_Original_Theme_'Enigma',_Op.36/Variation_IX._Adagio_""Nimrod""/score_PDMX_refined.mid",pianocore_Elgar__Edward_Variations_on_an_Original_Theme__Enigma___Op.36_Variation_IX._Adagio__Nimrod___PianoCoRe_150895,real,"pianocore:Elgar,_Edward/Variations_on_an_Original_Theme_'Enigma',_Op.36/Variation_IX._Adagio_""Nimrod""","pianocore:Elgar,_Edward/Variations_on_an_Original_Theme_'Enigma',_Op.36/Variation_IX._Adagio_""Nimrod""",Aria_495891_0,591,0.8940998487140696,1.6493477779785746,75.0,660
"pianocore:Elgar,_Edward/Variations_on_an_Original_Theme_'Enigma',_Op.36/Variation_IX._Adagio_""Nimrod""",PianoCoRe_150897,Aria_503299_0,Aria-MIDI,Aria-AMT,"Elgar,_Edward/Variations_on_an_Original_Theme_'Enigma',_Op.36/Variation_IX._Adagio_""Nimrod""/score_PDMX_refined.mid",pianocore_Elgar__Edward_Variations_on_an_Original_Theme__Enigma___Op.36_Variation_IX._Adagio__Nimrod___PianoCoRe_150897,real,"pianocore:Elgar,_Edward/Variations_on_an_Original_Theme_'Enigma',_Op.36/Variation_IX._Adagio_""Nimrod""","pianocore:Elgar,_Edward/Variations_on_an_Original_Theme_'Enigma',_Op.36/Variation_IX._Adagio_""Nimrod""",Aria_503299_0,619,0.9364599092284418,1.7221231364421183,55.0,660
"pianocore:Elgar,_Edward/Variations_on_an_Original_Theme_'Enigma',_Op.36/Variation_IX._Adagio_""Nimrod""",PianoCoRe_150898,Aria_504578_0,Aria-MIDI,Aria-AMT,"Elgar,_Edward/Variations_on_an_Original_Theme_'Enigma',_Op.36/Variation_IX._Adagio_""Nimrod""/score_PDMX_refined.mid",pianocore_Elgar__Edward_Variations_on_an_Original_Theme__Enigma___Op.36_Variation_IX._Adagio__Nimrod___PianoCoRe_150898,real,"pianocore:Elgar,_Edward/Variations_on_an_Original_Theme_'Enigma',_Op.36/Variation_IX._Adagio_""Nimrod""","pianocore:Elgar,_Edward/Variations_on_an_Original_Theme_'Enigma',_Op.36/Variation_IX._Adagio_""Nimrod""",Aria_504578_0,624,0.9440242057488654,1.4784872528625956,60.0,660
"pianocore:Elgar,_Edward/Variations_on_an_Original_Theme_'Enigma',_Op.36/Variation_IX._Adagio_""Nimrod""",PianoCoRe_150902,Aria_640789_0,Aria-MIDI,Aria-AMT,"Elgar,_Edward/Variations_on_an_Original_Theme_'Enigma',_Op.36/Variation_IX._Adagio_""Nimrod""/score_PDMX_refined.mid",pianocore_Elgar__Edward_Variations_on_an_Original_Theme__Enigma___Op.36_Variation_IX._Adagio__Nimrod___PianoCoRe_150902,real,"pianocore:Elgar,_Edward/Variations_on_an_Original_Theme_'Enigma',_Op.36/Variation_IX._Adagio_""Nimrod""","pianocore:Elgar,_Edward/Variations_on_an_Original_Theme_'Enigma',_Op.36/Variation_IX._Adagio_""Nimrod""",Aria_640789_0,635,0.9606656580937972,1.758603186937993,70.0,660
"pianocore:Elgar,_Edward/Variations_on_an_Original_Theme_'Enigma',_Op.36/Variation_IX._Adagio_""Nimrod""",PianoCoRe_150906,Aria_768254_0,Aria-MIDI,Aria-AMT,"Elgar,_Edward/Variations_on_an_Original_Theme_'Enigma',_Op.36/Variation_IX._Adagio_""Nimrod""/score_PDMX_refined.mid",pianocore_Elgar__Edward_Variations_on_an_Original_Theme__Enigma___Op.36_Variation_IX._Adagio__Nimrod___PianoCoRe_150906,real,"pianocore:Elgar,_Edward/Variations_on_an_Original_Theme_'Enigma',_Op.36/Variation_IX._Adagio_""Nimrod""","pianocore:Elgar,_Edward/Variations_on_an_Original_Theme_'Enigma',_Op.36/Variation_IX._Adagio_""Nimrod""",Aria_768254_0,620,0.9379727685325264,1.5196737629937942,80.0,660
"pianocore:Elgar,_Edward/Variations_on_an_Original_Theme_'Enigma',_Op.36/Variation_IX._Adagio_""Nimrod""",PianoCoRe_150907,Aria_768579_0,Aria-MIDI,Aria-AMT,"Elgar,_Edward/Variations_on_an_Original_Theme_'Enigma',_Op.36/Variation_IX._Adagio_""Nimrod""/score_PDMX_refined.mid",pianocore_Elgar__Edward_Variations_on_an_Original_Theme__Enigma___Op.36_Variation_IX._Adagio__Nimrod___PianoCoRe_150907,real,"pianocore:Elgar,_Edward/Variations_on_an_Original_Theme_'Enigma',_Op.36/Variation_IX._Adagio_""Nimrod""","pianocore:Elgar,_Edward/Variations_on_an_Original_Theme_'Enigma',_Op.36/Variation_IX._Adagio_""Nimrod""",Aria_768579_0,635,0.9606656580937972,1.0304660355647008,65.0,660
"pianocore:Elgar,_Edward/Variations_on_an_Original_Theme_'Enigma',_Op.36/Variation_IX._Adagio_""Nimrod""",PianoCoRe_150910,Aria_906895_0,Aria-MIDI,Aria-AMT,"Elgar,_Edward/Variations_on_an_Original_Theme_'Enigma',_Op.36/Variation_IX._Adagio_""Nimrod""/score_PDMX_refined.mid",pianocore_Elgar__Edward_Variations_on_an_Original_Theme__Enigma___Op.36_Variation_IX._Adagio__Nimrod___PianoCoRe_150910,real,"pianocore:Elgar,_Edward/Variations_on_an_Original_Theme_'Enigma',_Op.36/Variation_IX._Adagio_""Nimrod""","pianocore:Elgar,_Edward/Variations_on_an_Original_Theme_'Enigma',_Op.36/Variation_IX._Adagio_""Nimrod""",Aria_906895_0,554,0.8381240544629349,1.6260872739911085,70.0,660
"pianocore:Elgar,_Edward/Variations_on_an_Original_Theme_'Enigma',_Op.36/Variation_IX._Adagio_""Nimrod""",PianoCoRe_150911,Aria_929128_0,Aria-MIDI,Aria-AMT,"Elgar,_Edward/Variations_on_an_Original_Theme_'Enigma',_Op.36/Variation_IX._Adagio_""Nimrod""/score_PDMX_refined.mid",pianocore_Elgar__Edward_Variations_on_an_Original_Theme__Enigma___Op.36_Variation_IX._Adagio__Nimrod___PianoCoRe_150911,real,"pianocore:Elgar,_Edward/Variations_on_an_Original_Theme_'Enigma',_Op.36/Variation_IX._Adagio_""Nimrod""","pianocore:Elgar,_Edward/Variations_on_an_Original_Theme_'Enigma',_Op.36/Variation_IX._Adagio_""Nimrod""",Aria_929128_0,569,0.8608169440242057,1.3412541899210326,70.0,660
"pianocore:Field,_John/Nocturne_No.1_in_E_flat_major,_H_24",PianoCoRe_152620,Aria_031745_0,Aria-MIDI,Aria-AMT,"Field,_John/Nocturne_No.1_in_E_flat_major,_H_24/score_PDMX_refined.mid",pianocore_Field__John_Nocturne_No.1_in_E_flat_major__H_24__PianoCoRe_152620,real,"pianocore:Field,_John/Nocturne_No.1_in_E_flat_major,_H_24","pianocore:Field,_John/Nocturne_No.1_in_E_flat_major,_H_24",Aria_031745_0,1134,0.9750644883920895,0.5274888559913834,35.0,1158
"pianocore:Field,_John/Nocturne_No.1_in_E_flat_major,_H_24",PianoCoRe_152621,Aria_036437_0,Aria-MIDI,Aria-AMT,"Field,_John/Nocturne_No.1_in_E_flat_major,_H_24/score_PDMX_refined.mid",pianocore_Field__John_Nocturne_No.1_in_E_flat_major__H_24__PianoCoRe_152621,real,"pianocore:Field,_John/Nocturne_No.1_in_E_flat_major,_H_24","pianocore:Field,_John/Nocturne_No.1_in_E_flat_major,_H_24",Aria_036437_0,1129,0.9707652622527945,0.5318186452622674,50.0,1158
"pianocore:Field,_John/Nocturne_No.1_in_E_flat_major,_H_24",PianoCoRe_152622,Aria_043770_0,Aria-MIDI,Aria-AMT,"Field,_John/Nocturne_No.1_in_E_flat_major,_H_24/score_PDMX_refined.mid",pianocore_Field__John_Nocturne_No.1_in_E_flat_major__H_24__PianoCoRe_152622,real,"pianocore:Field,_John/Nocturne_No.1_in_E_flat_major,_H_24","pianocore:Field,_John/Nocturne_No.1_in_E_flat_major,_H_24",Aria_043770_0,1140,0.9802235597592434,0.5472154060811253,40.0,1158
"pianocore:Field,_John/Nocturne_No.1_in_E_flat_major,_H_24",PianoCoRe_152623,Aria_048889_0,Aria-MIDI,Aria-AMT,"Field,_John/Nocturne_No.1_in_E_flat_major,_H_24/score_PDMX_refined.mid",pianocore_Field__John_Nocturne_No.1_in_E_flat_major__H_24__PianoCoRe_152623,real,"pianocore:Field,_John/Nocturne_No.1_in_E_flat_major,_H_24","pianocore:Field,_John/Nocturne_No.1_in_E_flat_major,_H_24",Aria_048889_0,1147,0.9862424763542562,0.6138999951349783,60.0,1158
"pianocore:Field,_John/Nocturne_No.1_in_E_flat_major,_H_24",PianoCoRe_152624,Aria_086848_0,Aria-MIDI,Aria-AMT,"Field,_John/Nocturne_No.1_in_E_flat_major,_H_24/score_PDMX_refined.mid",pianocore_Field__John_Nocturne_No.1_in_E_flat_major__H_24__PianoCoRe_152624,real,"pianocore:Field,_John/Nocturne_No.1_in_E_flat_major,_H_24","pianocore:Field,_John/Nocturne_No.1_in_E_flat_major,_H_24",Aria_086848_0,1147,0.9862424763542562,0.601620829183951,60.0,1158
"pianocore:Field,_John/Nocturne_No.1_in_E_flat_major,_H_24",PianoCoRe_152625,Aria_119478_0,Aria-MIDI,Aria-AMT,"Field,_John/Nocturne_No.1_in_E_flat_major,_H_24/score_PDMX_refined.mid",pianocore_Field__John_Nocturne_No.1_in_E_flat_major__H_24__PianoCoRe_152625,real,"pianocore:Field,_John/Nocturne_No.1_in_E_flat_major,_H_24","pianocore:Field,_John/Nocturne_No.1_in_E_flat_major,_H_24",Aria_119478_0,1142,0.9819432502149613,0.7532026563594663,40.0,1158
"pianocore:Field,_John/Nocturne_No.1_in_E_flat_major,_H_24",PianoCoRe_152628,Aria_167205_0,Aria-MIDI,Aria-AMT,"Field,_John/Nocturne_No.1_in_E_flat_major,_H_24/score_PDMX_refined.mid",pianocore_Field__John_Nocturne_No.1_in_E_flat_major__H_24__PianoCoRe_152628,real,"pianocore:Field,_John/Nocturne_No.1_in_E_flat_major,_H_24","pianocore:Field,_John/Nocturne_No.1_in_E_flat_major,_H_24",Aria_167205_0,1139,0.9793637145313844,0.6060101004109211,65.0,1158
"pianocore:Field,_John/Nocturne_No.1_in_E_flat_major,_H_24",PianoCoRe_152629,Aria_181848_0,Aria-MIDI,Aria-AMT,"Field,_John/Nocturne_No.1_in_E_flat_major,_H_24/score_PDMX_refined.mid",pianocore_Field__John_Nocturne_No.1_in_E_flat_major__H_24__PianoCoRe_152629,real,"pianocore:Field,_John/Nocturne_No.1_in_E_flat_major,_H_24","pianocore:Field,_John/Nocturne_No.1_in_E_flat_major,_H_24",Aria_181848_0,1143,0.9828030954428203,0.5280550027571835,40.0,1158
"pianocore:Field,_John/Nocturne_No.1_in_E_flat_major,_H_24",PianoCoRe_152630,Aria_202516_0,Aria-MIDI,Aria-AMT,"Field,_John/Nocturne_No.1_in_E_flat_major,_H_24/score_PDMX_refined.mid",pianocore_Field__John_Nocturne_No.1_in_E_flat_major__H_24__PianoCoRe_152630,real,"pianocore:Field,_John/Nocturne_No.1_in_E_flat_major,_H_24","pianocore:Field,_John/Nocturne_No.1_in_E_flat_major,_H_24",Aria_202516_0,1089,0.9363714531384351,0.6780535209603432,50.0,1158
"pianocore:Field,_John/Nocturne_No.1_in_E_flat_major,_H_24",PianoCoRe_152631,Aria_206344_0,Aria-MIDI,Aria-AMT,"Field,_John/Nocturne_No.1_in_E_flat_major,_H_24/score_PDMX_refined.mid",pianocore_Field__John_Nocturne_No.1_in_E_flat_major__H_24__PianoCoRe_152631,real,"pianocore:Field,_John/Nocturne_No.1_in_E_flat_major,_H_24","pianocore:Field,_John/Nocturne_No.1_in_E_flat_major,_H_24",Aria_206344_0,983,0.8452278589853827,0.5548626686576815,45.0,1158
"pianocore:Field,_John/Nocturne_No.1_in_E_flat_major,_H_24",PianoCoRe_152632,Aria_225939_0,Aria-MIDI,Aria-AMT,"Field,_John/Nocturne_No.1_in_E_flat_major,_H_24/score_PDMX_refined.mid",pianocore_Field__John_Nocturne_No.1_in_E_flat_major__H_24__PianoCoRe_152632,real,"pianocore:Field,_John/Nocturne_No.1_in_E_flat_major,_H_24","pianocore:Field,_John/Nocturne_No.1_in_E_flat_major,_H_24",Aria_225939_0,1139,0.9793637145313844,0.5198719412236734,50.0,1158
"pianocore:Field,_John/Nocturne_No.1_in_E_flat_major,_H_24",PianoCoRe_152633,Aria_251164_0,Aria-MIDI,Aria-AMT,"Field,_John/Nocturne_No.1_in_E_flat_major,_H_24/score_PDMX_refined.mid",pianocore_Field__John_Nocturne_No.1_in_E_flat_major__H_24__PianoCoRe_152633,real,"pianocore:Field,_John/Nocturne_No.1_in_E_flat_major,_H_24","pianocore:Field,_John/Nocturne_No.1_in_E_flat_major,_H_24",Aria_251164_0,1144,0.9836629406706793,0.5469538755024362,40.0,1158
"pianocore:Field,_John/Nocturne_No.1_in_E_flat_major,_H_24",PianoCoRe_152634,Aria_251271_0,Aria-MIDI,Aria-AMT,"Field,_John/Nocturne_No.1_in_E_flat_major,_H_24/score_PDMX_refined.mid",pianocore_Field__John_Nocturne_No.1_in_E_flat_major__H_24__PianoCoRe_152634,real,"pianocore:Field,_John/Nocturne_No.1_in_E_flat_major,_H_24","pianocore:Field,_John/Nocturne_No.1_in_E_flat_major,_H_24",Aria_251271_0,1145,0.9845227858985383,0.4608826329364708,65.0,1158
"pianocore:Field,_John/Nocturne_No.1_in_E_flat_major,_H_24",PianoCoRe_152636,Aria_256762_0,Aria-MIDI,Aria-AMT,"Field,_John/Nocturne_No.1_in_E_flat_major,_H_24/score_PDMX_refined.mid",pianocore_Field__John_Nocturne_No.1_in_E_flat_major__H_24__PianoCoRe_152636,real,"pianocore:Field,_John/Nocturne_No.1_in_E_flat_major,_H_24","pianocore:Field,_John/Nocturne_No.1_in_E_flat_major,_H_24",Aria_256762_0,1128,0.9699054170249355,0.5807787362931894,50.0,1158
"pianocore:Field,_John/Nocturne_No.1_in_E_flat_major,_H_24",PianoCoRe_152637,Aria_258522_0,Aria-MIDI,Aria-AMT,"Field,_John/Nocturne_No.1_in_E_flat_major,_H_24/score_PDMX_refined.mid",pianocore_Field__John_Nocturne_No.1_in_E_flat_major__H_24__PianoCoRe_152637,real,"pianocore:Field,_John/Nocturne_No.1_in_E_flat_major,_H_24","pianocore:Field,_John/Nocturne_No.1_in_E_flat_major,_H_24",Aria_258522_0,1125,0.9673258813413586,0.44949835664393295,45.0,1158
"pianocore:Field,_John/Nocturne_No.1_in_E_flat_major,_H_24",PianoCoRe_152640,Aria_292639_0,Aria-MIDI,Aria-AMT,"Field,_John/Nocturne_No.1_in_E_flat_major,_H_24/score_PDMX_refined.mid",pianocore_Field__John_Nocturne_No.1_in_E_flat_major__H_24__PianoCoRe_152640,real,"pianocore:Field,_John/Nocturne_No.1_in_E_flat_major,_H_24","pianocore:Field,_John/Nocturne_No.1_in_E_flat_major,_H_24",Aria_292639_0,1137,0.9776440240756664,0.5630450008771315,35.0,1158
"pianocore:Field,_John/Nocturne_No.1_in_E_flat_major,_H_24",PianoCoRe_152641,Aria_326093_0,Aria-MIDI,Aria-AMT,"Field,_John/Nocturne_No.1_in_E_flat_major,_H_24/score_PDMX_refined.mid",pianocore_Field__John_Nocturne_No.1_in_E_flat_major__H_24__PianoCoRe_152641,real,"pianocore:Field,_John/Nocturne_No.1_in_E_flat_major,_H_24","pianocore:Field,_John/Nocturne_No.1_in_E_flat_major,_H_24",Aria_326093_0,1117,0.9604471195184867,0.5610557602608474,50.0,1158
"pianocore:Field,_John/Nocturne_No.1_in_E_flat_major,_H_24",PianoCoRe_152642,Aria_331073_0,Aria-MIDI,Aria-AMT,"Field,_John/Nocturne_No.1_in_E_flat_major,_H_24/score_PDMX_refined.mid",pianocore_Field__John_Nocturne_No.1_in_E_flat_major__H_24__PianoCoRe_152642,real,"pianocore:Field,_John/Nocturne_No.1_in_E_flat_major,_H_24","pianocore:Field,_John/Nocturne_No.1_in_E_flat_major,_H_24",Aria_331073_0,1133,0.9742046431642304,1.0199968527475052,35.0,1158
"pianocore:Field,_John/Nocturne_No.1_in_E_flat_major,_H_24",PianoCoRe_152643,Aria_339520_0,Aria-MIDI,Aria-AMT,"Field,_John/Nocturne_No.1_in_E_flat_major,_H_24/score_PDMX_refined.mid",pianocore_Field__John_Nocturne_No.1_in_E_flat_major__H_24__PianoCoRe_152643,real,"pianocore:Field,_John/Nocturne_No.1_in_E_flat_major,_H_24","pianocore:Field,_John/Nocturne_No.1_in_E_flat_major,_H_24",Aria_339520_0,1129,0.9707652622527945,0.4132798034065446,40.0,1158
"pianocore:Field,_John/Nocturne_No.1_in_E_flat_major,_H_24",PianoCoRe_152648,Aria_483005_0,Aria-MIDI,Aria-AMT,"Field,_John/Nocturne_No.1_in_E_flat_major,_H_24/score_PDMX_refined.mid",pianocore_Field__John_Nocturne_No.1_in_E_flat_major__H_24__PianoCoRe_152648,real,"pianocore:Field,_John/Nocturne_No.1_in_E_flat_major,_H_24","pianocore:Field,_John/Nocturne_No.1_in_E_flat_major,_H_24",Aria_483005_0,1134,0.9750644883920895,0.5739421769276838,55.0,1158
"pianocore:Field,_John/Nocturne_No.1_in_E_flat_major,_H_24",PianoCoRe_152650,Aria_519426_0,Aria-MIDI,Aria-AMT,"Field,_John/Nocturne_No.1_in_E_flat_major,_H_24/score_PDMX_refined.mid",pianocore_Field__John_Nocturne_No.1_in_E_flat_major__H_24__PianoCoRe_152650,real,"pianocore:Field,_John/Nocturne_No.1_in_E_flat_major,_H_24","pianocore:Field,_John/Nocturne_No.1_in_E_flat_major,_H_24",Aria_519426_0,1140,0.9802235597592434,0.7325941899536729,45.0,1158
"pianocore:Field,_John/Nocturne_No.1_in_E_flat_major,_H_24",PianoCoRe_152651,Aria_520148_0,Aria-MIDI,Aria-AMT,"Field,_John/Nocturne_No.1_in_E_flat_major,_H_24/score_PDMX_refined.mid",pianocore_Field__John_Nocturne_No.1_in_E_flat_major__H_24__PianoCoRe_152651,real,"pianocore:Field,_John/Nocturne_No.1_in_E_flat_major,_H_24","pianocore:Field,_John/Nocturne_No.1_in_E_flat_major,_H_24",Aria_520148_0,1139,0.9793637145313844,0.5191816228704037,55.0,1158
"pianocore:Field,_John/Nocturne_No.1_in_E_flat_major,_H_24",PianoCoRe_152652,Aria_553880_0,Aria-MIDI,Aria-AMT,"Field,_John/Nocturne_No.1_in_E_flat_major,_H_24/score_PDMX_refined.mid",pianocore_Field__John_Nocturne_No.1_in_E_flat_major__H_24__PianoCoRe_152652,real,"pianocore:Field,_John/Nocturne_No.1_in_E_flat_major,_H_24","pianocore:Field,_John/Nocturne_No.1_in_E_flat_major,_H_24",Aria_553880_0,1148,0.9871023215821152,0.6778084730303641,75.0,1158
"pianocore:Field,_John/Nocturne_No.1_in_E_flat_major,_H_24",PianoCoRe_152653,Aria_603972_0,Aria-MIDI,Aria-AMT,"Field,_John/Nocturne_No.1_in_E_flat_major,_H_24/score_PDMX_refined.mid",pianocore_Field__John_Nocturne_No.1_in_E_flat_major__H_24__PianoCoRe_152653,real,"pianocore:Field,_John/Nocturne_No.1_in_E_flat_major,_H_24","pianocore:Field,_John/Nocturne_No.1_in_E_flat_major,_H_24",Aria_603972_0,1145,0.9845227858985383,0.6654867311564707,50.0,1158
"pianocore:Field,_John/Nocturne_No.1_in_E_flat_major,_H_24",PianoCoRe_152656,Aria_661364_0,Aria-MIDI,Aria-AMT,"Field,_John/Nocturne_No.1_in_E_flat_major,_H_24/score_PDMX_refined.mid",pianocore_Field__John_Nocturne_No.1_in_E_flat_major__H_24__PianoCoRe_152656,real,"pianocore:Field,_John/Nocturne_No.1_in_E_flat_major,_H_24","pianocore:Field,_John/Nocturne_No.1_in_E_flat_major,_H_24",Aria_661364_0,1137,0.9776440240756664,0.5756365264573674,35.0,1158
"pianocore:Field,_John/Nocturne_No.1_in_E_flat_major,_H_24",PianoCoRe_152657,Aria_662448_0,Aria-MIDI,Aria-AMT,"Field,_John/Nocturne_No.1_in_E_flat_major,_H_24/score_PDMX_refined.mid",pianocore_Field__John_Nocturne_No.1_in_E_flat_major__H_24__PianoCoRe_152657,real,"pianocore:Field,_John/Nocturne_No.1_in_E_flat_major,_H_24","pianocore:Field,_John/Nocturne_No.1_in_E_flat_major,_H_24",Aria_662448_0,1100,0.945829750644884,0.6280411098140606,45.0,1158
"pianocore:Field,_John/Nocturne_No.1_in_E_flat_major,_H_24",PianoCoRe_152658,Aria_673951_0,Aria-MIDI,Aria-AMT,"Field,_John/Nocturne_No.1_in_E_flat_major,_H_24/score_PDMX_refined.mid",pianocore_Field__John_Nocturne_No.1_in_E_flat_major__H_24__PianoCoRe_152658,real,"pianocore:Field,_John/Nocturne_No.1_in_E_flat_major,_H_24","pianocore:Field,_John/Nocturne_No.1_in_E_flat_major,_H_24",Aria_673951_0,1142,0.9819432502149613,0.46665817180296565,45.0,1158
"pianocore:Field,_John/Nocturne_No.1_in_E_flat_major,_H_24",PianoCoRe_152661,Aria_729060_0,Aria-MIDI,Aria-AMT,"Field,_John/Nocturne_No.1_in_E_flat_major,_H_24/score_PDMX_refined.mid",pianocore_Field__John_Nocturne_No.1_in_E_flat_major__H_24__PianoCoRe_152661,real,"pianocore:Field,_John/Nocturne_No.1_in_E_flat_major,_H_24","pianocore:Field,_John/Nocturne_No.1_in_E_flat_major,_H_24",Aria_729060_0,1123,0.9656061908856406,0.5011386715405106,60.0,1158
"pianocore:Field,_John/Nocturne_No.1_in_E_flat_major,_H_24",PianoCoRe_152663,Aria_751326_0,Aria-MIDI,Aria-AMT,"Field,_John/Nocturne_No.1_in_E_flat_major,_H_24/score_PDMX_refined.mid",pianocore_Field__John_Nocturne_No.1_in_E_flat_major__H_24__PianoCoRe_152663,real,"pianocore:Field,_John/Nocturne_No.1_in_E_flat_major,_H_24","pianocore:Field,_John/Nocturne_No.1_in_E_flat_major,_H_24",Aria_751326_0,1087,0.9346517626827171,0.43179928007388757,50.0,1158
"pianocore:Field,_John/Nocturne_No.1_in_E_flat_major,_H_24",PianoCoRe_152664,Aria_761088_0,Aria-MIDI,Aria-AMT,"Field,_John/Nocturne_No.1_in_E_flat_major,_H_24/score_PDMX_refined.mid",pianocore_Field__John_Nocturne_No.1_in_E_flat_major__H_24__PianoCoRe_152664,real,"pianocore:Field,_John/Nocturne_No.1_in_E_flat_major,_H_24","pianocore:Field,_John/Nocturne_No.1_in_E_flat_major,_H_24",Aria_761088_0,1130,0.9716251074806534,0.5405541596461894,30.0,1158
"pianocore:Field,_John/Nocturne_No.1_in_E_flat_major,_H_24",PianoCoRe_152665,Aria_777201_0,Aria-MIDI,Aria-AMT,"Field,_John/Nocturne_No.1_in_E_flat_major,_H_24/score_PDMX_refined.mid",pianocore_Field__John_Nocturne_No.1_in_E_flat_major__H_24__PianoCoRe_152665,real,"pianocore:Field,_John/Nocturne_No.1_in_E_flat_major,_H_24","pianocore:Field,_John/Nocturne_No.1_in_E_flat_major,_H_24",Aria_777201_0,1097,0.943250214961307,0.5714779567317387,55.0,1158
"pianocore:Field,_John/Nocturne_No.1_in_E_flat_major,_H_24",PianoCoRe_152666,Aria_823890_0,Aria-MIDI,Aria-AMT,"Field,_John/Nocturne_No.1_in_E_flat_major,_H_24/score_PDMX_refined.mid",pianocore_Field__John_Nocturne_No.1_in_E_flat_major__H_24__PianoCoRe_152666,real,"pianocore:Field,_John/Nocturne_No.1_in_E_flat_major,_H_24","pianocore:Field,_John/Nocturne_No.1_in_E_flat_major,_H_24",Aria_823890_0,1144,0.9836629406706793,0.5358682731518215,50.0,1158
"pianocore:Field,_John/Nocturne_No.1_in_E_flat_major,_H_24",PianoCoRe_152667,Aria_826480_0,Aria-MIDI,Aria-AMT,"Field,_John/Nocturne_No.1_in_E_flat_major,_H_24/score_PDMX_refined.mid",pianocore_Field__John_Nocturne_No.1_in_E_flat_major__H_24__PianoCoRe_152667,real,"pianocore:Field,_John/Nocturne_No.1_in_E_flat_major,_H_24","pianocore:Field,_John/Nocturne_No.1_in_E_flat_major,_H_24",Aria_826480_0,1104,0.9492691315563199,0.5070439554807878,50.0,1158
"pianocore:Field,_John/Nocturne_No.1_in_E_flat_major,_H_24",PianoCoRe_152668,Aria_873030_0,Aria-MIDI,Aria-AMT,"Field,_John/Nocturne_No.1_in_E_flat_major,_H_24/score_PDMX_refined.mid",pianocore_Field__John_Nocturne_No.1_in_E_flat_major__H_24__PianoCoRe_152668,real,"pianocore:Field,_John/Nocturne_No.1_in_E_flat_major,_H_24","pianocore:Field,_John/Nocturne_No.1_in_E_flat_major,_H_24",Aria_873030_0,1143,0.9828030954428203,0.48954847794904305,45.0,1158
"pianocore:Glinka,_Mikhail/Nocturne_in_E_flat_major",PianoCoRe_154147,Aria_022256_0,Aria-MIDI,Aria-AMT,"Glinka,_Mikhail/Nocturne_in_E_flat_major/score_MS_refined.mid",pianocore_Glinka__Mikhail_Nocturne_in_E_flat_major__PianoCoRe_154147,real,"pianocore:Glinka,_Mikhail/Nocturne_in_E_flat_major","pianocore:Glinka,_Mikhail/Nocturne_in_E_flat_major",Aria_022256_0,1442,0.9664879356568364,0.6895486047881713,70.0,1491
"pianocore:Glinka,_Mikhail/Nocturne_in_E_flat_major",PianoCoRe_154148,Aria_065003_0,Aria-MIDI,Aria-AMT,"Glinka,_Mikhail/Nocturne_in_E_flat_major/score_MS_refined.mid",pianocore_Glinka__Mikhail_Nocturne_in_E_flat_major__PianoCoRe_154148,real,"pianocore:Glinka,_Mikhail/Nocturne_in_E_flat_major","pianocore:Glinka,_Mikhail/Nocturne_in_E_flat_major",Aria_065003_0,1432,0.9597855227882037,0.7271588920665232,60.0,1491
"pianocore:Glinka,_Mikhail/Nocturne_in_E_flat_major",PianoCoRe_154149,Aria_109928_0,Aria-MIDI,Aria-AMT,"Glinka,_Mikhail/Nocturne_in_E_flat_major/score_MS_refined.mid",pianocore_Glinka__Mikhail_Nocturne_in_E_flat_major__PianoCoRe_154149,real,"pianocore:Glinka,_Mikhail/Nocturne_in_E_flat_major","pianocore:Glinka,_Mikhail/Nocturne_in_E_flat_major",Aria_109928_0,1274,0.853887399463807,0.7081217542052037,50.0,1491
"pianocore:Glinka,_Mikhail/Nocturne_in_E_flat_major",PianoCoRe_154150,Aria_130274_0,Aria-MIDI,Aria-AMT,"Glinka,_Mikhail/Nocturne_in_E_flat_major/score_MS_refined.mid",pianocore_Glinka__Mikhail_Nocturne_in_E_flat_major__PianoCoRe_154150,real,"pianocore:Glinka,_Mikhail/Nocturne_in_E_flat_major","pianocore:Glinka,_Mikhail/Nocturne_in_E_flat_major",Aria_130274_0,1428,0.9571045576407506,0.7271602905870893,55.0,1491
"pianocore:Glinka,_Mikhail/Nocturne_in_E_flat_major",PianoCoRe_154151,Aria_130842_0,Aria-MIDI,Aria-AMT,"Glinka,_Mikhail/Nocturne_in_E_flat_major/score_MS_refined.mid",pianocore_Glinka__Mikhail_Nocturne_in_E_flat_major__PianoCoRe_154151,real,"pianocore:Glinka,_Mikhail/Nocturne_in_E_flat_major","pianocore:Glinka,_Mikhail/Nocturne_in_E_flat_major",Aria_130842_0,1444,0.967828418230563,0.671979806903651,60.0,1491
"pianocore:Glinka,_Mikhail/Nocturne_in_E_flat_major",PianoCoRe_154153,Aria_156176_0,Aria-MIDI,Aria-AMT,"Glinka,_Mikhail/Nocturne_in_E_flat_major/score_MS_refined.mid",pianocore_Glinka__Mikhail_Nocturne_in_E_flat_major__PianoCoRe_154153,real,"pianocore:Glinka,_Mikhail/Nocturne_in_E_flat_major","pianocore:Glinka,_Mikhail/Nocturne_in_E_flat_major",Aria_156176_0,1437,0.9631367292225201,0.7905579491971167,50.0,1491
"pianocore:Glinka,_Mikhail/Nocturne_in_E_flat_major",PianoCoRe_154154,Aria_160231_2,Aria-MIDI,Aria-AMT,"Glinka,_Mikhail/Nocturne_in_E_flat_major/score_MS_refined.mid",pianocore_Glinka__Mikhail_Nocturne_in_E_flat_major__PianoCoRe_154154,real,"pianocore:Glinka,_Mikhail/Nocturne_in_E_flat_major","pianocore:Glinka,_Mikhail/Nocturne_in_E_flat_major",Aria_160231_2,1377,0.9229222520107239,0.6628584119878176,60.0,1491
"pianocore:Glinka,_Mikhail/Nocturne_in_E_flat_major",PianoCoRe_154155,Aria_169736_0,Aria-MIDI,Aria-AMT,"Glinka,_Mikhail/Nocturne_in_E_flat_major/score_MS_refined.mid",pianocore_Glinka__Mikhail_Nocturne_in_E_flat_major__PianoCoRe_154155,real,"pianocore:Glinka,_Mikhail/Nocturne_in_E_flat_major","pianocore:Glinka,_Mikhail/Nocturne_in_E_flat_major",Aria_169736_0,1452,0.9731903485254692,0.7460575525829833,55.0,1491
"pianocore:Glinka,_Mikhail/Nocturne_in_E_flat_major",PianoCoRe_154156,Aria_197496_0,Aria-MIDI,Aria-AMT,"Glinka,_Mikhail/Nocturne_in_E_flat_major/score_MS_refined.mid",pianocore_Glinka__Mikhail_Nocturne_in_E_flat_major__PianoCoRe_154156,real,"pianocore:Glinka,_Mikhail/Nocturne_in_E_flat_major","pianocore:Glinka,_Mikhail/Nocturne_in_E_flat_major",Aria_197496_0,1454,0.9745308310991957,0.8346069797408746,60.0,1491
"pianocore:Glinka,_Mikhail/Nocturne_in_E_flat_major",PianoCoRe_154158,Aria_215053_0,Aria-MIDI,Aria-AMT,"Glinka,_Mikhail/Nocturne_in_E_flat_major/score_MS_refined.mid",pianocore_Glinka__Mikhail_Nocturne_in_E_flat_major__PianoCoRe_154158,real,"pianocore:Glinka,_Mikhail/Nocturne_in_E_flat_major","pianocore:Glinka,_Mikhail/Nocturne_in_E_flat_major",Aria_215053_0,1408,0.9436997319034852,0.731017237341639,65.0,1491
"pianocore:Glinka,_Mikhail/Nocturne_in_E_flat_major",PianoCoRe_154159,Aria_221655_0,Aria-MIDI,Aria-AMT,"Glinka,_Mikhail/Nocturne_in_E_flat_major/score_MS_refined.mid",pianocore_Glinka__Mikhail_Nocturne_in_E_flat_major__PianoCoRe_154159,real,"pianocore:Glinka,_Mikhail/Nocturne_in_E_flat_major","pianocore:Glinka,_Mikhail/Nocturne_in_E_flat_major",Aria_221655_0,1425,0.9550938337801609,0.8402967386471029,55.0,1491
"pianocore:Glinka,_Mikhail/Nocturne_in_E_flat_major",PianoCoRe_154160,Aria_280749_0,Aria-MIDI,Aria-AMT,"Glinka,_Mikhail/Nocturne_in_E_flat_major/score_MS_refined.mid",pianocore_Glinka__Mikhail_Nocturne_in_E_flat_major__PianoCoRe_154160,real,"pianocore:Glinka,_Mikhail/Nocturne_in_E_flat_major","pianocore:Glinka,_Mikhail/Nocturne_in_E_flat_major",Aria_280749_0,1194,0.8002680965147453,0.5974079506107993,70.0,1491
"pianocore:Glinka,_Mikhail/Nocturne_in_E_flat_major",PianoCoRe_154161,Aria_286536_0,Aria-MIDI,Aria-AMT,"Glinka,_Mikhail/Nocturne_in_E_flat_major/score_MS_refined.mid",pianocore_Glinka__Mikhail_Nocturne_in_E_flat_major__PianoCoRe_154161,real,"pianocore:Glinka,_Mikhail/Nocturne_in_E_flat_major","pianocore:Glinka,_Mikhail/Nocturne_in_E_flat_major",Aria_286536_0,1436,0.9624664879356568,0.7695136407001767,55.0,1491
"pianocore:Glinka,_Mikhail/Nocturne_in_E_flat_major",PianoCoRe_154162,Aria_318918_0,Aria-MIDI,Aria-AMT,"Glinka,_Mikhail/Nocturne_in_E_flat_major/score_MS_refined.mid",pianocore_Glinka__Mikhail_Nocturne_in_E_flat_major__PianoCoRe_154162,real,"pianocore:Glinka,_Mikhail/Nocturne_in_E_flat_major","pianocore:Glinka,_Mikhail/Nocturne_in_E_flat_major",Aria_318918_0,1426,0.9557640750670241,0.9397317236074786,60.0,1491
"pianocore:Glinka,_Mikhail/Nocturne_in_E_flat_major",PianoCoRe_154163,Aria_320917_0,Aria-MIDI,Aria-AMT,"Glinka,_Mikhail/Nocturne_in_E_flat_major/score_MS_refined.mid",pianocore_Glinka__Mikhail_Nocturne_in_E_flat_major__PianoCoRe_154163,real,"pianocore:Glinka,_Mikhail/Nocturne_in_E_flat_major","pianocore:Glinka,_Mikhail/Nocturne_in_E_flat_major",Aria_320917_0,1423,0.9537533512064343,0.747006929207823,65.0,1491
"pianocore:Glinka,_Mikhail/Nocturne_in_E_flat_major",PianoCoRe_154164,Aria_336230_0,Aria-MIDI,Aria-AMT,"Glinka,_Mikhail/Nocturne_in_E_flat_major/score_MS_refined.mid",pianocore_Glinka__Mikhail_Nocturne_in_E_flat_major__PianoCoRe_154164,real,"pianocore:Glinka,_Mikhail/Nocturne_in_E_flat_major","pianocore:Glinka,_Mikhail/Nocturne_in_E_flat_major",Aria_336230_0,1394,0.9343163538873994,0.8395825143094611,75.0,1491
"pianocore:Glinka,_Mikhail/Nocturne_in_E_flat_major",PianoCoRe_154165,Aria_375613_0,Aria-MIDI,Aria-AMT,"Glinka,_Mikhail/Nocturne_in_E_flat_major/score_MS_refined.mid",pianocore_Glinka__Mikhail_Nocturne_in_E_flat_major__PianoCoRe_154165,real,"pianocore:Glinka,_Mikhail/Nocturne_in_E_flat_major","pianocore:Glinka,_Mikhail/Nocturne_in_E_flat_major",Aria_375613_0,1416,0.9490616621983914,0.8570044895227114,50.0,1491
"pianocore:Glinka,_Mikhail/Nocturne_in_E_flat_major",PianoCoRe_154167,Aria_404584_0,Aria-MIDI,Aria-AMT,"Glinka,_Mikhail/Nocturne_in_E_flat_major/score_MS_refined.mid",pianocore_Glinka__Mikhail_Nocturne_in_E_flat_major__PianoCoRe_154167,real,"pianocore:Glinka,_Mikhail/Nocturne_in_E_flat_major","pianocore:Glinka,_Mikhail/Nocturne_in_E_flat_major",Aria_404584_0,1209,0.8103217158176944,0.7022135843285605,60.0,1491
"pianocore:Glinka,_Mikhail/Nocturne_in_E_flat_major",PianoCoRe_154168,Aria_421959_0,Aria-MIDI,Aria-AMT,"Glinka,_Mikhail/Nocturne_in_E_flat_major/score_MS_refined.mid",pianocore_Glinka__Mikhail_Nocturne_in_E_flat_major__PianoCoRe_154168,real,"pianocore:Glinka,_Mikhail/Nocturne_in_E_flat_major","pianocore:Glinka,_Mikhail/Nocturne_in_E_flat_major",Aria_421959_0,1447,0.9698391420911529,0.7406337899671822,65.0,1491
"pianocore:Glinka,_Mikhail/Nocturne_in_E_flat_major",PianoCoRe_154169,Aria_451584_0,Aria-MIDI,Aria-AMT,"Glinka,_Mikhail/Nocturne_in_E_flat_major/score_MS_refined.mid",pianocore_Glinka__Mikhail_Nocturne_in_E_flat_major__PianoCoRe_154169,real,"pianocore:Glinka,_Mikhail/Nocturne_in_E_flat_major","pianocore:Glinka,_Mikhail/Nocturne_in_E_flat_major",Aria_451584_0,1324,0.8873994638069705,0.8696501835455,55.0,1491
"pianocore:Glinka,_Mikhail/Nocturne_in_E_flat_major",PianoCoRe_154171,Aria_481701_0,Aria-MIDI,Aria-AMT,"Glinka,_Mikhail/Nocturne_in_E_flat_major/score_MS_refined.mid",pianocore_Glinka__Mikhail_Nocturne_in_E_flat_major__PianoCoRe_154171,real,"pianocore:Glinka,_Mikhail/Nocturne_in_E_flat_major","pianocore:Glinka,_Mikhail/Nocturne_in_E_flat_major",Aria_481701_0,1411,0.9457104557640751,0.8185393094888864,75.0,1491
"pianocore:Glinka,_Mikhail/Nocturne_in_E_flat_major",PianoCoRe_154172,Aria_497530_0,Aria-MIDI,Aria-AMT,"Glinka,_Mikhail/Nocturne_in_E_flat_major/score_MS_refined.mid",pianocore_Glinka__Mikhail_Nocturne_in_E_flat_major__PianoCoRe_154172,real,"pianocore:Glinka,_Mikhail/Nocturne_in_E_flat_major","pianocore:Glinka,_Mikhail/Nocturne_in_E_flat_major",Aria_497530_0,1448,0.9705093833780161,0.9209685819996863,45.0,1491
"pianocore:Glinka,_Mikhail/Nocturne_in_E_flat_major",PianoCoRe_154173,Aria_512835_0,Aria-MIDI,Aria-AMT,"Glinka,_Mikhail/Nocturne_in_E_flat_major/score_MS_refined.mid",pianocore_Glinka__Mikhail_Nocturne_in_E_flat_major__PianoCoRe_154173,real,"pianocore:Glinka,_Mikhail/Nocturne_in_E_flat_major","pianocore:Glinka,_Mikhail/Nocturne_in_E_flat_major",Aria_512835_0,1445,0.9684986595174263,0.7951123517608735,55.0,1491
"pianocore:Glinka,_Mikhail/Nocturne_in_E_flat_major",PianoCoRe_154175,Aria_560050_0,Aria-MIDI,Aria-AMT,"Glinka,_Mikhail/Nocturne_in_E_flat_major/score_MS_refined.mid",pianocore_Glinka__Mikhail_Nocturne_in_E_flat_major__PianoCoRe_154175,real,"pianocore:Glinka,_Mikhail/Nocturne_in_E_flat_major","pianocore:Glinka,_Mikhail/Nocturne_in_E_flat_major",Aria_560050_0,1374,0.920911528150134,0.6632721475630344,55.0,1491
"pianocore:Glinka,_Mikhail/Nocturne_in_E_flat_major",PianoCoRe_154176,Aria_567571_0,Aria-MIDI,Aria-AMT,"Glinka,_Mikhail/Nocturne_in_E_flat_major/score_MS_refined.mid",pianocore_Glinka__Mikhail_Nocturne_in_E_flat_major__PianoCoRe_154176,real,"pianocore:Glinka,_Mikhail/Nocturne_in_E_flat_major","pianocore:Glinka,_Mikhail/Nocturne_in_E_flat_major",Aria_567571_0,1413,0.9470509383378016,0.7940032270720996,45.0,1491
"pianocore:Glinka,_Mikhail/Nocturne_in_E_flat_major",PianoCoRe_154177,Aria_591465_0,Aria-MIDI,Aria-AMT,"Glinka,_Mikhail/Nocturne_in_E_flat_major/score_MS_refined.mid",pianocore_Glinka__Mikhail_Nocturne_in_E_flat_major__PianoCoRe_154177,real,"pianocore:Glinka,_Mikhail/Nocturne_in_E_flat_major","pianocore:Glinka,_Mikhail/Nocturne_in_E_flat_major",Aria_591465_0,1434,0.9611260053619303,0.9155773813110462,70.0,1491
"pianocore:Glinka,_Mikhail/Nocturne_in_E_flat_major",PianoCoRe_154178,Aria_622218_0,Aria-MIDI,Aria-AMT,"Glinka,_Mikhail/Nocturne_in_E_flat_major/score_MS_refined.mid",pianocore_Glinka__Mikhail_Nocturne_in_E_flat_major__PianoCoRe_154178,real,"pianocore:Glinka,_Mikhail/Nocturne_in_E_flat_major","pianocore:Glinka,_Mikhail/Nocturne_in_E_flat_major",Aria_622218_0,1398,0.9369973190348525,0.7863716252049072,50.0,1491
"pianocore:Glinka,_Mikhail/Nocturne_in_E_flat_major",PianoCoRe_154179,Aria_624749_0,Aria-MIDI,Aria-AMT,"Glinka,_Mikhail/Nocturne_in_E_flat_major/score_MS_refined.mid",pianocore_Glinka__Mikhail_Nocturne_in_E_flat_major__PianoCoRe_154179,real,"pianocore:Glinka,_Mikhail/Nocturne_in_E_flat_major","pianocore:Glinka,_Mikhail/Nocturne_in_E_flat_major",Aria_624749_0,1394,0.9343163538873994,0.816762798445587,55.0,1491
"pianocore:Glinka,_Mikhail/Nocturne_in_E_flat_major",PianoCoRe_154180,Aria_625614_0,Aria-MIDI,Aria-AMT,"Glinka,_Mikhail/Nocturne_in_E_flat_major/score_MS_refined.mid",pianocore_Glinka__Mikhail_Nocturne_in_E_flat_major__PianoCoRe_154180,real,"pianocore:Glinka,_Mikhail/Nocturne_in_E_flat_major","pianocore:Glinka,_Mikhail/Nocturne_in_E_flat_major",Aria_625614_0,1377,0.9229222520107239,0.7567594584373049,50.0,1491
"pianocore:Glinka,_Mikhail/Nocturne_in_E_flat_major",PianoCoRe_154181,Aria_661702_0,Aria-MIDI,Aria-AMT,"Glinka,_Mikhail/Nocturne_in_E_flat_major/score_MS_refined.mid",pianocore_Glinka__Mikhail_Nocturne_in_E_flat_major__PianoCoRe_154181,real,"pianocore:Glinka,_Mikhail/Nocturne_in_E_flat_major","pianocore:Glinka,_Mikhail/Nocturne_in_E_flat_major",Aria_661702_0,1421,0.9524128686327078,0.8172134979283677,65.0,1491
"pianocore:Glinka,_Mikhail/Nocturne_in_E_flat_major",PianoCoRe_154182,Aria_671882_0,Aria-MIDI,Aria-AMT,"Glinka,_Mikhail/Nocturne_in_E_flat_major/score_MS_refined.mid",pianocore_Glinka__Mikhail_Nocturne_in_E_flat_major__PianoCoRe_154182,real,"pianocore:Glinka,_Mikhail/Nocturne_in_E_flat_major","pianocore:Glinka,_Mikhail/Nocturne_in_E_flat_major",Aria_671882_0,1430,0.9584450402144772,0.7739643907621179,55.0,1491
"pianocore:Glinka,_Mikhail/Nocturne_in_E_flat_major",PianoCoRe_154183,Aria_691539_0,Aria-MIDI,Aria-AMT,"Glinka,_Mikhail/Nocturne_in_E_flat_major/score_MS_refined.mid",pianocore_Glinka__Mikhail_Nocturne_in_E_flat_major__PianoCoRe_154183,real,"pianocore:Glinka,_Mikhail/Nocturne_in_E_flat_major","pianocore:Glinka,_Mikhail/Nocturne_in_E_flat_major",Aria_691539_0,1439,0.9644772117962467,0.7652221679484329,60.0,1491
"pianocore:Glinka,_Mikhail/Nocturne_in_E_flat_major",PianoCoRe_154184,Aria_706946_0,Aria-MIDI,Aria-AMT,"Glinka,_Mikhail/Nocturne_in_E_flat_major/score_MS_refined.mid",pianocore_Glinka__Mikhail_Nocturne_in_E_flat_major__PianoCoRe_154184,real,"pianocore:Glinka,_Mikhail/Nocturne_in_E_flat_major","pianocore:Glinka,_Mikhail/Nocturne_in_E_flat_major",Aria_706946_0,1440,0.9651474530831099,0.7234527655839774,60.0,1491
"pianocore:Glinka,_Mikhail/Nocturne_in_E_flat_major",PianoCoRe_154185,Aria_742366_0,Aria-MIDI,Aria-AMT,"Glinka,_Mikhail/Nocturne_in_E_flat_major/score_MS_refined.mid",pianocore_Glinka__Mikhail_Nocturne_in_E_flat_major__PianoCoRe_154185,real,"pianocore:Glinka,_Mikhail/Nocturne_in_E_flat_major","pianocore:Glinka,_Mikhail/Nocturne_in_E_flat_major",Aria_742366_0,1404,0.9410187667560321,0.7888728541942007,60.0,1491
"pianocore:Glinka,_Mikhail/Nocturne_in_E_flat_major",PianoCoRe_154186,Aria_766823_0,Aria-MIDI,Aria-AMT,"Glinka,_Mikhail/Nocturne_in_E_flat_major/score_MS_refined.mid",pianocore_Glinka__Mikhail_Nocturne_in_E_flat_major__PianoCoRe_154186,real,"pianocore:Glinka,_Mikhail/Nocturne_in_E_flat_major","pianocore:Glinka,_Mikhail/Nocturne_in_E_flat_major",Aria_766823_0,1432,0.9597855227882037,0.7394282597539756,55.0,1491
"pianocore:Glinka,_Mikhail/Nocturne_in_E_flat_major",PianoCoRe_154187,Aria_779351_3,Aria-MIDI,Aria-AMT,"Glinka,_Mikhail/Nocturne_in_E_flat_major/score_MS_refined.mid",pianocore_Glinka__Mikhail_Nocturne_in_E_flat_major__PianoCoRe_154187,real,"pianocore:Glinka,_Mikhail/Nocturne_in_E_flat_major","pianocore:Glinka,_Mikhail/Nocturne_in_E_flat_major",Aria_779351_3,1432,0.9597855227882037,0.8310433713481016,50.0,1491
"pianocore:Glinka,_Mikhail/Nocturne_in_E_flat_major",PianoCoRe_154189,Aria_839159_0,Aria-MIDI,Aria-AMT,"Glinka,_Mikhail/Nocturne_in_E_flat_major/score_MS_refined.mid",pianocore_Glinka__Mikhail_Nocturne_in_E_flat_major__PianoCoRe_154189,real,"pianocore:Glinka,_Mikhail/Nocturne_in_E_flat_major","pianocore:Glinka,_Mikhail/Nocturne_in_E_flat_major",Aria_839159_0,1460,0.9785522788203753,0.865094949510156,60.0,1491
"pianocore:Glinka,_Mikhail/Nocturne_in_E_flat_major",PianoCoRe_154190,Aria_855627_0,Aria-MIDI,Aria-AMT,"Glinka,_Mikhail/Nocturne_in_E_flat_major/score_MS_refined.mid",pianocore_Glinka__Mikhail_Nocturne_in_E_flat_major__PianoCoRe_154190,real,"pianocore:Glinka,_Mikhail/Nocturne_in_E_flat_major","pianocore:Glinka,_Mikhail/Nocturne_in_E_flat_major",Aria_855627_0,1447,0.9698391420911529,0.8336599267216618,55.0,1491
"pianocore:Glinka,_Mikhail/Nocturne_in_E_flat_major",PianoCoRe_154191,Aria_867170_0,Aria-MIDI,Aria-AMT,"Glinka,_Mikhail/Nocturne_in_E_flat_major/score_MS_refined.mid",pianocore_Glinka__Mikhail_Nocturne_in_E_flat_major__PianoCoRe_154191,real,"pianocore:Glinka,_Mikhail/Nocturne_in_E_flat_major","pianocore:Glinka,_Mikhail/Nocturne_in_E_flat_major",Aria_867170_0,1442,0.9664879356568364,0.6416576211369063,60.0,1491
"pianocore:Glinka,_Mikhail/Nocturne_in_E_flat_major",PianoCoRe_154192,Aria_899000_0,Aria-MIDI,Aria-AMT,"Glinka,_Mikhail/Nocturne_in_E_flat_major/score_MS_refined.mid",pianocore_Glinka__Mikhail_Nocturne_in_E_flat_major__PianoCoRe_154192,real,"pianocore:Glinka,_Mikhail/Nocturne_in_E_flat_major","pianocore:Glinka,_Mikhail/Nocturne_in_E_flat_major",Aria_899000_0,1359,0.910857908847185,0.8120337672721711,60.0,1491
"pianocore:Glinka,_Mikhail/Nocturne_in_E_flat_major",PianoCoRe_154193,Aria_910470_0,Aria-MIDI,Aria-AMT,"Glinka,_Mikhail/Nocturne_in_E_flat_major/score_MS_refined.mid",pianocore_Glinka__Mikhail_Nocturne_in_E_flat_major__PianoCoRe_154193,real,"pianocore:Glinka,_Mikhail/Nocturne_in_E_flat_major","pianocore:Glinka,_Mikhail/Nocturne_in_E_flat_major",Aria_910470_0,1428,0.9571045576407506,0.8662006496513243,55.0,1491
"pianocore:Glinka,_Mikhail/Nocturne_in_E_flat_major",PianoCoRe_154194,GiantMIDI_ur6OzHIttyY,GiantMIDI-Piano,ByteDance,"Glinka,_Mikhail/Nocturne_in_E_flat_major/score_MS_refined.mid",pianocore_Glinka__Mikhail_Nocturne_in_E_flat_major__PianoCoRe_154194,real,"pianocore:Glinka,_Mikhail/Nocturne_in_E_flat_major","pianocore:Glinka,_Mikhail/Nocturne_in_E_flat_major",GiantMIDI_ur6OzHIttyY,1443,0.9671581769436998,0.7655482271605113,64.0,1491
"pianocore:Gossec,_François_Joseph/Gavotte_in_D_major_pour_Mlle_Laure",PianoCoRe_154479,Aria_008245_0,Aria-MIDI,Aria-AMT,"Gossec,_François_Joseph/Gavotte_in_D_major_pour_Mlle_Laure/score_PDMX_refined.mid",pianocore_Gossec__François_Joseph_Gavotte_in_D_major_pour_Mlle_Laure__PianoCoRe_154479,real,"pianocore:Gossec,_François_Joseph/Gavotte_in_D_major_pour_Mlle_Laure","pianocore:Gossec,_François_Joseph/Gavotte_in_D_major_pour_Mlle_Laure",Aria_008245_0,1011,0.9739884393063584,0.46542003163932427,60.0,1038
"pianocore:Gossec,_François_Joseph/Gavotte_in_D_major_pour_Mlle_Laure",PianoCoRe_154481,Aria_015681_0,Aria-MIDI,Aria-AMT,"Gossec,_François_Joseph/Gavotte_in_D_major_pour_Mlle_Laure/score_PDMX_refined.mid",pianocore_Gossec__François_Joseph_Gavotte_in_D_major_pour_Mlle_Laure__PianoCoRe_154481,real,"pianocore:Gossec,_François_Joseph/Gavotte_in_D_major_pour_Mlle_Laure","pianocore:Gossec,_François_Joseph/Gavotte_in_D_major_pour_Mlle_Laure",Aria_015681_0,1029,0.9913294797687862,0.4295271575710196,75.0,1038
"pianocore:Gossec,_François_Joseph/Gavotte_in_D_major_pour_Mlle_Laure",PianoCoRe_154483,Aria_054528_0,Aria-MIDI,Aria-AMT,"Gossec,_François_Joseph/Gavotte_in_D_major_pour_Mlle_Laure/score_PDMX_refined.mid",pianocore_Gossec__François_Joseph_Gavotte_in_D_major_pour_Mlle_Laure__PianoCoRe_154483,real,"pianocore:Gossec,_François_Joseph/Gavotte_in_D_major_pour_Mlle_Laure","pianocore:Gossec,_François_Joseph/Gavotte_in_D_major_pour_Mlle_Laure",Aria_054528_0,1027,0.9894026974951831,0.48835065776453335,75.0,1038
"pianocore:Gossec,_François_Joseph/Gavotte_in_D_major_pour_Mlle_Laure",PianoCoRe_154484,Aria_078175_0,Aria-MIDI,Aria-AMT,"Gossec,_François_Joseph/Gavotte_in_D_major_pour_Mlle_Laure/score_PDMX_refined.mid",pianocore_Gossec__François_Joseph_Gavotte_in_D_major_pour_Mlle_Laure__PianoCoRe_154484,real,"pianocore:Gossec,_François_Joseph/Gavotte_in_D_major_pour_Mlle_Laure","pianocore:Gossec,_François_Joseph/Gavotte_in_D_major_pour_Mlle_Laure",Aria_078175_0,953,0.918111753371869,0.46445057234071174,80.0,1038
"pianocore:Gossec,_François_Joseph/Gavotte_in_D_major_pour_Mlle_Laure",PianoCoRe_154486,Aria_130160_0,Aria-MIDI,Aria-AMT,"Gossec,_François_Joseph/Gavotte_in_D_major_pour_Mlle_Laure/score_PDMX_refined.mid",pianocore_Gossec__François_Joseph_Gavotte_in_D_major_pour_Mlle_Laure__PianoCoRe_154486,real,"pianocore:Gossec,_François_Joseph/Gavotte_in_D_major_pour_Mlle_Laure","pianocore:Gossec,_François_Joseph/Gavotte_in_D_major_pour_Mlle_Laure",Aria_130160_0,1005,0.9682080924855492,0.44879070900514223,40.0,1038
"pianocore:Gossec,_François_Joseph/Gavotte_in_D_major_pour_Mlle_Laure",PianoCoRe_154491,Aria_352495_0,Aria-MIDI,Aria-AMT,"Gossec,_François_Joseph/Gavotte_in_D_major_pour_Mlle_Laure/score_PDMX_refined.mid",pianocore_Gossec__François_Joseph_Gavotte_in_D_major_pour_Mlle_Laure__PianoCoRe_154491,real,"pianocore:Gossec,_François_Joseph/Gavotte_in_D_major_pour_Mlle_Laure","pianocore:Gossec,_François_Joseph/Gavotte_in_D_major_pour_Mlle_Laure",Aria_352495_0,995,0.9585741811175337,0.46211683426930084,75.0,1038
"pianocore:Gossec,_François_Joseph/Gavotte_in_D_major_pour_Mlle_Laure",PianoCoRe_154492,Aria_353121_0,Aria-MIDI,Aria-AMT,"Gossec,_François_Joseph/Gavotte_in_D_major_pour_Mlle_Laure/score_PDMX_refined.mid",pianocore_Gossec__François_Joseph_Gavotte_in_D_major_pour_Mlle_Laure__PianoCoRe_154492,real,"pianocore:Gossec,_François_Joseph/Gavotte_in_D_major_pour_Mlle_Laure","pianocore:Gossec,_François_Joseph/Gavotte_in_D_major_pour_Mlle_Laure",Aria_353121_0,995,0.9585741811175337,0.4532553776878993,65.0,1038
"pianocore:Gossec,_François_Joseph/Gavotte_in_D_major_pour_Mlle_Laure",PianoCoRe_154493,Aria_364094_0,Aria-MIDI,Aria-AMT,"Gossec,_François_Joseph/Gavotte_in_D_major_pour_Mlle_Laure/score_PDMX_refined.mid",pianocore_Gossec__François_Joseph_Gavotte_in_D_major_pour_Mlle_Laure__PianoCoRe_154493,real,"pianocore:Gossec,_François_Joseph/Gavotte_in_D_major_pour_Mlle_Laure","pianocore:Gossec,_François_Joseph/Gavotte_in_D_major_pour_Mlle_Laure",Aria_364094_0,1028,0.9903660886319846,0.5220564982846992,70.0,1038
"pianocore:Gossec,_François_Joseph/Gavotte_in_D_major_pour_Mlle_Laure",PianoCoRe_154494,Aria_365951_0,Aria-MIDI,Aria-AMT,"Gossec,_François_Joseph/Gavotte_in_D_major_pour_Mlle_Laure/score_PDMX_refined.mid",pianocore_Gossec__François_Joseph_Gavotte_in_D_major_pour_Mlle_Laure__PianoCoRe_154494,real,"pianocore:Gossec,_François_Joseph/Gavotte_in_D_major_pour_Mlle_Laure","pianocore:Gossec,_François_Joseph/Gavotte_in_D_major_pour_Mlle_Laure",Aria_365951_0,961,0.9258188824662813,0.4471541351381249,60.0,1038
"pianocore:Gossec,_François_Joseph/Gavotte_in_D_major_pour_Mlle_Laure",PianoCoRe_154497,Aria_428582_0,Aria-MIDI,Aria-AMT,"Gossec,_François_Joseph/Gavotte_in_D_major_pour_Mlle_Laure/score_PDMX_refined.mid",pianocore_Gossec__François_Joseph_Gavotte_in_D_major_pour_Mlle_Laure__PianoCoRe_154497,real,"pianocore:Gossec,_François_Joseph/Gavotte_in_D_major_pour_Mlle_Laure","pianocore:Gossec,_François_Joseph/Gavotte_in_D_major_pour_Mlle_Laure",Aria_428582_0,1022,0.9845857418111753,0.5189050111066918,70.0,1038
"pianocore:Gossec,_François_Joseph/Gavotte_in_D_major_pour_Mlle_Laure",PianoCoRe_154498,Aria_470529_0,Aria-MIDI,Aria-AMT,"Gossec,_François_Joseph/Gavotte_in_D_major_pour_Mlle_Laure/score_PDMX_refined.mid",pianocore_Gossec__François_Joseph_Gavotte_in_D_major_pour_Mlle_Laure__PianoCoRe_154498,real,"pianocore:Gossec,_François_Joseph/Gavotte_in_D_major_pour_Mlle_Laure","pianocore:Gossec,_François_Joseph/Gavotte_in_D_major_pour_Mlle_Laure",Aria_470529_0,897,0.8641618497109826,0.5212165416983364,75.0,1038
"pianocore:Gossec,_François_Joseph/Gavotte_in_D_major_pour_Mlle_Laure",PianoCoRe_154501,Aria_502643_0,Aria-MIDI,Aria-AMT,"Gossec,_François_Joseph/Gavotte_in_D_major_pour_Mlle_Laure/score_PDMX_refined.mid",pianocore_Gossec__François_Joseph_Gavotte_in_D_major_pour_Mlle_Laure__PianoCoRe_154501,real,"pianocore:Gossec,_François_Joseph/Gavotte_in_D_major_pour_Mlle_Laure","pianocore:Gossec,_François_Joseph/Gavotte_in_D_major_pour_Mlle_Laure",Aria_502643_0,940,0.905587668593449,0.4289433808254227,70.0,1038
"pianocore:Gossec,_François_Joseph/Gavotte_in_D_major_pour_Mlle_Laure",PianoCoRe_154503,Aria_525488_0,Aria-MIDI,Aria-AMT,"Gossec,_François_Joseph/Gavotte_in_D_major_pour_Mlle_Laure/score_PDMX_refined.mid",pianocore_Gossec__François_Joseph_Gavotte_in_D_major_pour_Mlle_Laure__PianoCoRe_154503,real,"pianocore:Gossec,_François_Joseph/Gavotte_in_D_major_pour_Mlle_Laure","pianocore:Gossec,_François_Joseph/Gavotte_in_D_major_pour_Mlle_Laure",Aria_525488_0,1014,0.976878612716763,0.43624143095692225,75.0,1038
"pianocore:Gossec,_François_Joseph/Gavotte_in_D_major_pour_Mlle_Laure",PianoCoRe_154504,Aria_544755_0,Aria-MIDI,Aria-AMT,"Gossec,_François_Joseph/Gavotte_in_D_major_pour_Mlle_Laure/score_PDMX_refined.mid",pianocore_Gossec__François_Joseph_Gavotte_in_D_major_pour_Mlle_Laure__PianoCoRe_154504,real,"pianocore:Gossec,_François_Joseph/Gavotte_in_D_major_pour_Mlle_Laure","pianocore:Gossec,_François_Joseph/Gavotte_in_D_major_pour_Mlle_Laure",Aria_544755_0,942,0.9075144508670521,0.43007727167606596,60.0,1038
"pianocore:Gossec,_François_Joseph/Gavotte_in_D_major_pour_Mlle_Laure",PianoCoRe_154508,Aria_708706_0,Aria-MIDI,Aria-AMT,"Gossec,_François_Joseph/Gavotte_in_D_major_pour_Mlle_Laure/score_PDMX_refined.mid",pianocore_Gossec__François_Joseph_Gavotte_in_D_major_pour_Mlle_Laure__PianoCoRe_154508,real,"pianocore:Gossec,_François_Joseph/Gavotte_in_D_major_pour_Mlle_Laure","pianocore:Gossec,_François_Joseph/Gavotte_in_D_major_pour_Mlle_Laure",Aria_708706_0,1034,0.9961464354527938,0.503063584621514,65.0,1038
"pianocore:Gossec,_François_Joseph/Gavotte_in_D_major_pour_Mlle_Laure",PianoCoRe_154509,Aria_733480_0,Aria-MIDI,Aria-AMT,"Gossec,_François_Joseph/Gavotte_in_D_major_pour_Mlle_Laure/score_PDMX_refined.mid",pianocore_Gossec__François_Joseph_Gavotte_in_D_major_pour_Mlle_Laure__PianoCoRe_154509,real,"pianocore:Gossec,_François_Joseph/Gavotte_in_D_major_pour_Mlle_Laure","pianocore:Gossec,_François_Joseph/Gavotte_in_D_major_pour_Mlle_Laure",Aria_733480_0,1028,0.9903660886319846,0.49595732441251017,65.0,1038
"pianocore:Gossec,_François_Joseph/Gavotte_in_D_major_pour_Mlle_Laure",PianoCoRe_154511,Aria_758651_0,Aria-MIDI,Aria-AMT,"Gossec,_François_Joseph/Gavotte_in_D_major_pour_Mlle_Laure/score_PDMX_refined.mid",pianocore_Gossec__François_Joseph_Gavotte_in_D_major_pour_Mlle_Laure__PianoCoRe_154511,real,"pianocore:Gossec,_François_Joseph/Gavotte_in_D_major_pour_Mlle_Laure","pianocore:Gossec,_François_Joseph/Gavotte_in_D_major_pour_Mlle_Laure",Aria_758651_0,972,0.9364161849710982,0.4686050283260793,75.0,1038
"pianocore:Gossec,_François_Joseph/Gavotte_in_D_major_pour_Mlle_Laure",PianoCoRe_154512,Aria_800231_0,Aria-MIDI,Aria-AMT,"Gossec,_François_Joseph/Gavotte_in_D_major_pour_Mlle_Laure/score_PDMX_refined.mid",pianocore_Gossec__François_Joseph_Gavotte_in_D_major_pour_Mlle_Laure__PianoCoRe_154512,real,"pianocore:Gossec,_François_Joseph/Gavotte_in_D_major_pour_Mlle_Laure","pianocore:Gossec,_François_Joseph/Gavotte_in_D_major_pour_Mlle_Laure",Aria_800231_0,1013,0.9759152215799615,0.49801129101902797,65.0,1038
"pianocore:Gossec,_François_Joseph/Gavotte_in_D_major_pour_Mlle_Laure",PianoCoRe_154513,Aria_824222_0,Aria-MIDI,Aria-AMT,"Gossec,_François_Joseph/Gavotte_in_D_major_pour_Mlle_Laure/score_PDMX_refined.mid",pianocore_Gossec__François_Joseph_Gavotte_in_D_major_pour_Mlle_Laure__PianoCoRe_154513,real,"pianocore:Gossec,_François_Joseph/Gavotte_in_D_major_pour_Mlle_Laure","pianocore:Gossec,_François_Joseph/Gavotte_in_D_major_pour_Mlle_Laure",Aria_824222_0,1014,0.976878612716763,0.4306065880836306,70.0,1038
"pianocore:Gossec,_François_Joseph/Gavotte_in_D_major_pour_Mlle_Laure",PianoCoRe_154516,Aria_854851_0,Aria-MIDI,Aria-AMT,"Gossec,_François_Joseph/Gavotte_in_D_major_pour_Mlle_Laure/score_PDMX_refined.mid",pianocore_Gossec__François_Joseph_Gavotte_in_D_major_pour_Mlle_Laure__PianoCoRe_154516,real,"pianocore:Gossec,_François_Joseph/Gavotte_in_D_major_pour_Mlle_Laure","pianocore:Gossec,_François_Joseph/Gavotte_in_D_major_pour_Mlle_Laure",Aria_854851_0,1027,0.9894026974951831,0.44518761617293556,50.0,1038
"pianocore:Gossec,_François_Joseph/Gavotte_in_D_major_pour_Mlle_Laure",PianoCoRe_154517,Aria_859701_0,Aria-MIDI,Aria-AMT,"Gossec,_François_Joseph/Gavotte_in_D_major_pour_Mlle_Laure/score_PDMX_refined.mid",pianocore_Gossec__François_Joseph_Gavotte_in_D_major_pour_Mlle_Laure__PianoCoRe_154517,real,"pianocore:Gossec,_François_Joseph/Gavotte_in_D_major_pour_Mlle_Laure","pianocore:Gossec,_François_Joseph/Gavotte_in_D_major_pour_Mlle_Laure",Aria_859701_0,997,0.9605009633911368,0.4656486864660357,60.0,1038
"pianocore:Gossec,_François_Joseph/Gavotte_in_D_major_pour_Mlle_Laure",PianoCoRe_154518,Aria_886667_0,Aria-MIDI,Aria-AMT,"Gossec,_François_Joseph/Gavotte_in_D_major_pour_Mlle_Laure/score_PDMX_refined.mid",pianocore_Gossec__François_Joseph_Gavotte_in_D_major_pour_Mlle_Laure__PianoCoRe_154518,real,"pianocore:Gossec,_François_Joseph/Gavotte_in_D_major_pour_Mlle_Laure","pianocore:Gossec,_François_Joseph/Gavotte_in_D_major_pour_Mlle_Laure",Aria_886667_0,1008,0.9710982658959537,0.5034387311791999,95.0,1038
"pianocore:Gossec,_François_Joseph/Gavotte_in_D_major_pour_Mlle_Laure",PianoCoRe_154519,Aria_889328_0,Aria-MIDI,Aria-AMT,"Gossec,_François_Joseph/Gavotte_in_D_major_pour_Mlle_Laure/score_PDMX_refined.mid",pianocore_Gossec__François_Joseph_Gavotte_in_D_major_pour_Mlle_Laure__PianoCoRe_154519,real,"pianocore:Gossec,_François_Joseph/Gavotte_in_D_major_pour_Mlle_Laure","pianocore:Gossec,_François_Joseph/Gavotte_in_D_major_pour_Mlle_Laure",Aria_889328_0,998,0.9614643545279383,0.4336530189178211,60.0,1038
"pianocore:Gossec,_François_Joseph/Gavotte_in_D_major_pour_Mlle_Laure",PianoCoRe_154520,Aria_904677_0,Aria-MIDI,Aria-AMT,"Gossec,_François_Joseph/Gavotte_in_D_major_pour_Mlle_Laure/score_PDMX_refined.mid",pianocore_Gossec__François_Joseph_Gavotte_in_D_major_pour_Mlle_Laure__PianoCoRe_154520,real,"pianocore:Gossec,_François_Joseph/Gavotte_in_D_major_pour_Mlle_Laure","pianocore:Gossec,_François_Joseph/Gavotte_in_D_major_pour_Mlle_Laure",Aria_904677_0,1015,0.9778420038535646,0.41193890098830815,60.0,1038
"pianocore:Gossec,_François_Joseph/Gavotte_in_D_major_pour_Mlle_Laure",PianoCoRe_154521,Aria_923656_0,Aria-MIDI,Aria-AMT,"Gossec,_François_Joseph/Gavotte_in_D_major_pour_Mlle_Laure/score_PDMX_refined.mid",pianocore_Gossec__François_Joseph_Gavotte_in_D_major_pour_Mlle_Laure__PianoCoRe_154521,real,"pianocore:Gossec,_François_Joseph/Gavotte_in_D_major_pour_Mlle_Laure","pianocore:Gossec,_François_Joseph/Gavotte_in_D_major_pour_Mlle_Laure",Aria_923656_0,868,0.8362235067437379,0.3994750728905109,90.0,1038
"pianocore:Handel,_George_Frideric/Gavotte_in_G_major,_HWV_491",PianoCoRe_157668,Aria_005305_0,Aria-MIDI,Aria-AMT,"Handel,_George_Frideric/Gavotte_in_G_major,_HWV_491/score_PDMX_refined.mid",pianocore_Handel__George_Frideric_Gavotte_in_G_major__HWV_491__PianoCoRe_157668,real,"pianocore:Handel,_George_Frideric/Gavotte_in_G_major,_HWV_491","pianocore:Handel,_George_Frideric/Gavotte_in_G_major,_HWV_491",Aria_005305_0,354,0.9414893617021277,0.6417175804935018,60.0,372
"pianocore:Handel,_George_Frideric/Gavotte_in_G_major,_HWV_491",PianoCoRe_157669,Aria_031058_0,Aria-MIDI,Aria-AMT,"Handel,_George_Frideric/Gavotte_in_G_major,_HWV_491/score_PDMX_refined.mid",pianocore_Handel__George_Frideric_Gavotte_in_G_major__HWV_491__PianoCoRe_157669,real,"pianocore:Handel,_George_Frideric/Gavotte_in_G_major,_HWV_491","pianocore:Handel,_George_Frideric/Gavotte_in_G_major,_HWV_491",Aria_031058_0,354,0.9414893617021277,0.40777672142005683,70.0,372
"pianocore:Handel,_George_Frideric/Gavotte_in_G_major,_HWV_491",PianoCoRe_157670,Aria_050528_0,Aria-MIDI,Aria-AMT,"Handel,_George_Frideric/Gavotte_in_G_major,_HWV_491/score_PDMX_refined.mid",pianocore_Handel__George_Frideric_Gavotte_in_G_major__HWV_491__PianoCoRe_157670,real,"pianocore:Handel,_George_Frideric/Gavotte_in_G_major,_HWV_491","pianocore:Handel,_George_Frideric/Gavotte_in_G_major,_HWV_491",Aria_050528_0,372,0.9893617021276596,0.41767762717821777,65.0,372
"pianocore:Handel,_George_Frideric/Gavotte_in_G_major,_HWV_491",PianoCoRe_157672,Aria_099919_0,Aria-MIDI,Aria-AMT,"Handel,_George_Frideric/Gavotte_in_G_major,_HWV_491/score_PDMX_refined.mid",pianocore_Handel__George_Frideric_Gavotte_in_G_major__HWV_491__PianoCoRe_157672,real,"pianocore:Handel,_George_Frideric/Gavotte_in_G_major,_HWV_491","pianocore:Handel,_George_Frideric/Gavotte_in_G_major,_HWV_491",Aria_099919_0,354,0.9414893617021277,0.5000208390733187,80.0,372
"pianocore:Handel,_George_Frideric/Gavotte_in_G_major,_HWV_491",PianoCoRe_157673,Aria_118343_0,Aria-MIDI,Aria-AMT,"Handel,_George_Frideric/Gavotte_in_G_major,_HWV_491/score_PDMX_refined.mid",pianocore_Handel__George_Frideric_Gavotte_in_G_major__HWV_491__PianoCoRe_157673,real,"pianocore:Handel,_George_Frideric/Gavotte_in_G_major,_HWV_491","pianocore:Handel,_George_Frideric/Gavotte_in_G_major,_HWV_491",Aria_118343_0,354,0.9414893617021277,0.44445491656207914,80.0,372
"pianocore:Handel,_George_Frideric/Gavotte_in_G_major,_HWV_491",PianoCoRe_157674,Aria_123060_0,Aria-MIDI,Aria-AMT,"Handel,_George_Frideric/Gavotte_in_G_major,_HWV_491/score_PDMX_refined.mid",pianocore_Handel__George_Frideric_Gavotte_in_G_major__HWV_491__PianoCoRe_157674,real,"pianocore:Handel,_George_Frideric/Gavotte_in_G_major,_HWV_491","pianocore:Handel,_George_Frideric/Gavotte_in_G_major,_HWV_491",Aria_123060_0,372,0.9893617021276596,0.4247960622604983,75.0,372
"pianocore:Handel,_George_Frideric/Gavotte_in_G_major,_HWV_491",PianoCoRe_157675,Aria_124533_0,Aria-MIDI,Aria-AMT,"Handel,_George_Frideric/Gavotte_in_G_major,_HWV_491/score_PDMX_refined.mid",pianocore_Handel__George_Frideric_Gavotte_in_G_major__HWV_491__PianoCoRe_157675,real,"pianocore:Handel,_George_Frideric/Gavotte_in_G_major,_HWV_491","pianocore:Handel,_George_Frideric/Gavotte_in_G_major,_HWV_491",Aria_124533_0,368,0.9787234042553191,0.44484772016858554,50.0,372
"pianocore:Handel,_George_Frideric/Gavotte_in_G_major,_HWV_491",PianoCoRe_157676,Aria_134297_0,Aria-MIDI,Aria-AMT,"Handel,_George_Frideric/Gavotte_in_G_major,_HWV_491/score_PDMX_refined.mid",pianocore_Handel__George_Frideric_Gavotte_in_G_major__HWV_491__PianoCoRe_157676,real,"pianocore:Handel,_George_Frideric/Gavotte_in_G_major,_HWV_491","pianocore:Handel,_George_Frideric/Gavotte_in_G_major,_HWV_491",Aria_134297_0,364,0.9680851063829787,0.41664944276665333,75.0,372
"pianocore:Handel,_George_Frideric/Gavotte_in_G_major,_HWV_491",PianoCoRe_157677,Aria_136671_0,Aria-MIDI,Aria-AMT,"Handel,_George_Frideric/Gavotte_in_G_major,_HWV_491/score_PDMX_refined.mid",pianocore_Handel__George_Frideric_Gavotte_in_G_major__HWV_491__PianoCoRe_157677,real,"pianocore:Handel,_George_Frideric/Gavotte_in_G_major,_HWV_491","pianocore:Handel,_George_Frideric/Gavotte_in_G_major,_HWV_491",Aria_136671_0,370,0.9840425531914894,0.4173110228558883,70.0,372
"pianocore:Handel,_George_Frideric/Gavotte_in_G_major,_HWV_491",PianoCoRe_157678,Aria_203333_0,Aria-MIDI,Aria-AMT,"Handel,_George_Frideric/Gavotte_in_G_major,_HWV_491/score_PDMX_refined.mid",pianocore_Handel__George_Frideric_Gavotte_in_G_major__HWV_491__PianoCoRe_157678,real,"pianocore:Handel,_George_Frideric/Gavotte_in_G_major,_HWV_491","pianocore:Handel,_George_Frideric/Gavotte_in_G_major,_HWV_491",Aria_203333_0,354,0.9414893617021277,0.5583198589316704,55.0,372
"pianocore:Handel,_George_Frideric/Gavotte_in_G_major,_HWV_491",PianoCoRe_157680,Aria_331562_0,Aria-MIDI,Aria-AMT,"Handel,_George_Frideric/Gavotte_in_G_major,_HWV_491/score_PDMX_refined.mid",pianocore_Handel__George_Frideric_Gavotte_in_G_major__HWV_491__PianoCoRe_157680,real,"pianocore:Handel,_George_Frideric/Gavotte_in_G_major,_HWV_491","pianocore:Handel,_George_Frideric/Gavotte_in_G_major,_HWV_491",Aria_331562_0,354,0.9414893617021277,0.4178727280763159,80.0,372
"pianocore:Handel,_George_Frideric/Gavotte_in_G_major,_HWV_491",PianoCoRe_157681,Aria_377881_0,Aria-MIDI,Aria-AMT,"Handel,_George_Frideric/Gavotte_in_G_major,_HWV_491/score_PDMX_refined.mid",pianocore_Handel__George_Frideric_Gavotte_in_G_major__HWV_491__PianoCoRe_157681,real,"pianocore:Handel,_George_Frideric/Gavotte_in_G_major,_HWV_491","pianocore:Handel,_George_Frideric/Gavotte_in_G_major,_HWV_491",Aria_377881_0,370,0.9840425531914894,0.4347681817717739,75.0,372
"pianocore:Handel,_George_Frideric/Gavotte_in_G_major,_HWV_491",PianoCoRe_157683,Aria_436897_0,Aria-MIDI,Aria-AMT,"Handel,_George_Frideric/Gavotte_in_G_major,_HWV_491/score_PDMX_refined.mid",pianocore_Handel__George_Frideric_Gavotte_in_G_major__HWV_491__PianoCoRe_157683,real,"pianocore:Handel,_George_Frideric/Gavotte_in_G_major,_HWV_491","pianocore:Handel,_George_Frideric/Gavotte_in_G_major,_HWV_491",Aria_436897_0,354,0.9414893617021277,0.37410238212314184,75.0,372
"pianocore:Handel,_George_Frideric/Gavotte_in_G_major,_HWV_491",PianoCoRe_157684,Aria_518229_0,Aria-MIDI,Aria-AMT,"Handel,_George_Frideric/Gavotte_in_G_major,_HWV_491/score_PDMX_refined.mid",pianocore_Handel__George_Frideric_Gavotte_in_G_major__HWV_491__PianoCoRe_157684,real,"pianocore:Handel,_George_Frideric/Gavotte_in_G_major,_HWV_491","pianocore:Handel,_George_Frideric/Gavotte_in_G_major,_HWV_491",Aria_518229_0,354,0.9414893617021277,0.5376186932076992,70.0,372
"pianocore:Handel,_George_Frideric/Gavotte_in_G_major,_HWV_491",PianoCoRe_157685,Aria_555770_0,Aria-MIDI,Aria-AMT,"Handel,_George_Frideric/Gavotte_in_G_major,_HWV_491/score_PDMX_refined.mid",pianocore_Handel__George_Frideric_Gavotte_in_G_major__HWV_491__PianoCoRe_157685,real,"pianocore:Handel,_George_Frideric/Gavotte_in_G_major,_HWV_491","pianocore:Handel,_George_Frideric/Gavotte_in_G_major,_HWV_491",Aria_555770_0,353,0.9388297872340425,0.4843688039704605,55.0,372
"pianocore:Handel,_George_Frideric/Gavotte_in_G_major,_HWV_491",PianoCoRe_157686,Aria_583467_0,Aria-MIDI,Aria-AMT,"Handel,_George_Frideric/Gavotte_in_G_major,_HWV_491/score_PDMX_refined.mid",pianocore_Handel__George_Frideric_Gavotte_in_G_major__HWV_491__PianoCoRe_157686,real,"pianocore:Handel,_George_Frideric/Gavotte_in_G_major,_HWV_491","pianocore:Handel,_George_Frideric/Gavotte_in_G_major,_HWV_491",Aria_583467_0,353,0.9388297872340425,0.4521991405013377,65.0,372
"pianocore:Handel,_George_Frideric/Gavotte_in_G_major,_HWV_491",PianoCoRe_157687,Aria_746166_0,Aria-MIDI,Aria-AMT,"Handel,_George_Frideric/Gavotte_in_G_major,_HWV_491/score_PDMX_refined.mid",pianocore_Handel__George_Frideric_Gavotte_in_G_major__HWV_491__PianoCoRe_157687,real,"pianocore:Handel,_George_Frideric/Gavotte_in_G_major,_HWV_491","pianocore:Handel,_George_Frideric/Gavotte_in_G_major,_HWV_491",Aria_746166_0,354,0.9414893617021277,0.41926486130562707,75.0,372
"pianocore:Handel,_George_Frideric/Gavotte_in_G_major,_HWV_491",PianoCoRe_157689,Aria_773609_0,Aria-MIDI,Aria-AMT,"Handel,_George_Frideric/Gavotte_in_G_major,_HWV_491/score_PDMX_refined.mid",pianocore_Handel__George_Frideric_Gavotte_in_G_major__HWV_491__PianoCoRe_157689,real,"pianocore:Handel,_George_Frideric/Gavotte_in_G_major,_HWV_491","pianocore:Handel,_George_Frideric/Gavotte_in_G_major,_HWV_491",Aria_773609_0,353,0.9388297872340425,0.31695063062019435,65.0,372
"pianocore:Handel,_George_Frideric/Gavotte_in_G_major,_HWV_491",PianoCoRe_157690,Aria_808505_0,Aria-MIDI,Aria-AMT,"Handel,_George_Frideric/Gavotte_in_G_major,_HWV_491/score_PDMX_refined.mid",pianocore_Handel__George_Frideric_Gavotte_in_G_major__HWV_491__PianoCoRe_157690,real,"pianocore:Handel,_George_Frideric/Gavotte_in_G_major,_HWV_491","pianocore:Handel,_George_Frideric/Gavotte_in_G_major,_HWV_491",Aria_808505_0,352,0.9361702127659575,0.35855960274503884,70.0,372
"pianocore:Handel,_George_Frideric/Gavotte_in_G_major,_HWV_491",PianoCoRe_157692,Aria_826468_0,Aria-MIDI,Aria-AMT,"Handel,_George_Frideric/Gavotte_in_G_major,_HWV_491/score_PDMX_refined.mid",pianocore_Handel__George_Frideric_Gavotte_in_G_major__HWV_491__PianoCoRe_157692,real,"pianocore:Handel,_George_Frideric/Gavotte_in_G_major,_HWV_491","pianocore:Handel,_George_Frideric/Gavotte_in_G_major,_HWV_491",Aria_826468_0,354,0.9414893617021277,0.4851378356948583,75.0,372
"pianocore:Handel,_George_Frideric/Gavotte_in_G_major,_HWV_491",PianoCoRe_157693,Aria_846054_0,Aria-MIDI,Aria-AMT,"Handel,_George_Frideric/Gavotte_in_G_major,_HWV_491/score_PDMX_refined.mid",pianocore_Handel__George_Frideric_Gavotte_in_G_major__HWV_491__PianoCoRe_157693,real,"pianocore:Handel,_George_Frideric/Gavotte_in_G_major,_HWV_491","pianocore:Handel,_George_Frideric/Gavotte_in_G_major,_HWV_491",Aria_846054_0,372,0.9893617021276596,0.43584054513061343,65.0,372
"pianocore:Handel,_George_Frideric/Gavotte_in_G_major,_HWV_491",PianoCoRe_157695,Aria_861161_0,Aria-MIDI,Aria-AMT,"Handel,_George_Frideric/Gavotte_in_G_major,_HWV_491/score_PDMX_refined.mid",pianocore_Handel__George_Frideric_Gavotte_in_G_major__HWV_491__PianoCoRe_157695,real,"pianocore:Handel,_George_Frideric/Gavotte_in_G_major,_HWV_491","pianocore:Handel,_George_Frideric/Gavotte_in_G_major,_HWV_491",Aria_861161_0,354,0.9414893617021277,0.45326964596843133,60.0,372
"pianocore:Handel,_George_Frideric/Gavotte_in_G_major,_HWV_491",PianoCoRe_157696,Aria_895039_0,Aria-MIDI,Aria-AMT,"Handel,_George_Frideric/Gavotte_in_G_major,_HWV_491/score_PDMX_refined.mid",pianocore_Handel__George_Frideric_Gavotte_in_G_major__HWV_491__PianoCoRe_157696,real,"pianocore:Handel,_George_Frideric/Gavotte_in_G_major,_HWV_491","pianocore:Handel,_George_Frideric/Gavotte_in_G_major,_HWV_491",Aria_895039_0,372,0.9893617021276596,0.47922368072950094,65.0,372
"pianocore:Handel,_George_Frideric/Gavotte_in_G_major,_HWV_491",PianoCoRe_157697,Aria_912393_0,Aria-MIDI,Aria-AMT,"Handel,_George_Frideric/Gavotte_in_G_major,_HWV_491/score_PDMX_refined.mid",pianocore_Handel__George_Frideric_Gavotte_in_G_major__HWV_491__PianoCoRe_157697,real,"pianocore:Handel,_George_Frideric/Gavotte_in_G_major,_HWV_491","pianocore:Handel,_George_Frideric/Gavotte_in_G_major,_HWV_491",Aria_912393_0,354,0.9414893617021277,0.4278489105256538,65.0,372
"pianocore:Haydn,_Joseph/12_Minuets,_Hob.IX:8/12._Minuet_in_F_major",PianoCoRe_158382,Aria_094065_0,Aria-MIDI,Aria-AMT,"Haydn,_Joseph/12_Minuets,_Hob.IX:8/12._Minuet_in_F_major/score_PDMX_refined.mid",pianocore_Haydn__Joseph_12_Minuets__Hob.IX_8_12._Minuet_in_F_major__PianoCoRe_158382,real,"pianocore:Haydn,_Joseph/12_Minuets,_Hob.IX:8/12._Minuet_in_F_major","pianocore:Haydn,_Joseph/12_Minuets,_Hob.IX:8/12._Minuet_in_F_major",Aria_094065_0,337,0.8300492610837439,0.7253582772838807,50.0,406
"pianocore:Haydn,_Joseph/12_Minuets,_Hob.IX:8/12._Minuet_in_F_major",PianoCoRe_158384,Aria_206118_0,Aria-MIDI,Aria-AMT,"Haydn,_Joseph/12_Minuets,_Hob.IX:8/12._Minuet_in_F_major/score_PDMX_refined.mid",pianocore_Haydn__Joseph_12_Minuets__Hob.IX_8_12._Minuet_in_F_major__PianoCoRe_158384,real,"pianocore:Haydn,_Joseph/12_Minuets,_Hob.IX:8/12._Minuet_in_F_major","pianocore:Haydn,_Joseph/12_Minuets,_Hob.IX:8/12._Minuet_in_F_major",Aria_206118_0,328,0.8078817733990148,0.5433082365079821,35.0,406
"pianocore:Haydn,_Joseph/12_Minuets,_Hob.IX:8/12._Minuet_in_F_major",PianoCoRe_158385,Aria_233335_0,Aria-MIDI,Aria-AMT,"Haydn,_Joseph/12_Minuets,_Hob.IX:8/12._Minuet_in_F_major/score_PDMX_refined.mid",pianocore_Haydn__Joseph_12_Minuets__Hob.IX_8_12._Minuet_in_F_major__PianoCoRe_158385,real,"pianocore:Haydn,_Joseph/12_Minuets,_Hob.IX:8/12._Minuet_in_F_major","pianocore:Haydn,_Joseph/12_Minuets,_Hob.IX:8/12._Minuet_in_F_major",Aria_233335_0,399,0.9827586206896551,0.5573887604433199,50.0,406
"pianocore:Haydn,_Joseph/12_Minuets,_Hob.IX:8/12._Minuet_in_F_major",PianoCoRe_158386,Aria_255788_0,Aria-MIDI,Aria-AMT,"Haydn,_Joseph/12_Minuets,_Hob.IX:8/12._Minuet_in_F_major/score_PDMX_refined.mid",pianocore_Haydn__Joseph_12_Minuets__Hob.IX_8_12._Minuet_in_F_major__PianoCoRe_158386,real,"pianocore:Haydn,_Joseph/12_Minuets,_Hob.IX:8/12._Minuet_in_F_major","pianocore:Haydn,_Joseph/12_Minuets,_Hob.IX:8/12._Minuet_in_F_major",Aria_255788_0,378,0.9310344827586207,0.4308935451670884,60.0,406
"pianocore:Haydn,_Joseph/12_Minuets,_Hob.IX:8/12._Minuet_in_F_major",PianoCoRe_158387,Aria_265539_0,Aria-MIDI,Aria-AMT,"Haydn,_Joseph/12_Minuets,_Hob.IX:8/12._Minuet_in_F_major/score_PDMX_refined.mid",pianocore_Haydn__Joseph_12_Minuets__Hob.IX_8_12._Minuet_in_F_major__PianoCoRe_158387,real,"pianocore:Haydn,_Joseph/12_Minuets,_Hob.IX:8/12._Minuet_in_F_major","pianocore:Haydn,_Joseph/12_Minuets,_Hob.IX:8/12._Minuet_in_F_major",Aria_265539_0,345,0.8497536945812808,0.560559682032121,80.0,406
"pianocore:Haydn,_Joseph/12_Minuets,_Hob.IX:8/12._Minuet_in_F_major",PianoCoRe_158388,Aria_274152_0,Aria-MIDI,Aria-AMT,"Haydn,_Joseph/12_Minuets,_Hob.IX:8/12._Minuet_in_F_major/score_PDMX_refined.mid",pianocore_Haydn__Joseph_12_Minuets__Hob.IX_8_12._Minuet_in_F_major__PianoCoRe_158388,real,"pianocore:Haydn,_Joseph/12_Minuets,_Hob.IX:8/12._Minuet_in_F_major","pianocore:Haydn,_Joseph/12_Minuets,_Hob.IX:8/12._Minuet_in_F_major",Aria_274152_0,399,0.9827586206896551,0.5787508584702773,60.0,406
"pianocore:Haydn,_Joseph/12_Minuets,_Hob.IX:8/12._Minuet_in_F_major",PianoCoRe_158389,Aria_314078_0,Aria-MIDI,Aria-AMT,"Haydn,_Joseph/12_Minuets,_Hob.IX:8/12._Minuet_in_F_major/score_PDMX_refined.mid",pianocore_Haydn__Joseph_12_Minuets__Hob.IX_8_12._Minuet_in_F_major__PianoCoRe_158389,real,"pianocore:Haydn,_Joseph/12_Minuets,_Hob.IX:8/12._Minuet_in_F_major","pianocore:Haydn,_Joseph/12_Minuets,_Hob.IX:8/12._Minuet_in_F_major",Aria_314078_0,344,0.8472906403940886,0.5367818292429625,40.0,406
"pianocore:Haydn,_Joseph/12_Minuets,_Hob.IX:8/12._Minuet_in_F_major",PianoCoRe_158390,Aria_367519_0,Aria-MIDI,Aria-AMT,"Haydn,_Joseph/12_Minuets,_Hob.IX:8/12._Minuet_in_F_major/score_PDMX_refined.mid",pianocore_Haydn__Joseph_12_Minuets__Hob.IX_8_12._Minuet_in_F_major__PianoCoRe_158390,real,"pianocore:Haydn,_Joseph/12_Minuets,_Hob.IX:8/12._Minuet_in_F_major","pianocore:Haydn,_Joseph/12_Minuets,_Hob.IX:8/12._Minuet_in_F_major",Aria_367519_0,346,0.8522167487684729,0.5321299670224802,65.0,406
"pianocore:Haydn,_Joseph/12_Minuets,_Hob.IX:8/12._Minuet_in_F_major",PianoCoRe_158391,Aria_385534_0,Aria-MIDI,Aria-AMT,"Haydn,_Joseph/12_Minuets,_Hob.IX:8/12._Minuet_in_F_major/score_PDMX_refined.mid",pianocore_Haydn__Joseph_12_Minuets__Hob.IX_8_12._Minuet_in_F_major__PianoCoRe_158391,real,"pianocore:Haydn,_Joseph/12_Minuets,_Hob.IX:8/12._Minuet_in_F_major","pianocore:Haydn,_Joseph/12_Minuets,_Hob.IX:8/12._Minuet_in_F_major",Aria_385534_0,339,0.8349753694581281,0.7140718820912654,50.0,406
"pianocore:Haydn,_Joseph/12_Minuets,_Hob.IX:8/12._Minuet_in_F_major",PianoCoRe_158393,Aria_442285_0,Aria-MIDI,Aria-AMT,"Haydn,_Joseph/12_Minuets,_Hob.IX:8/12._Minuet_in_F_major/score_PDMX_refined.mid",pianocore_Haydn__Joseph_12_Minuets__Hob.IX_8_12._Minuet_in_F_major__PianoCoRe_158393,real,"pianocore:Haydn,_Joseph/12_Minuets,_Hob.IX:8/12._Minuet_in_F_major","pianocore:Haydn,_Joseph/12_Minuets,_Hob.IX:8/12._Minuet_in_F_major",Aria_442285_0,337,0.8300492610837439,0.5795575852935224,65.0,406
"pianocore:Haydn,_Joseph/12_Minuets,_Hob.IX:8/12._Minuet_in_F_major",PianoCoRe_158394,Aria_453747_0,Aria-MIDI,Aria-AMT,"Haydn,_Joseph/12_Minuets,_Hob.IX:8/12._Minuet_in_F_major/score_PDMX_refined.mid",pianocore_Haydn__Joseph_12_Minuets__Hob.IX_8_12._Minuet_in_F_major__PianoCoRe_158394,real,"pianocore:Haydn,_Joseph/12_Minuets,_Hob.IX:8/12._Minuet_in_F_major","pianocore:Haydn,_Joseph/12_Minuets,_Hob.IX:8/12._Minuet_in_F_major",Aria_453747_0,346,0.8522167487684729,0.5655579370270307,55.0,406
"pianocore:Haydn,_Joseph/12_Minuets,_Hob.IX:8/12._Minuet_in_F_major",PianoCoRe_158397,Aria_472355_0,Aria-MIDI,Aria-AMT,"Haydn,_Joseph/12_Minuets,_Hob.IX:8/12._Minuet_in_F_major/score_PDMX_refined.mid",pianocore_Haydn__Joseph_12_Minuets__Hob.IX_8_12._Minuet_in_F_major__PianoCoRe_158397,real,"pianocore:Haydn,_Joseph/12_Minuets,_Hob.IX:8/12._Minuet_in_F_major","pianocore:Haydn,_Joseph/12_Minuets,_Hob.IX:8/12._Minuet_in_F_major",Aria_472355_0,340,0.8374384236453202,0.636583766282048,50.0,406
"pianocore:Haydn,_Joseph/12_Minuets,_Hob.IX:8/12._Minuet_in_F_major",PianoCoRe_158399,Aria_532217_0,Aria-MIDI,Aria-AMT,"Haydn,_Joseph/12_Minuets,_Hob.IX:8/12._Minuet_in_F_major/score_PDMX_refined.mid",pianocore_Haydn__Joseph_12_Minuets__Hob.IX_8_12._Minuet_in_F_major__PianoCoRe_158399,real,"pianocore:Haydn,_Joseph/12_Minuets,_Hob.IX:8/12._Minuet_in_F_major","pianocore:Haydn,_Joseph/12_Minuets,_Hob.IX:8/12._Minuet_in_F_major",Aria_532217_0,396,0.9753694581280788,0.595362596366802,50.0,406
"pianocore:Haydn,_Joseph/12_Minuets,_Hob.IX:8/12._Minuet_in_F_major",PianoCoRe_158400,Aria_554389_0,Aria-MIDI,Aria-AMT,"Haydn,_Joseph/12_Minuets,_Hob.IX:8/12._Minuet_in_F_major/score_PDMX_refined.mid",pianocore_Haydn__Joseph_12_Minuets__Hob.IX_8_12._Minuet_in_F_major__PianoCoRe_158400,real,"pianocore:Haydn,_Joseph/12_Minuets,_Hob.IX:8/12._Minuet_in_F_major","pianocore:Haydn,_Joseph/12_Minuets,_Hob.IX:8/12._Minuet_in_F_major",Aria_554389_0,346,0.8522167487684729,0.6422265908943026,58.0,406
"pianocore:Haydn,_Joseph/12_Minuets,_Hob.IX:8/12._Minuet_in_F_major",PianoCoRe_158401,Aria_581880_0,Aria-MIDI,Aria-AMT,"Haydn,_Joseph/12_Minuets,_Hob.IX:8/12._Minuet_in_F_major/score_PDMX_refined.mid",pianocore_Haydn__Joseph_12_Minuets__Hob.IX_8_12._Minuet_in_F_major__PianoCoRe_158401,real,"pianocore:Haydn,_Joseph/12_Minuets,_Hob.IX:8/12._Minuet_in_F_major","pianocore:Haydn,_Joseph/12_Minuets,_Hob.IX:8/12._Minuet_in_F_major",Aria_581880_0,361,0.8891625615763546,0.49100390386787013,55.0,406
"pianocore:Haydn,_Joseph/12_Minuets,_Hob.IX:8/12._Minuet_in_F_major",PianoCoRe_158402,Aria_587661_0,Aria-MIDI,Aria-AMT,"Haydn,_Joseph/12_Minuets,_Hob.IX:8/12._Minuet_in_F_major/score_PDMX_refined.mid",pianocore_Haydn__Joseph_12_Minuets__Hob.IX_8_12._Minuet_in_F_major__PianoCoRe_158402,real,"pianocore:Haydn,_Joseph/12_Minuets,_Hob.IX:8/12._Minuet_in_F_major","pianocore:Haydn,_Joseph/12_Minuets,_Hob.IX:8/12._Minuet_in_F_major",Aria_587661_0,338,0.8325123152709359,0.5560212641626732,55.0,406
"pianocore:Haydn,_Joseph/12_Minuets,_Hob.IX:8/12._Minuet_in_F_major",PianoCoRe_158403,Aria_594399_0,Aria-MIDI,Aria-AMT,"Haydn,_Joseph/12_Minuets,_Hob.IX:8/12._Minuet_in_F_major/score_PDMX_refined.mid",pianocore_Haydn__Joseph_12_Minuets__Hob.IX_8_12._Minuet_in_F_major__PianoCoRe_158403,real,"pianocore:Haydn,_Joseph/12_Minuets,_Hob.IX:8/12._Minuet_in_F_major","pianocore:Haydn,_Joseph/12_Minuets,_Hob.IX:8/12._Minuet_in_F_major",Aria_594399_0,339,0.8349753694581281,0.6005265909012053,90.0,406
"pianocore:Haydn,_Joseph/12_Minuets,_Hob.IX:8/12._Minuet_in_F_major",PianoCoRe_158404,Aria_667391_0,Aria-MIDI,Aria-AMT,"Haydn,_Joseph/12_Minuets,_Hob.IX:8/12._Minuet_in_F_major/score_PDMX_refined.mid",pianocore_Haydn__Joseph_12_Minuets__Hob.IX_8_12._Minuet_in_F_major__PianoCoRe_158404,real,"pianocore:Haydn,_Joseph/12_Minuets,_Hob.IX:8/12._Minuet_in_F_major","pianocore:Haydn,_Joseph/12_Minuets,_Hob.IX:8/12._Minuet_in_F_major",Aria_667391_0,341,0.8399014778325123,0.5165303763505185,70.0,406
"pianocore:Haydn,_Joseph/12_Minuets,_Hob.IX:8/12._Minuet_in_F_major",PianoCoRe_158405,Aria_676298_0,Aria-MIDI,Aria-AMT,"Haydn,_Joseph/12_Minuets,_Hob.IX:8/12._Minuet_in_F_major/score_PDMX_refined.mid",pianocore_Haydn__Joseph_12_Minuets__Hob.IX_8_12._Minuet_in_F_major__PianoCoRe_158405,real,"pianocore:Haydn,_Joseph/12_Minuets,_Hob.IX:8/12._Minuet_in_F_major","pianocore:Haydn,_Joseph/12_Minuets,_Hob.IX:8/12._Minuet_in_F_major",Aria_676298_0,405,0.9975369458128078,0.5009119866279617,70.0,406
"pianocore:Haydn,_Joseph/12_Minuets,_Hob.IX:8/12._Minuet_in_F_major",PianoCoRe_158406,Aria_683059_0,Aria-MIDI,Aria-AMT,"Haydn,_Joseph/12_Minuets,_Hob.IX:8/12._Minuet_in_F_major/score_PDMX_refined.mid",pianocore_Haydn__Joseph_12_Minuets__Hob.IX_8_12._Minuet_in_F_major__PianoCoRe_158406,real,"pianocore:Haydn,_Joseph/12_Minuets,_Hob.IX:8/12._Minuet_in_F_major","pianocore:Haydn,_Joseph/12_Minuets,_Hob.IX:8/12._Minuet_in_F_major",Aria_683059_0,343,0.8448275862068966,0.49182010410044513,85.0,406
"pianocore:Haydn,_Joseph/12_Minuets,_Hob.IX:8/12._Minuet_in_F_major",PianoCoRe_158407,Aria_734772_0,Aria-MIDI,Aria-AMT,"Haydn,_Joseph/12_Minuets,_Hob.IX:8/12._Minuet_in_F_major/score_PDMX_refined.mid",pianocore_Haydn__Joseph_12_Minuets__Hob.IX_8_12._Minuet_in_F_major__PianoCoRe_158407,real,"pianocore:Haydn,_Joseph/12_Minuets,_Hob.IX:8/12._Minuet_in_F_major","pianocore:Haydn,_Joseph/12_Minuets,_Hob.IX:8/12._Minuet_in_F_major",Aria_734772_0,375,0.9236453201970444,0.5553125683905095,50.0,406
"pianocore:Haydn,_Joseph/12_Minuets,_Hob.IX:8/12._Minuet_in_F_major",PianoCoRe_158408,Aria_762615_0,Aria-MIDI,Aria-AMT,"Haydn,_Joseph/12_Minuets,_Hob.IX:8/12._Minuet_in_F_major/score_PDMX_refined.mid",pianocore_Haydn__Joseph_12_Minuets__Hob.IX_8_12._Minuet_in_F_major__PianoCoRe_158408,real,"pianocore:Haydn,_Joseph/12_Minuets,_Hob.IX:8/12._Minuet_in_F_major","pianocore:Haydn,_Joseph/12_Minuets,_Hob.IX:8/12._Minuet_in_F_major",Aria_762615_0,355,0.874384236453202,0.45623881855001186,70.0,406
"pianocore:Haydn,_Joseph/12_Minuets,_Hob.IX:8/12._Minuet_in_F_major",PianoCoRe_158409,Aria_763816_0,Aria-MIDI,Aria-AMT,"Haydn,_Joseph/12_Minuets,_Hob.IX:8/12._Minuet_in_F_major/score_PDMX_refined.mid",pianocore_Haydn__Joseph_12_Minuets__Hob.IX_8_12._Minuet_in_F_major__PianoCoRe_158409,real,"pianocore:Haydn,_Joseph/12_Minuets,_Hob.IX:8/12._Minuet_in_F_major","pianocore:Haydn,_Joseph/12_Minuets,_Hob.IX:8/12._Minuet_in_F_major",Aria_763816_0,332,0.8177339901477833,0.9830215729908289,35.0,406
"pianocore:Haydn,_Joseph/12_Minuets,_Hob.IX:8/12._Minuet_in_F_major",PianoCoRe_158410,Aria_791552_0,Aria-MIDI,Aria-AMT,"Haydn,_Joseph/12_Minuets,_Hob.IX:8/12._Minuet_in_F_major/score_PDMX_refined.mid",pianocore_Haydn__Joseph_12_Minuets__Hob.IX_8_12._Minuet_in_F_major__PianoCoRe_158410,real,"pianocore:Haydn,_Joseph/12_Minuets,_Hob.IX:8/12._Minuet_in_F_major","pianocore:Haydn,_Joseph/12_Minuets,_Hob.IX:8/12._Minuet_in_F_major",Aria_791552_0,342,0.8423645320197044,0.535716462036798,40.0,406
"pianocore:Haydn,_Joseph/12_Minuets,_Hob.IX:8/12._Minuet_in_F_major",PianoCoRe_158411,Aria_817926_0,Aria-MIDI,Aria-AMT,"Haydn,_Joseph/12_Minuets,_Hob.IX:8/12._Minuet_in_F_major/score_PDMX_refined.mid",pianocore_Haydn__Joseph_12_Minuets__Hob.IX_8_12._Minuet_in_F_major__PianoCoRe_158411,real,"pianocore:Haydn,_Joseph/12_Minuets,_Hob.IX:8/12._Minuet_in_F_major","pianocore:Haydn,_Joseph/12_Minuets,_Hob.IX:8/12._Minuet_in_F_major",Aria_817926_0,342,0.8423645320197044,0.4052211504570799,70.0,406
"pianocore:Haydn,_Joseph/12_Minuets,_Hob.IX:8/12._Minuet_in_F_major",PianoCoRe_158412,Aria_863134_0,Aria-MIDI,Aria-AMT,"Haydn,_Joseph/12_Minuets,_Hob.IX:8/12._Minuet_in_F_major/score_PDMX_refined.mid",pianocore_Haydn__Joseph_12_Minuets__Hob.IX_8_12._Minuet_in_F_major__PianoCoRe_158412,real,"pianocore:Haydn,_Joseph/12_Minuets,_Hob.IX:8/12._Minuet_in_F_major","pianocore:Haydn,_Joseph/12_Minuets,_Hob.IX:8/12._Minuet_in_F_major",Aria_863134_0,342,0.8423645320197044,0.6094908693574009,65.0,406
"pianocore:Haydn,_Joseph/12_Minuets,_Hob.IX:8/12._Minuet_in_F_major",PianoCoRe_158413,Aria_871948_0,Aria-MIDI,Aria-AMT,"Haydn,_Joseph/12_Minuets,_Hob.IX:8/12._Minuet_in_F_major/score_PDMX_refined.mid",pianocore_Haydn__Joseph_12_Minuets__Hob.IX_8_12._Minuet_in_F_major__PianoCoRe_158413,real,"pianocore:Haydn,_Joseph/12_Minuets,_Hob.IX:8/12._Minuet_in_F_major","pianocore:Haydn,_Joseph/12_Minuets,_Hob.IX:8/12._Minuet_in_F_major",Aria_871948_0,344,0.8472906403940886,0.5679502397916586,60.0,406
"pianocore:Haydn,_Joseph/12_Minuets,_Hob.IX:8/12._Minuet_in_F_major",PianoCoRe_158414,Aria_919807_0,Aria-MIDI,Aria-AMT,"Haydn,_Joseph/12_Minuets,_Hob.IX:8/12._Minuet_in_F_major/score_PDMX_refined.mid",pianocore_Haydn__Joseph_12_Minuets__Hob.IX_8_12._Minuet_in_F_major__PianoCoRe_158414,real,"pianocore:Haydn,_Joseph/12_Minuets,_Hob.IX:8/12._Minuet_in_F_major","pianocore:Haydn,_Joseph/12_Minuets,_Hob.IX:8/12._Minuet_in_F_major",Aria_919807_0,341,0.8399014778325123,0.4864206465696826,65.0,406
"pianocore:Haydn,_Joseph/12_Minuets,_Hob.IX:8/12._Minuet_in_F_major",PianoCoRe_158415,Aria_932659_0,Aria-MIDI,Aria-AMT,"Haydn,_Joseph/12_Minuets,_Hob.IX:8/12._Minuet_in_F_major/score_PDMX_refined.mid",pianocore_Haydn__Joseph_12_Minuets__Hob.IX_8_12._Minuet_in_F_major__PianoCoRe_158415,real,"pianocore:Haydn,_Joseph/12_Minuets,_Hob.IX:8/12._Minuet_in_F_major","pianocore:Haydn,_Joseph/12_Minuets,_Hob.IX:8/12._Minuet_in_F_major",Aria_932659_0,340,0.8374384236453202,0.7276629470941685,50.0,406
"pianocore:Haydn,_Joseph/Flötenuhr_in_C_major,_Hob.XIX:8",PianoCoRe_158500,Aria_040602_0,Aria-MIDI,Aria-AMT,"Haydn,_Joseph/Flötenuhr_in_C_major,_Hob.XIX:8/score_PDMX_refined.mid",pianocore_Haydn__Joseph_Flötenuhr_in_C_major__Hob.XIX_8__PianoCoRe_158500,real,"pianocore:Haydn,_Joseph/Flötenuhr_in_C_major,_Hob.XIX:8","pianocore:Haydn,_Joseph/Flötenuhr_in_C_major,_Hob.XIX:8",Aria_040602_0,1735,0.9824462061155153,0.6795907180973713,65.0,1762
"pianocore:Haydn,_Joseph/Flötenuhr_in_C_major,_Hob.XIX:8",PianoCoRe_158501,Aria_049147_0,Aria-MIDI,Aria-AMT,"Haydn,_Joseph/Flötenuhr_in_C_major,_Hob.XIX:8/score_PDMX_refined.mid",pianocore_Haydn__Joseph_Flötenuhr_in_C_major__Hob.XIX_8__PianoCoRe_158501,real,"pianocore:Haydn,_Joseph/Flötenuhr_in_C_major,_Hob.XIX:8","pianocore:Haydn,_Joseph/Flötenuhr_in_C_major,_Hob.XIX:8",Aria_049147_0,1731,0.9801812004530012,0.7635276027963783,60.0,1762
"pianocore:Haydn,_Joseph/Flötenuhr_in_C_major,_Hob.XIX:8",PianoCoRe_158502,Aria_052347_0,Aria-MIDI,Aria-AMT,"Haydn,_Joseph/Flötenuhr_in_C_major,_Hob.XIX:8/score_PDMX_refined.mid",pianocore_Haydn__Joseph_Flötenuhr_in_C_major__Hob.XIX_8__PianoCoRe_158502,real,"pianocore:Haydn,_Joseph/Flötenuhr_in_C_major,_Hob.XIX:8","pianocore:Haydn,_Joseph/Flötenuhr_in_C_major,_Hob.XIX:8",Aria_052347_0,1721,0.9745186862967158,0.7479779121850736,65.0,1762
"pianocore:Haydn,_Joseph/Flötenuhr_in_C_major,_Hob.XIX:8",PianoCoRe_158503,Aria_078052_0,Aria-MIDI,Aria-AMT,"Haydn,_Joseph/Flötenuhr_in_C_major,_Hob.XIX:8/score_PDMX_refined.mid",pianocore_Haydn__Joseph_Flötenuhr_in_C_major__Hob.XIX_8__PianoCoRe_158503,real,"pianocore:Haydn,_Joseph/Flötenuhr_in_C_major,_Hob.XIX:8","pianocore:Haydn,_Joseph/Flötenuhr_in_C_major,_Hob.XIX:8",Aria_078052_0,1742,0.986409966024915,0.7134336859102938,65.0,1762
"pianocore:Haydn,_Joseph/Flötenuhr_in_C_major,_Hob.XIX:8",PianoCoRe_158504,Aria_086569_0,Aria-MIDI,Aria-AMT,"Haydn,_Joseph/Flötenuhr_in_C_major,_Hob.XIX:8/score_PDMX_refined.mid",pianocore_Haydn__Joseph_Flötenuhr_in_C_major__Hob.XIX_8__PianoCoRe_158504,real,"pianocore:Haydn,_Joseph/Flötenuhr_in_C_major,_Hob.XIX:8","pianocore:Haydn,_Joseph/Flötenuhr_in_C_major,_Hob.XIX:8",Aria_086569_0,1700,0.9626274065685164,0.7005037731614348,60.0,1762
"pianocore:Haydn,_Joseph/Flötenuhr_in_C_major,_Hob.XIX:8",PianoCoRe_158505,Aria_105070_0,Aria-MIDI,Aria-AMT,"Haydn,_Joseph/Flötenuhr_in_C_major,_Hob.XIX:8/score_PDMX_refined.mid",pianocore_Haydn__Joseph_Flötenuhr_in_C_major__Hob.XIX_8__PianoCoRe_158505,real,"pianocore:Haydn,_Joseph/Flötenuhr_in_C_major,_Hob.XIX:8","pianocore:Haydn,_Joseph/Flötenuhr_in_C_major,_Hob.XIX:8",Aria_105070_0,1746,0.9886749716874292,0.7110718850522868,50.0,1762
"pianocore:Haydn,_Joseph/Flötenuhr_in_C_major,_Hob.XIX:8",PianoCoRe_158508,Aria_290483_0,Aria-MIDI,Aria-AMT,"Haydn,_Joseph/Flötenuhr_in_C_major,_Hob.XIX:8/score_PDMX_refined.mid",pianocore_Haydn__Joseph_Flötenuhr_in_C_major__Hob.XIX_8__PianoCoRe_158508,real,"pianocore:Haydn,_Joseph/Flötenuhr_in_C_major,_Hob.XIX:8","pianocore:Haydn,_Joseph/Flötenuhr_in_C_major,_Hob.XIX:8",Aria_290483_0,1741,0.9858437146092865,0.9123083394444964,75.0,1762
"pianocore:Haydn,_Joseph/Flötenuhr_in_C_major,_Hob.XIX:8",PianoCoRe_158509,Aria_386561_0,Aria-MIDI,Aria-AMT,"Haydn,_Joseph/Flötenuhr_in_C_major,_Hob.XIX:8/score_PDMX_refined.mid",pianocore_Haydn__Joseph_Flötenuhr_in_C_major__Hob.XIX_8__PianoCoRe_158509,real,"pianocore:Haydn,_Joseph/Flötenuhr_in_C_major,_Hob.XIX:8","pianocore:Haydn,_Joseph/Flötenuhr_in_C_major,_Hob.XIX:8",Aria_386561_0,1437,0.8137032842582106,0.7168343453510909,50.0,1762
"pianocore:Haydn,_Joseph/Flötenuhr_in_C_major,_Hob.XIX:8",PianoCoRe_158510,Aria_446747_0,Aria-MIDI,Aria-AMT,"Haydn,_Joseph/Flötenuhr_in_C_major,_Hob.XIX:8/score_PDMX_refined.mid",pianocore_Haydn__Joseph_Flötenuhr_in_C_major__Hob.XIX_8__PianoCoRe_158510,real,"pianocore:Haydn,_Joseph/Flötenuhr_in_C_major,_Hob.XIX:8","pianocore:Haydn,_Joseph/Flötenuhr_in_C_major,_Hob.XIX:8",Aria_446747_0,1732,0.9807474518686297,0.766679421301441,70.0,1762
"pianocore:Haydn,_Joseph/Flötenuhr_in_C_major,_Hob.XIX:8",PianoCoRe_158512,Aria_486405_0,Aria-MIDI,Aria-AMT,"Haydn,_Joseph/Flötenuhr_in_C_major,_Hob.XIX:8/score_PDMX_refined.mid",pianocore_Haydn__Joseph_Flötenuhr_in_C_major__Hob.XIX_8__PianoCoRe_158512,real,"pianocore:Haydn,_Joseph/Flötenuhr_in_C_major,_Hob.XIX:8","pianocore:Haydn,_Joseph/Flötenuhr_in_C_major,_Hob.XIX:8",Aria_486405_0,1729,0.9790486976217441,0.7478195589815962,60.0,1762
"pianocore:Haydn,_Joseph/Flötenuhr_in_C_major,_Hob.XIX:8",PianoCoRe_158515,Aria_597795_0,Aria-MIDI,Aria-AMT,"Haydn,_Joseph/Flötenuhr_in_C_major,_Hob.XIX:8/score_PDMX_refined.mid",pianocore_Haydn__Joseph_Flötenuhr_in_C_major__Hob.XIX_8__PianoCoRe_158515,real,"pianocore:Haydn,_Joseph/Flötenuhr_in_C_major,_Hob.XIX:8","pianocore:Haydn,_Joseph/Flötenuhr_in_C_major,_Hob.XIX:8",Aria_597795_0,1717,0.9722536806342016,0.6963757974349618,55.0,1762
"pianocore:Haydn,_Joseph/Flötenuhr_in_C_major,_Hob.XIX:8",PianoCoRe_158516,Aria_611170_0,Aria-MIDI,Aria-AMT,"Haydn,_Joseph/Flötenuhr_in_C_major,_Hob.XIX:8/score_PDMX_refined.mid",pianocore_Haydn__Joseph_Flötenuhr_in_C_major__Hob.XIX_8__PianoCoRe_158516,real,"pianocore:Haydn,_Joseph/Flötenuhr_in_C_major,_Hob.XIX:8","pianocore:Haydn,_Joseph/Flötenuhr_in_C_major,_Hob.XIX:8",Aria_611170_0,1736,0.9830124575311439,0.7714597389117704,65.0,1762
"pianocore:Haydn,_Joseph/Flötenuhr_in_C_major,_Hob.XIX:8",PianoCoRe_158517,Aria_630524_0,Aria-MIDI,Aria-AMT,"Haydn,_Joseph/Flötenuhr_in_C_major,_Hob.XIX:8/score_PDMX_refined.mid",pianocore_Haydn__Joseph_Flötenuhr_in_C_major__Hob.XIX_8__PianoCoRe_158517,real,"pianocore:Haydn,_Joseph/Flötenuhr_in_C_major,_Hob.XIX:8","pianocore:Haydn,_Joseph/Flötenuhr_in_C_major,_Hob.XIX:8",Aria_630524_0,1739,0.9847112117780294,0.6990143587178158,70.0,1762
"pianocore:Haydn,_Joseph/Flötenuhr_in_C_major,_Hob.XIX:8",PianoCoRe_158518,Aria_680934_0,Aria-MIDI,Aria-AMT,"Haydn,_Joseph/Flötenuhr_in_C_major,_Hob.XIX:8/score_PDMX_refined.mid",pianocore_Haydn__Joseph_Flötenuhr_in_C_major__Hob.XIX_8__PianoCoRe_158518,real,"pianocore:Haydn,_Joseph/Flötenuhr_in_C_major,_Hob.XIX:8","pianocore:Haydn,_Joseph/Flötenuhr_in_C_major,_Hob.XIX:8",Aria_680934_0,1430,0.8097395243488109,0.6697957909378035,65.0,1762
"pianocore:Haydn,_Joseph/Flötenuhr_in_C_major,_Hob.XIX:8",PianoCoRe_158519,Aria_706989_0,Aria-MIDI,Aria-AMT,"Haydn,_Joseph/Flötenuhr_in_C_major,_Hob.XIX:8/score_PDMX_refined.mid",pianocore_Haydn__Joseph_Flötenuhr_in_C_major__Hob.XIX_8__PianoCoRe_158519,real,"pianocore:Haydn,_Joseph/Flötenuhr_in_C_major,_Hob.XIX:8","pianocore:Haydn,_Joseph/Flötenuhr_in_C_major,_Hob.XIX:8",Aria_706989_0,1738,0.984144960362401,0.6619882220044386,70.0,1762
"pianocore:Haydn,_Joseph/Flötenuhr_in_C_major,_Hob.XIX:8",PianoCoRe_158521,Aria_712902_0,Aria-MIDI,Aria-AMT,"Haydn,_Joseph/Flötenuhr_in_C_major,_Hob.XIX:8/score_PDMX_refined.mid",pianocore_Haydn__Joseph_Flötenuhr_in_C_major__Hob.XIX_8__PianoCoRe_158521,real,"pianocore:Haydn,_Joseph/Flötenuhr_in_C_major,_Hob.XIX:8","pianocore:Haydn,_Joseph/Flötenuhr_in_C_major,_Hob.XIX:8",Aria_712902_0,1737,0.9835787089467724,0.8448595235856793,45.0,1762
"pianocore:Haydn,_Joseph/Flötenuhr_in_C_major,_Hob.XIX:8",PianoCoRe_158522,Aria_799679_0,Aria-MIDI,Aria-AMT,"Haydn,_Joseph/Flötenuhr_in_C_major,_Hob.XIX:8/score_PDMX_refined.mid",pianocore_Haydn__Joseph_Flötenuhr_in_C_major__Hob.XIX_8__PianoCoRe_158522,real,"pianocore:Haydn,_Joseph/Flötenuhr_in_C_major,_Hob.XIX:8","pianocore:Haydn,_Joseph/Flötenuhr_in_C_major,_Hob.XIX:8",Aria_799679_0,1661,0.9405436013590034,0.9193617105647303,70.0,1762
"pianocore:Haydn,_Joseph/Flötenuhr_in_C_major,_Hob.XIX:8",PianoCoRe_158523,Aria_810064_0,Aria-MIDI,Aria-AMT,"Haydn,_Joseph/Flötenuhr_in_C_major,_Hob.XIX:8/score_PDMX_refined.mid",pianocore_Haydn__Joseph_Flötenuhr_in_C_major__Hob.XIX_8__PianoCoRe_158523,real,"pianocore:Haydn,_Joseph/Flötenuhr_in_C_major,_Hob.XIX:8","pianocore:Haydn,_Joseph/Flötenuhr_in_C_major,_Hob.XIX:8",Aria_810064_0,1439,0.8148357870894677,0.6670889669713091,65.0,1762
"pianocore:Haydn,_Joseph/Flötenuhr_in_C_major,_Hob.XIX:8",PianoCoRe_158524,Aria_856763_0,Aria-MIDI,Aria-AMT,"Haydn,_Joseph/Flötenuhr_in_C_major,_Hob.XIX:8/score_PDMX_refined.mid",pianocore_Haydn__Joseph_Flötenuhr_in_C_major__Hob.XIX_8__PianoCoRe_158524,real,"pianocore:Haydn,_Joseph/Flötenuhr_in_C_major,_Hob.XIX:8","pianocore:Haydn,_Joseph/Flötenuhr_in_C_major,_Hob.XIX:8",Aria_856763_0,1729,0.9790486976217441,0.8619094602262914,60.0,1762
"pianocore:Haydn,_Joseph/Flötenuhr_in_C_major,_Hob.XIX:8",PianoCoRe_158527,Aria_926884_0,Aria-MIDI,Aria-AMT,"Haydn,_Joseph/Flötenuhr_in_C_major,_Hob.XIX:8/score_PDMX_refined.mid",pianocore_Haydn__Joseph_Flötenuhr_in_C_major__Hob.XIX_8__PianoCoRe_158527,real,"pianocore:Haydn,_Joseph/Flötenuhr_in_C_major,_Hob.XIX:8","pianocore:Haydn,_Joseph/Flötenuhr_in_C_major,_Hob.XIX:8",Aria_926884_0,1737,0.9835787089467724,0.7435862120164878,70.0,1762
"pianocore:Haydn,_Joseph/Flötenuhr_in_C_major,_Hob.XIX:8",PianoCoRe_158528,Aria_928967_0,Aria-MIDI,Aria-AMT,"Haydn,_Joseph/Flötenuhr_in_C_major,_Hob.XIX:8/score_PDMX_refined.mid",pianocore_Haydn__Joseph_Flötenuhr_in_C_major__Hob.XIX_8__PianoCoRe_158528,real,"pianocore:Haydn,_Joseph/Flötenuhr_in_C_major,_Hob.XIX:8","pianocore:Haydn,_Joseph/Flötenuhr_in_C_major,_Hob.XIX:8",Aria_928967_0,1724,0.9762174405436014,0.6682685286614591,60.0,1762
"pianocore:Rameau,_Jean-Philippe/Suite_in_E_minor,_RCT_2/8._Tambourin",PianoCoRe_206657,Aria_016403_0,Aria-MIDI,Aria-AMT,"Rameau,_Jean-Philippe/Suite_in_E_minor,_RCT_2/8._Tambourin/score_PDMX_refined.mid",pianocore_Rameau__Jean-Philippe_Suite_in_E_minor__RCT_2_8._Tambourin__PianoCoRe_206657,real,"pianocore:Rameau,_Jean-Philippe/Suite_in_E_minor,_RCT_2/8._Tambourin","pianocore:Rameau,_Jean-Philippe/Suite_in_E_minor,_RCT_2",Aria_016403_0,562,0.9911816578483245,0.33228759631557625,75.0,567
"pianocore:Rameau,_Jean-Philippe/Suite_in_E_minor,_RCT_2/8._Tambourin",PianoCoRe_206658,Aria_042430_0,Aria-MIDI,Aria-AMT,"Rameau,_Jean-Philippe/Suite_in_E_minor,_RCT_2/8._Tambourin/score_PDMX_refined.mid",pianocore_Rameau__Jean-Philippe_Suite_in_E_minor__RCT_2_8._Tambourin__PianoCoRe_206658,real,"pianocore:Rameau,_Jean-Philippe/Suite_in_E_minor,_RCT_2/8._Tambourin","pianocore:Rameau,_Jean-Philippe/Suite_in_E_minor,_RCT_2",Aria_042430_0,522,0.9206349206349206,0.33111551533820593,50.0,567
"pianocore:Rameau,_Jean-Philippe/Suite_in_E_minor,_RCT_2/8._Tambourin",PianoCoRe_206659,Aria_045961_0,Aria-MIDI,Aria-AMT,"Rameau,_Jean-Philippe/Suite_in_E_minor,_RCT_2/8._Tambourin/score_PDMX_refined.mid",pianocore_Rameau__Jean-Philippe_Suite_in_E_minor__RCT_2_8._Tambourin__PianoCoRe_206659,real,"pianocore:Rameau,_Jean-Philippe/Suite_in_E_minor,_RCT_2/8._Tambourin","pianocore:Rameau,_Jean-Philippe/Suite_in_E_minor,_RCT_2",Aria_045961_0,564,0.9947089947089947,0.33583199593356045,75.0,567
"pianocore:Rameau,_Jean-Philippe/Suite_in_E_minor,_RCT_2/8._Tambourin",PianoCoRe_206660,Aria_073409_0,Aria-MIDI,Aria-AMT,"Rameau,_Jean-Philippe/Suite_in_E_minor,_RCT_2/8._Tambourin/score_PDMX_refined.mid",pianocore_Rameau__Jean-Philippe_Suite_in_E_minor__RCT_2_8._Tambourin__PianoCoRe_206660,real,"pianocore:Rameau,_Jean-Philippe/Suite_in_E_minor,_RCT_2/8._Tambourin","pianocore:Rameau,_Jean-Philippe/Suite_in_E_minor,_RCT_2",Aria_073409_0,566,0.9982363315696648,0.24311505350025348,70.0,567
"pianocore:Rameau,_Jean-Philippe/Suite_in_E_minor,_RCT_2/8._Tambourin",PianoCoRe_206661,Aria_082176_0,Aria-MIDI,Aria-AMT,"Rameau,_Jean-Philippe/Suite_in_E_minor,_RCT_2/8._Tambourin/score_PDMX_refined.mid",pianocore_Rameau__Jean-Philippe_Suite_in_E_minor__RCT_2_8._Tambourin__PianoCoRe_206661,real,"pianocore:Rameau,_Jean-Philippe/Suite_in_E_minor,_RCT_2/8._Tambourin","pianocore:Rameau,_Jean-Philippe/Suite_in_E_minor,_RCT_2",Aria_082176_0,567,1.0,0.39278347368867783,60.0,567
"pianocore:Rameau,_Jean-Philippe/Suite_in_E_minor,_RCT_2/8._Tambourin",PianoCoRe_206662,Aria_083712_0,Aria-MIDI,Aria-AMT,"Rameau,_Jean-Philippe/Suite_in_E_minor,_RCT_2/8._Tambourin/score_PDMX_refined.mid",pianocore_Rameau__Jean-Philippe_Suite_in_E_minor__RCT_2_8._Tambourin__PianoCoRe_206662,real,"pianocore:Rameau,_Jean-Philippe/Suite_in_E_minor,_RCT_2/8._Tambourin","pianocore:Rameau,_Jean-Philippe/Suite_in_E_minor,_RCT_2",Aria_083712_0,560,0.9876543209876543,0.29414423081924657,65.0,567
"pianocore:Rameau,_Jean-Philippe/Suite_in_E_minor,_RCT_2/8._Tambourin",PianoCoRe_206664,Aria_111900_0,Aria-MIDI,Aria-AMT,"Rameau,_Jean-Philippe/Suite_in_E_minor,_RCT_2/8._Tambourin/score_PDMX_refined.mid",pianocore_Rameau__Jean-Philippe_Suite_in_E_minor__RCT_2_8._Tambourin__PianoCoRe_206664,real,"pianocore:Rameau,_Jean-Philippe/Suite_in_E_minor,_RCT_2/8._Tambourin","pianocore:Rameau,_Jean-Philippe/Suite_in_E_minor,_RCT_2",Aria_111900_0,557,0.982363315696649,0.30604001595281366,65.0,567
"pianocore:Rameau,_Jean-Philippe/Suite_in_E_minor,_RCT_2/8._Tambourin",PianoCoRe_206665,Aria_126247_0,Aria-MIDI,Aria-AMT,"Rameau,_Jean-Philippe/Suite_in_E_minor,_RCT_2/8._Tambourin/score_PDMX_refined.mid",pianocore_Rameau__Jean-Philippe_Suite_in_E_minor__RCT_2_8._Tambourin__PianoCoRe_206665,real,"pianocore:Rameau,_Jean-Philippe/Suite_in_E_minor,_RCT_2/8._Tambourin","pianocore:Rameau,_Jean-Philippe/Suite_in_E_minor,_RCT_2",Aria_126247_0,533,0.9400352733686067,0.4324447424291528,70.0,567
"pianocore:Rameau,_Jean-Philippe/Suite_in_E_minor,_RCT_2/8._Tambourin",PianoCoRe_206666,Aria_131935_0,Aria-MIDI,Aria-AMT,"Rameau,_Jean-Philippe/Suite_in_E_minor,_RCT_2/8._Tambourin/score_PDMX_refined.mid",pianocore_Rameau__Jean-Philippe_Suite_in_E_minor__RCT_2_8._Tambourin__PianoCoRe_206666,real,"pianocore:Rameau,_Jean-Philippe/Suite_in_E_minor,_RCT_2/8._Tambourin","pianocore:Rameau,_Jean-Philippe/Suite_in_E_minor,_RCT_2",Aria_131935_0,551,0.9717813051146384,0.33445067021210845,65.0,567
"pianocore:Rameau,_Jean-Philippe/Suite_in_E_minor,_RCT_2/8._Tambourin",PianoCoRe_206667,Aria_153193_0,Aria-MIDI,Aria-AMT,"Rameau,_Jean-Philippe/Suite_in_E_minor,_RCT_2/8._Tambourin/score_PDMX_refined.mid",pianocore_Rameau__Jean-Philippe_Suite_in_E_minor__RCT_2_8._Tambourin__PianoCoRe_206667,real,"pianocore:Rameau,_Jean-Philippe/Suite_in_E_minor,_RCT_2/8._Tambourin","pianocore:Rameau,_Jean-Philippe/Suite_in_E_minor,_RCT_2",Aria_153193_0,557,0.982363315696649,0.27277546619212767,45.0,567
"pianocore:Rameau,_Jean-Philippe/Suite_in_E_minor,_RCT_2/8._Tambourin",PianoCoRe_206669,Aria_298959_0,Aria-MIDI,Aria-AMT,"Rameau,_Jean-Philippe/Suite_in_E_minor,_RCT_2/8._Tambourin/score_PDMX_refined.mid",pianocore_Rameau__Jean-Philippe_Suite_in_E_minor__RCT_2_8._Tambourin__PianoCoRe_206669,real,"pianocore:Rameau,_Jean-Philippe/Suite_in_E_minor,_RCT_2/8._Tambourin","pianocore:Rameau,_Jean-Philippe/Suite_in_E_minor,_RCT_2",Aria_298959_0,507,0.8941798941798942,0.44110313611008106,65.0,567
"pianocore:Rameau,_Jean-Philippe/Suite_in_E_minor,_RCT_2/8._Tambourin",PianoCoRe_206670,Aria_341168_0,Aria-MIDI,Aria-AMT,"Rameau,_Jean-Philippe/Suite_in_E_minor,_RCT_2/8._Tambourin/score_PDMX_refined.mid",pianocore_Rameau__Jean-Philippe_Suite_in_E_minor__RCT_2_8._Tambourin__PianoCoRe_206670,real,"pianocore:Rameau,_Jean-Philippe/Suite_in_E_minor,_RCT_2/8._Tambourin","pianocore:Rameau,_Jean-Philippe/Suite_in_E_minor,_RCT_2",Aria_341168_0,551,0.9717813051146384,0.37389877844724156,70.0,567
"pianocore:Rameau,_Jean-Philippe/Suite_in_E_minor,_RCT_2/8._Tambourin",PianoCoRe_206671,Aria_347498_0,Aria-MIDI,Aria-AMT,"Rameau,_Jean-Philippe/Suite_in_E_minor,_RCT_2/8._Tambourin/score_PDMX_refined.mid",pianocore_Rameau__Jean-Philippe_Suite_in_E_minor__RCT_2_8._Tambourin__PianoCoRe_206671,real,"pianocore:Rameau,_Jean-Philippe/Suite_in_E_minor,_RCT_2/8._Tambourin","pianocore:Rameau,_Jean-Philippe/Suite_in_E_minor,_RCT_2",Aria_347498_0,562,0.9911816578483245,0.29925923753192135,70.0,567
"pianocore:Rameau,_Jean-Philippe/Suite_in_E_minor,_RCT_2/8._Tambourin",PianoCoRe_206672,Aria_367067_0,Aria-MIDI,Aria-AMT,"Rameau,_Jean-Philippe/Suite_in_E_minor,_RCT_2/8._Tambourin/score_PDMX_refined.mid",pianocore_Rameau__Jean-Philippe_Suite_in_E_minor__RCT_2_8._Tambourin__PianoCoRe_206672,real,"pianocore:Rameau,_Jean-Philippe/Suite_in_E_minor,_RCT_2/8._Tambourin","pianocore:Rameau,_Jean-Philippe/Suite_in_E_minor,_RCT_2",Aria_367067_0,558,0.9841269841269841,0.2602116486225698,70.0,567
"pianocore:Rameau,_Jean-Philippe/Suite_in_E_minor,_RCT_2/8._Tambourin",PianoCoRe_206673,Aria_459464_0,Aria-MIDI,Aria-AMT,"Rameau,_Jean-Philippe/Suite_in_E_minor,_RCT_2/8._Tambourin/score_PDMX_refined.mid",pianocore_Rameau__Jean-Philippe_Suite_in_E_minor__RCT_2_8._Tambourin__PianoCoRe_206673,real,"pianocore:Rameau,_Jean-Philippe/Suite_in_E_minor,_RCT_2/8._Tambourin","pianocore:Rameau,_Jean-Philippe/Suite_in_E_minor,_RCT_2",Aria_459464_0,550,0.9700176366843033,0.34493872997810066,85.0,567
"pianocore:Rameau,_Jean-Philippe/Suite_in_E_minor,_RCT_2/8._Tambourin",PianoCoRe_206674,Aria_469613_0,Aria-MIDI,Aria-AMT,"Rameau,_Jean-Philippe/Suite_in_E_minor,_RCT_2/8._Tambourin/score_PDMX_refined.mid",pianocore_Rameau__Jean-Philippe_Suite_in_E_minor__RCT_2_8._Tambourin__PianoCoRe_206674,real,"pianocore:Rameau,_Jean-Philippe/Suite_in_E_minor,_RCT_2/8._Tambourin","pianocore:Rameau,_Jean-Philippe/Suite_in_E_minor,_RCT_2",Aria_469613_0,564,0.9947089947089947,0.3327121790874775,70.0,567
"pianocore:Rameau,_Jean-Philippe/Suite_in_E_minor,_RCT_2/8._Tambourin",PianoCoRe_206676,Aria_476172_0,Aria-MIDI,Aria-AMT,"Rameau,_Jean-Philippe/Suite_in_E_minor,_RCT_2/8._Tambourin/score_PDMX_refined.mid",pianocore_Rameau__Jean-Philippe_Suite_in_E_minor__RCT_2_8._Tambourin__PianoCoRe_206676,real,"pianocore:Rameau,_Jean-Philippe/Suite_in_E_minor,_RCT_2/8._Tambourin","pianocore:Rameau,_Jean-Philippe/Suite_in_E_minor,_RCT_2",Aria_476172_0,558,0.9841269841269841,0.277891694541821,70.0,567
"pianocore:Rameau,_Jean-Philippe/Suite_in_E_minor,_RCT_2/8._Tambourin",PianoCoRe_206677,Aria_569521_0,Aria-MIDI,Aria-AMT,"Rameau,_Jean-Philippe/Suite_in_E_minor,_RCT_2/8._Tambourin/score_PDMX_refined.mid",pianocore_Rameau__Jean-Philippe_Suite_in_E_minor__RCT_2_8._Tambourin__PianoCoRe_206677,real,"pianocore:Rameau,_Jean-Philippe/Suite_in_E_minor,_RCT_2/8._Tambourin","pianocore:Rameau,_Jean-Philippe/Suite_in_E_minor,_RCT_2",Aria_569521_0,546,0.9629629629629629,0.3317390970141875,70.0,567
"pianocore:Rameau,_Jean-Philippe/Suite_in_E_minor,_RCT_2/8._Tambourin",PianoCoRe_206678,Aria_577065_0,Aria-MIDI,Aria-AMT,"Rameau,_Jean-Philippe/Suite_in_E_minor,_RCT_2/8._Tambourin/score_PDMX_refined.mid",pianocore_Rameau__Jean-Philippe_Suite_in_E_minor__RCT_2_8._Tambourin__PianoCoRe_206678,real,"pianocore:Rameau,_Jean-Philippe/Suite_in_E_minor,_RCT_2/8._Tambourin","pianocore:Rameau,_Jean-Philippe/Suite_in_E_minor,_RCT_2",Aria_577065_0,561,0.9894179894179894,0.25874107700170446,70.0,567
"pianocore:Rameau,_Jean-Philippe/Suite_in_E_minor,_RCT_2/8._Tambourin",PianoCoRe_206679,Aria_590997_0,Aria-MIDI,Aria-AMT,"Rameau,_Jean-Philippe/Suite_in_E_minor,_RCT_2/8._Tambourin/score_PDMX_refined.mid",pianocore_Rameau__Jean-Philippe_Suite_in_E_minor__RCT_2_8._Tambourin__PianoCoRe_206679,real,"pianocore:Rameau,_Jean-Philippe/Suite_in_E_minor,_RCT_2/8._Tambourin","pianocore:Rameau,_Jean-Philippe/Suite_in_E_minor,_RCT_2",Aria_590997_0,541,0.9541446208112875,0.4556263635166884,75.0,567
"pianocore:Rameau,_Jean-Philippe/Suite_in_E_minor,_RCT_2/8._Tambourin",PianoCoRe_206680,Aria_594111_0,Aria-MIDI,Aria-AMT,"Rameau,_Jean-Philippe/Suite_in_E_minor,_RCT_2/8._Tambourin/score_PDMX_refined.mid",pianocore_Rameau__Jean-Philippe_Suite_in_E_minor__RCT_2_8._Tambourin__PianoCoRe_206680,real,"pianocore:Rameau,_Jean-Philippe/Suite_in_E_minor,_RCT_2/8._Tambourin","pianocore:Rameau,_Jean-Philippe/Suite_in_E_minor,_RCT_2",Aria_594111_0,557,0.982363315696649,0.33557782104343814,75.0,567
"pianocore:Rameau,_Jean-Philippe/Suite_in_E_minor,_RCT_2/8._Tambourin",PianoCoRe_206681,Aria_654067_0,Aria-MIDI,Aria-AMT,"Rameau,_Jean-Philippe/Suite_in_E_minor,_RCT_2/8._Tambourin/score_PDMX_refined.mid",pianocore_Rameau__Jean-Philippe_Suite_in_E_minor__RCT_2_8._Tambourin__PianoCoRe_206681,real,"pianocore:Rameau,_Jean-Philippe/Suite_in_E_minor,_RCT_2/8._Tambourin","pianocore:Rameau,_Jean-Philippe/Suite_in_E_minor,_RCT_2",Aria_654067_0,540,0.9523809523809523,0.29469915887612896,50.0,567
"pianocore:Rameau,_Jean-Philippe/Suite_in_E_minor,_RCT_2/8._Tambourin",PianoCoRe_206682,Aria_667346_0,Aria-MIDI,Aria-AMT,"Rameau,_Jean-Philippe/Suite_in_E_minor,_RCT_2/8._Tambourin/score_PDMX_refined.mid",pianocore_Rameau__Jean-Philippe_Suite_in_E_minor__RCT_2_8._Tambourin__PianoCoRe_206682,real,"pianocore:Rameau,_Jean-Philippe/Suite_in_E_minor,_RCT_2/8._Tambourin","pianocore:Rameau,_Jean-Philippe/Suite_in_E_minor,_RCT_2",Aria_667346_0,567,1.0,0.32345584554205986,75.0,567
"pianocore:Rameau,_Jean-Philippe/Suite_in_E_minor,_RCT_2/8._Tambourin",PianoCoRe_206683,Aria_747398_0,Aria-MIDI,Aria-AMT,"Rameau,_Jean-Philippe/Suite_in_E_minor,_RCT_2/8._Tambourin/score_PDMX_refined.mid",pianocore_Rameau__Jean-Philippe_Suite_in_E_minor__RCT_2_8._Tambourin__PianoCoRe_206683,real,"pianocore:Rameau,_Jean-Philippe/Suite_in_E_minor,_RCT_2/8._Tambourin","pianocore:Rameau,_Jean-Philippe/Suite_in_E_minor,_RCT_2",Aria_747398_0,545,0.9611992945326279,0.304820561350799,55.0,567
"pianocore:Rameau,_Jean-Philippe/Suite_in_E_minor,_RCT_2/8._Tambourin",PianoCoRe_206684,Aria_750875_0,Aria-MIDI,Aria-AMT,"Rameau,_Jean-Philippe/Suite_in_E_minor,_RCT_2/8._Tambourin/score_PDMX_refined.mid",pianocore_Rameau__Jean-Philippe_Suite_in_E_minor__RCT_2_8._Tambourin__PianoCoRe_206684,real,"pianocore:Rameau,_Jean-Philippe/Suite_in_E_minor,_RCT_2/8._Tambourin","pianocore:Rameau,_Jean-Philippe/Suite_in_E_minor,_RCT_2",Aria_750875_0,529,0.9329805996472663,0.21589078068202264,70.0,567
"pianocore:Rameau,_Jean-Philippe/Suite_in_E_minor,_RCT_2/8._Tambourin",PianoCoRe_206685,Aria_781718_0,Aria-MIDI,Aria-AMT,"Rameau,_Jean-Philippe/Suite_in_E_minor,_RCT_2/8._Tambourin/score_PDMX_refined.mid",pianocore_Rameau__Jean-Philippe_Suite_in_E_minor__RCT_2_8._Tambourin__PianoCoRe_206685,real,"pianocore:Rameau,_Jean-Philippe/Suite_in_E_minor,_RCT_2/8._Tambourin","pianocore:Rameau,_Jean-Philippe/Suite_in_E_minor,_RCT_2",Aria_781718_0,520,0.9171075837742504,0.3803531187665233,85.0,567
"pianocore:Rameau,_Jean-Philippe/Suite_in_E_minor,_RCT_2/8._Tambourin",PianoCoRe_206686,Aria_796673_0,Aria-MIDI,Aria-AMT,"Rameau,_Jean-Philippe/Suite_in_E_minor,_RCT_2/8._Tambourin/score_PDMX_refined.mid",pianocore_Rameau__Jean-Philippe_Suite_in_E_minor__RCT_2_8._Tambourin__PianoCoRe_206686,real,"pianocore:Rameau,_Jean-Philippe/Suite_in_E_minor,_RCT_2/8._Tambourin","pianocore:Rameau,_Jean-Philippe/Suite_in_E_minor,_RCT_2",Aria_796673_0,567,1.0,0.2766859656148812,70.0,567
"pianocore:Rameau,_Jean-Philippe/Suite_in_E_minor,_RCT_2/8._Tambourin",PianoCoRe_206687,Aria_798502_0,Aria-MIDI,Aria-AMT,"Rameau,_Jean-Philippe/Suite_in_E_minor,_RCT_2/8._Tambourin/score_PDMX_refined.mid",pianocore_Rameau__Jean-Philippe_Suite_in_E_minor__RCT_2_8._Tambourin__PianoCoRe_206687,real,"pianocore:Rameau,_Jean-Philippe/Suite_in_E_minor,_RCT_2/8._Tambourin","pianocore:Rameau,_Jean-Philippe/Suite_in_E_minor,_RCT_2",Aria_798502_0,541,0.9541446208112875,0.2743209196555911,70.0,567
"pianocore:Rameau,_Jean-Philippe/Suite_in_E_minor,_RCT_2/8._Tambourin",PianoCoRe_206688,Aria_894695_0,Aria-MIDI,Aria-AMT,"Rameau,_Jean-Philippe/Suite_in_E_minor,_RCT_2/8._Tambourin/score_PDMX_refined.mid",pianocore_Rameau__Jean-Philippe_Suite_in_E_minor__RCT_2_8._Tambourin__PianoCoRe_206688,real,"pianocore:Rameau,_Jean-Philippe/Suite_in_E_minor,_RCT_2/8._Tambourin","pianocore:Rameau,_Jean-Philippe/Suite_in_E_minor,_RCT_2",Aria_894695_0,552,0.9735449735449735,0.2697139730414138,75.0,567
"pianocore:Rameau,_Jean-Philippe/Suite_in_E_minor,_RCT_2/8._Tambourin",PianoCoRe_206689,Aria_899441_0,Aria-MIDI,Aria-AMT,"Rameau,_Jean-Philippe/Suite_in_E_minor,_RCT_2/8._Tambourin/score_PDMX_refined.mid",pianocore_Rameau__Jean-Philippe_Suite_in_E_minor__RCT_2_8._Tambourin__PianoCoRe_206689,real,"pianocore:Rameau,_Jean-Philippe/Suite_in_E_minor,_RCT_2/8._Tambourin","pianocore:Rameau,_Jean-Philippe/Suite_in_E_minor,_RCT_2",Aria_899441_0,559,0.9858906525573192,0.20419650412673693,65.0,567
"pianocore:Ravel,_Maurice/Le_Tombeau_de_Couperin,_M.68",PianoCoRe_208478,Aria_036434_0,Aria-MIDI,Aria-AMT,"Ravel,_Maurice/Le_Tombeau_de_Couperin,_M.68/score_MS_refined.mid",pianocore_Ravel__Maurice_Le_Tombeau_de_Couperin__M.68__PianoCoRe_208478,real,"pianocore:Ravel,_Maurice/Le_Tombeau_de_Couperin,_M.68","pianocore:Ravel,_Maurice/Le_Tombeau_de_Couperin,_M.68",Aria_036434_0,2891,0.8157522885052528,0.6781983812468495,60.0,3001
"pianocore:Ravel,_Maurice/Le_Tombeau_de_Couperin,_M.68",PianoCoRe_208483,Aria_110279_0,Aria-MIDI,Aria-AMT,"Ravel,_Maurice/Le_Tombeau_de_Couperin,_M.68/score_MS_refined.mid",pianocore_Ravel__Maurice_Le_Tombeau_de_Couperin__M.68__PianoCoRe_208483,real,"pianocore:Ravel,_Maurice/Le_Tombeau_de_Couperin,_M.68","pianocore:Ravel,_Maurice/Le_Tombeau_de_Couperin,_M.68",Aria_110279_0,2876,0.8426614240953493,0.632784710292729,65.0,3001
"pianocore:Ravel,_Maurice/Le_Tombeau_de_Couperin,_M.68",PianoCoRe_208484,Aria_112202_0,Aria-MIDI,Aria-AMT,"Ravel,_Maurice/Le_Tombeau_de_Couperin,_M.68/score_MS_refined.mid",pianocore_Ravel__Maurice_Le_Tombeau_de_Couperin__M.68__PianoCoRe_208484,real,"pianocore:Ravel,_Maurice/Le_Tombeau_de_Couperin,_M.68","pianocore:Ravel,_Maurice/Le_Tombeau_de_Couperin,_M.68",Aria_112202_0,2908,0.8419856238864656,0.6091607149535646,70.0,3001
"pianocore:Ravel,_Maurice/Le_Tombeau_de_Couperin,_M.68",PianoCoRe_208485,Aria_170977_0,Aria-MIDI,Aria-AMT,"Ravel,_Maurice/Le_Tombeau_de_Couperin,_M.68/score_MS_refined.mid",pianocore_Ravel__Maurice_Le_Tombeau_de_Couperin__M.68__PianoCoRe_208485,real,"pianocore:Ravel,_Maurice/Le_Tombeau_de_Couperin,_M.68","pianocore:Ravel,_Maurice/Le_Tombeau_de_Couperin,_M.68",Aria_170977_0,2916,0.8346132579713706,0.5863109503521826,60.0,3001
"pianocore:Ravel,_Maurice/Le_Tombeau_de_Couperin,_M.68",PianoCoRe_208486,Aria_175539_0,Aria-MIDI,Aria-AMT,"Ravel,_Maurice/Le_Tombeau_de_Couperin,_M.68/score_MS_refined.mid",pianocore_Ravel__Maurice_Le_Tombeau_de_Couperin__M.68__PianoCoRe_208486,real,"pianocore:Ravel,_Maurice/Le_Tombeau_de_Couperin,_M.68","pianocore:Ravel,_Maurice/Le_Tombeau_de_Couperin,_M.68",Aria_175539_0,2828,0.8160594704183818,0.5160616171023747,70.0,3001
"pianocore:Ravel,_Maurice/Le_Tombeau_de_Couperin,_M.68",PianoCoRe_208487,Aria_177939_0,Aria-MIDI,Aria-AMT,"Ravel,_Maurice/Le_Tombeau_de_Couperin,_M.68/score_MS_refined.mid",pianocore_Ravel__Maurice_Le_Tombeau_de_Couperin__M.68__PianoCoRe_208487,real,"pianocore:Ravel,_Maurice/Le_Tombeau_de_Couperin,_M.68","pianocore:Ravel,_Maurice/Le_Tombeau_de_Couperin,_M.68",Aria_177939_0,2859,0.8132948332002212,0.6476067698074139,65.0,3001
"pianocore:Ravel,_Maurice/Le_Tombeau_de_Couperin,_M.68",PianoCoRe_208489,Aria_232976_2,Aria-MIDI,Aria-AMT,"Ravel,_Maurice/Le_Tombeau_de_Couperin,_M.68/score_MS_refined.mid",pianocore_Ravel__Maurice_Le_Tombeau_de_Couperin__M.68__PianoCoRe_208489,real,"pianocore:Ravel,_Maurice/Le_Tombeau_de_Couperin,_M.68","pianocore:Ravel,_Maurice/Le_Tombeau_de_Couperin,_M.68",Aria_232976_2,2828,0.8040793758063525,0.5731683953545951,60.0,3001
"pianocore:Ravel,_Maurice/Le_Tombeau_de_Couperin,_M.68",PianoCoRe_208490,Aria_243720_0,Aria-MIDI,Aria-AMT,"Ravel,_Maurice/Le_Tombeau_de_Couperin,_M.68/score_MS_refined.mid",pianocore_Ravel__Maurice_Le_Tombeau_de_Couperin__M.68__PianoCoRe_208490,real,"pianocore:Ravel,_Maurice/Le_Tombeau_de_Couperin,_M.68","pianocore:Ravel,_Maurice/Le_Tombeau_de_Couperin,_M.68",Aria_243720_0,2872,0.8472077164096578,0.6553580317106973,65.0,3001
"pianocore:Ravel,_Maurice/Le_Tombeau_de_Couperin,_M.68",PianoCoRe_208496,Aria_509874_0,Aria-MIDI,Aria-AMT,"Ravel,_Maurice/Le_Tombeau_de_Couperin,_M.68/score_MS_refined.mid",pianocore_Ravel__Maurice_Le_Tombeau_de_Couperin__M.68__PianoCoRe_208496,real,"pianocore:Ravel,_Maurice/Le_Tombeau_de_Couperin,_M.68","pianocore:Ravel,_Maurice/Le_Tombeau_de_Couperin,_M.68",Aria_509874_0,2856,0.8308042022485717,0.5716068624542907,60.0,3001
"pianocore:Ravel,_Maurice/Le_Tombeau_de_Couperin,_M.68",PianoCoRe_208497,Aria_560231_0,Aria-MIDI,Aria-AMT,"Ravel,_Maurice/Le_Tombeau_de_Couperin,_M.68/score_MS_refined.mid",pianocore_Ravel__Maurice_Le_Tombeau_de_Couperin__M.68__PianoCoRe_208497,real,"pianocore:Ravel,_Maurice/Le_Tombeau_de_Couperin,_M.68","pianocore:Ravel,_Maurice/Le_Tombeau_de_Couperin,_M.68",Aria_560231_0,2822,0.8020519751797014,0.5405637422415476,55.0,3001
"pianocore:Ravel,_Maurice/Le_Tombeau_de_Couperin,_M.68",PianoCoRe_208498,Aria_567104_0,Aria-MIDI,Aria-AMT,"Ravel,_Maurice/Le_Tombeau_de_Couperin,_M.68/score_MS_refined.mid",pianocore_Ravel__Maurice_Le_Tombeau_de_Couperin__M.68__PianoCoRe_208498,real,"pianocore:Ravel,_Maurice/Le_Tombeau_de_Couperin,_M.68","pianocore:Ravel,_Maurice/Le_Tombeau_de_Couperin,_M.68",Aria_567104_0,2867,0.8102844504515574,0.5289839899309503,60.0,3001
"pianocore:Ravel,_Maurice/Le_Tombeau_de_Couperin,_M.68",PianoCoRe_208502,Aria_645684_0,Aria-MIDI,Aria-AMT,"Ravel,_Maurice/Le_Tombeau_de_Couperin,_M.68/score_MS_refined.mid",pianocore_Ravel__Maurice_Le_Tombeau_de_Couperin__M.68__PianoCoRe_208502,real,"pianocore:Ravel,_Maurice/Le_Tombeau_de_Couperin,_M.68","pianocore:Ravel,_Maurice/Le_Tombeau_de_Couperin,_M.68",Aria_645684_0,2884,0.8379922590157891,0.5949312193858012,55.0,3001
"pianocore:Ravel,_Maurice/Le_Tombeau_de_Couperin,_M.68",PianoCoRe_208504,Aria_663572_1,Aria-MIDI,Aria-AMT,"Ravel,_Maurice/Le_Tombeau_de_Couperin,_M.68/score_MS_refined.mid",pianocore_Ravel__Maurice_Le_Tombeau_de_Couperin__M.68__PianoCoRe_208504,real,"pianocore:Ravel,_Maurice/Le_Tombeau_de_Couperin,_M.68","pianocore:Ravel,_Maurice/Le_Tombeau_de_Couperin,_M.68",Aria_663572_1,2762,0.8154451065921239,0.5920815464960991,60.0,3001
"pianocore:Ravel,_Maurice/Le_Tombeau_de_Couperin,_M.68",PianoCoRe_208505,Aria_669587_0,Aria-MIDI,Aria-AMT,"Ravel,_Maurice/Le_Tombeau_de_Couperin,_M.68/score_MS_refined.mid",pianocore_Ravel__Maurice_Le_Tombeau_de_Couperin__M.68__PianoCoRe_208505,real,"pianocore:Ravel,_Maurice/Le_Tombeau_de_Couperin,_M.68","pianocore:Ravel,_Maurice/Le_Tombeau_de_Couperin,_M.68",Aria_669587_0,2915,0.845364624930884,0.5817485100353001,65.0,3001
"pianocore:Ravel,_Maurice/Le_Tombeau_de_Couperin,_M.68",PianoCoRe_208506,Aria_682314_0,Aria-MIDI,Aria-AMT,"Ravel,_Maurice/Le_Tombeau_de_Couperin,_M.68/score_MS_refined.mid",pianocore_Ravel__Maurice_Le_Tombeau_de_Couperin__M.68__PianoCoRe_208506,real,"pianocore:Ravel,_Maurice/Le_Tombeau_de_Couperin,_M.68","pianocore:Ravel,_Maurice/Le_Tombeau_de_Couperin,_M.68",Aria_682314_0,2835,0.8260736007863857,0.5717479110647737,60.0,3001
"pianocore:Ravel,_Maurice/Le_Tombeau_de_Couperin,_M.68",PianoCoRe_208512,Aria_861880_0,Aria-MIDI,Aria-AMT,"Ravel,_Maurice/Le_Tombeau_de_Couperin,_M.68/score_MS_refined.mid",pianocore_Ravel__Maurice_Le_Tombeau_de_Couperin__M.68__PianoCoRe_208512,real,"pianocore:Ravel,_Maurice/Le_Tombeau_de_Couperin,_M.68","pianocore:Ravel,_Maurice/Le_Tombeau_de_Couperin,_M.68",Aria_861880_0,2912,0.8480063893837931,0.571021956074855,70.0,3001
"pianocore:Ravel,_Maurice/Le_Tombeau_de_Couperin,_M.68",PianoCoRe_208514,Aria_910891_0,Aria-MIDI,Aria-AMT,"Ravel,_Maurice/Le_Tombeau_de_Couperin,_M.68/score_MS_refined.mid",pianocore_Ravel__Maurice_Le_Tombeau_de_Couperin__M.68__PianoCoRe_208514,real,"pianocore:Ravel,_Maurice/Le_Tombeau_de_Couperin,_M.68","pianocore:Ravel,_Maurice/Le_Tombeau_de_Couperin,_M.68",Aria_910891_0,2906,0.8494194261841863,0.5823178370031448,60.0,3001
prokofiev_op22_no1,PianoCoRe_197794,Aria_012201_0,Aria-MIDI,Aria-AMT,"Prokofiev,_Sergey/Visions_Fugitives,_Op.22/1._Lentamente/score_MS_refined.mid",prokofiev_op22_no1__PianoCoRe_197794,real,prokofiev_op22_no1,prokofiev_op22_no1,Aria_012201_0,218,0.9276595744680851,0.8124274876688029,35.0,232
prokofiev_op22_no1,PianoCoRe_197795,Aria_054884_0,Aria-MIDI,Aria-AMT,"Prokofiev,_Sergey/Visions_Fugitives,_Op.22/1._Lentamente/score_MS_refined.mid",prokofiev_op22_no1__PianoCoRe_197795,real,prokofiev_op22_no1,prokofiev_op22_no1,Aria_054884_0,222,0.9446808510638298,0.686678920774382,40.0,232
prokofiev_op22_no1,PianoCoRe_197796,Aria_077463_0,Aria-MIDI,Aria-AMT,"Prokofiev,_Sergey/Visions_Fugitives,_Op.22/1._Lentamente/score_MS_refined.mid",prokofiev_op22_no1__PianoCoRe_197796,real,prokofiev_op22_no1,prokofiev_op22_no1,Aria_077463_0,227,0.9659574468085106,0.926906014304873,45.0,232
prokofiev_op22_no1,PianoCoRe_197797,Aria_081445_0,Aria-MIDI,Aria-AMT,"Prokofiev,_Sergey/Visions_Fugitives,_Op.22/1._Lentamente/score_MS_refined.mid",prokofiev_op22_no1__PianoCoRe_197797,real,prokofiev_op22_no1,prokofiev_op22_no1,Aria_081445_0,230,0.9787234042553191,0.9198985501354696,35.0,232
prokofiev_op22_no1,PianoCoRe_197799,Aria_086452_0,Aria-MIDI,Aria-AMT,"Prokofiev,_Sergey/Visions_Fugitives,_Op.22/1._Lentamente/score_MS_refined.mid",prokofiev_op22_no1__PianoCoRe_197799,real,prokofiev_op22_no1,prokofiev_op22_no1,Aria_086452_0,213,0.9063829787234042,0.9770633054614715,40.0,232
prokofiev_op22_no1,PianoCoRe_197800,Aria_131731_0,Aria-MIDI,Aria-AMT,"Prokofiev,_Sergey/Visions_Fugitives,_Op.22/1._Lentamente/score_MS_refined.mid",prokofiev_op22_no1__PianoCoRe_197800,real,prokofiev_op22_no1,prokofiev_op22_no1,Aria_131731_0,224,0.9531914893617022,1.0170416582820938,30.0,232
prokofiev_op22_no1,PianoCoRe_197801,Aria_159048_0,Aria-MIDI,Aria-AMT,"Prokofiev,_Sergey/Visions_Fugitives,_Op.22/1._Lentamente/score_MS_refined.mid",prokofiev_op22_no1__PianoCoRe_197801,real,prokofiev_op22_no1,prokofiev_op22_no1,Aria_159048_0,226,0.9617021276595744,0.9173518265962238,40.0,232
prokofiev_op22_no1,PianoCoRe_197802,Aria_177571_0,Aria-MIDI,Aria-AMT,"Prokofiev,_Sergey/Visions_Fugitives,_Op.22/1._Lentamente/score_MS_refined.mid",prokofiev_op22_no1__PianoCoRe_197802,real,prokofiev_op22_no1,prokofiev_op22_no1,Aria_177571_0,217,0.9234042553191489,0.7627061621001008,35.0,232
prokofiev_op22_no1,PianoCoRe_197803,Aria_231348_0,Aria-MIDI,Aria-AMT,"Prokofiev,_Sergey/Visions_Fugitives,_Op.22/1._Lentamente/score_MS_refined.mid",prokofiev_op22_no1__PianoCoRe_197803,real,prokofiev_op22_no1,prokofiev_op22_no1,Aria_231348_0,225,0.9574468085106383,0.8718639476404918,35.0,232
prokofiev_op22_no1,PianoCoRe_197804,Aria_252179_0,Aria-MIDI,Aria-AMT,"Prokofiev,_Sergey/Visions_Fugitives,_Op.22/1._Lentamente/score_MS_refined.mid",prokofiev_op22_no1__PianoCoRe_197804,real,prokofiev_op22_no1,prokofiev_op22_no1,Aria_252179_0,225,0.9574468085106383,1.2313888367308925,65.0,232
prokofiev_op22_no1,PianoCoRe_197805,Aria_253550_0,Aria-MIDI,Aria-AMT,"Prokofiev,_Sergey/Visions_Fugitives,_Op.22/1._Lentamente/score_MS_refined.mid",prokofiev_op22_no1__PianoCoRe_197805,real,prokofiev_op22_no1,prokofiev_op22_no1,Aria_253550_0,225,0.9574468085106383,1.007350075535736,45.0,232
prokofiev_op22_no1,PianoCoRe_197806,Aria_379840_0,Aria-MIDI,Aria-AMT,"Prokofiev,_Sergey/Visions_Fugitives,_Op.22/1._Lentamente/score_MS_refined.mid",prokofiev_op22_no1__PianoCoRe_197806,real,prokofiev_op22_no1,prokofiev_op22_no1,Aria_379840_0,225,0.9574468085106383,0.9043093977906035,30.0,232
prokofiev_op22_no1,PianoCoRe_197807,Aria_480734_0,Aria-MIDI,Aria-AMT,"Prokofiev,_Sergey/Visions_Fugitives,_Op.22/1._Lentamente/score_MS_refined.mid",prokofiev_op22_no1__PianoCoRe_197807,real,prokofiev_op22_no1,prokofiev_op22_no1,Aria_480734_0,227,0.9659574468085106,0.8127642851302612,40.0,232
prokofiev_op22_no1,PianoCoRe_197808,Aria_504486_0,Aria-MIDI,Aria-AMT,"Prokofiev,_Sergey/Visions_Fugitives,_Op.22/1._Lentamente/score_MS_refined.mid",prokofiev_op22_no1__PianoCoRe_197808,real,prokofiev_op22_no1,prokofiev_op22_no1,Aria_504486_0,215,0.9148936170212766,0.9126250626862626,25.0,232
prokofiev_op22_no1,PianoCoRe_197809,Aria_505684_0,Aria-MIDI,Aria-AMT,"Prokofiev,_Sergey/Visions_Fugitives,_Op.22/1._Lentamente/score_MS_refined.mid",prokofiev_op22_no1__PianoCoRe_197809,real,prokofiev_op22_no1,prokofiev_op22_no1,Aria_505684_0,227,0.9659574468085106,0.9895275471660512,45.0,232
prokofiev_op22_no1,PianoCoRe_197810,Aria_508184_0,Aria-MIDI,Aria-AMT,"Prokofiev,_Sergey/Visions_Fugitives,_Op.22/1._Lentamente/score_MS_refined.mid",prokofiev_op22_no1__PianoCoRe_197810,real,prokofiev_op22_no1,prokofiev_op22_no1,Aria_508184_0,224,0.9531914893617022,0.7991384831639331,45.0,232
prokofiev_op22_no1,PianoCoRe_197811,Aria_529157_0,Aria-MIDI,Aria-AMT,"Prokofiev,_Sergey/Visions_Fugitives,_Op.22/1._Lentamente/score_MS_refined.mid",prokofiev_op22_no1__PianoCoRe_197811,real,prokofiev_op22_no1,prokofiev_op22_no1,Aria_529157_0,228,0.9702127659574468,1.264959294113947,50.0,232
prokofiev_op22_no1,PianoCoRe_197812,Aria_550325_0,Aria-MIDI,Aria-AMT,"Prokofiev,_Sergey/Visions_Fugitives,_Op.22/1._Lentamente/score_MS_refined.mid",prokofiev_op22_no1__PianoCoRe_197812,real,prokofiev_op22_no1,prokofiev_op22_no1,Aria_550325_0,206,0.8765957446808511,1.2184721649283832,50.0,232
prokofiev_op22_no1,PianoCoRe_197813,Aria_565816_0,Aria-MIDI,Aria-AMT,"Prokofiev,_Sergey/Visions_Fugitives,_Op.22/1._Lentamente/score_MS_refined.mid",prokofiev_op22_no1__PianoCoRe_197813,real,prokofiev_op22_no1,prokofiev_op22_no1,Aria_565816_0,229,0.9744680851063829,1.0344653890638777,30.0,232
prokofiev_op22_no1,PianoCoRe_197814,Aria_569553_0,Aria-MIDI,Aria-AMT,"Prokofiev,_Sergey/Visions_Fugitives,_Op.22/1._Lentamente/score_MS_refined.mid",prokofiev_op22_no1__PianoCoRe_197814,real,prokofiev_op22_no1,prokofiev_op22_no1,Aria_569553_0,227,0.9659574468085106,0.7013323743882203,45.0,232
prokofiev_op22_no1,PianoCoRe_197815,Aria_580893_0,Aria-MIDI,Aria-AMT,"Prokofiev,_Sergey/Visions_Fugitives,_Op.22/1._Lentamente/score_MS_refined.mid",prokofiev_op22_no1__PianoCoRe_197815,real,prokofiev_op22_no1,prokofiev_op22_no1,Aria_580893_0,222,0.9446808510638298,0.8919273656187735,30.0,232
prokofiev_op22_no1,PianoCoRe_197816,Aria_607054_0,Aria-MIDI,Aria-AMT,"Prokofiev,_Sergey/Visions_Fugitives,_Op.22/1._Lentamente/score_MS_refined.mid",prokofiev_op22_no1__PianoCoRe_197816,real,prokofiev_op22_no1,prokofiev_op22_no1,Aria_607054_0,222,0.9446808510638298,0.699971585548501,45.0,232
prokofiev_op22_no1,PianoCoRe_197818,Aria_662823_0,Aria-MIDI,Aria-AMT,"Prokofiev,_Sergey/Visions_Fugitives,_Op.22/1._Lentamente/score_MS_refined.mid",prokofiev_op22_no1__PianoCoRe_197818,real,prokofiev_op22_no1,prokofiev_op22_no1,Aria_662823_0,215,0.9148936170212766,0.8592122452708831,40.0,232
prokofiev_op22_no1,PianoCoRe_197819,Aria_664850_0,Aria-MIDI,Aria-AMT,"Prokofiev,_Sergey/Visions_Fugitives,_Op.22/1._Lentamente/score_MS_refined.mid",prokofiev_op22_no1__PianoCoRe_197819,real,prokofiev_op22_no1,prokofiev_op22_no1,Aria_664850_0,223,0.948936170212766,0.8408884704116231,40.0,232
prokofiev_op22_no1,PianoCoRe_197820,Aria_725591_0,Aria-MIDI,Aria-AMT,"Prokofiev,_Sergey/Visions_Fugitives,_Op.22/1._Lentamente/score_MS_refined.mid",prokofiev_op22_no1__PianoCoRe_197820,real,prokofiev_op22_no1,prokofiev_op22_no1,Aria_725591_0,221,0.9404255319148936,0.8844385149796665,35.0,232
prokofiev_op22_no1,PianoCoRe_197821,Aria_746146_0,Aria-MIDI,Aria-AMT,"Prokofiev,_Sergey/Visions_Fugitives,_Op.22/1._Lentamente/score_MS_refined.mid",prokofiev_op22_no1__PianoCoRe_197821,real,prokofiev_op22_no1,prokofiev_op22_no1,Aria_746146_0,231,0.9829787234042553,0.8055304051128063,40.0,232
prokofiev_op22_no1,PianoCoRe_197822,Aria_824281_0,Aria-MIDI,Aria-AMT,"Prokofiev,_Sergey/Visions_Fugitives,_Op.22/1._Lentamente/score_MS_refined.mid",prokofiev_op22_no1__PianoCoRe_197822,real,prokofiev_op22_no1,prokofiev_op22_no1,Aria_824281_0,224,0.9531914893617022,0.9048320480955634,50.0,232
prokofiev_op22_no1,PianoCoRe_197825,Aria_835284_0,Aria-MIDI,Aria-AMT,"Prokofiev,_Sergey/Visions_Fugitives,_Op.22/1._Lentamente/score_MS_refined.mid",prokofiev_op22_no1__PianoCoRe_197825,real,prokofiev_op22_no1,prokofiev_op22_no1,Aria_835284_0,227,0.9659574468085106,0.8719476894553797,50.0,232
prokofiev_op22_no1,PianoCoRe_197826,Aria_849119_0,Aria-MIDI,Aria-AMT,"Prokofiev,_Sergey/Visions_Fugitives,_Op.22/1._Lentamente/score_MS_refined.mid",prokofiev_op22_no1__PianoCoRe_197826,real,prokofiev_op22_no1,prokofiev_op22_no1,Aria_849119_0,220,0.9361702127659575,0.9161813427567927,40.0,232
prokofiev_op22_no1,PianoCoRe_197827,Aria_879024_0,Aria-MIDI,Aria-AMT,"Prokofiev,_Sergey/Visions_Fugitives,_Op.22/1._Lentamente/score_MS_refined.mid",prokofiev_op22_no1__PianoCoRe_197827,real,prokofiev_op22_no1,prokofiev_op22_no1,Aria_879024_0,224,0.9531914893617022,0.9368944695388459,40.0,232
prokofiev_op22_no1,PianoCoRe_197828,Aria_900054_0,Aria-MIDI,Aria-AMT,"Prokofiev,_Sergey/Visions_Fugitives,_Op.22/1._Lentamente/score_MS_refined.mid",prokofiev_op22_no1__PianoCoRe_197828,real,prokofiev_op22_no1,prokofiev_op22_no1,Aria_900054_0,225,0.9574468085106383,0.9648122413893939,45.0,232
prokofiev_op22_no1,PianoCoRe_197829,Aria_901502_0,Aria-MIDI,Aria-AMT,"Prokofiev,_Sergey/Visions_Fugitives,_Op.22/1._Lentamente/score_MS_refined.mid",prokofiev_op22_no1__PianoCoRe_197829,real,prokofiev_op22_no1,prokofiev_op22_no1,Aria_901502_0,219,0.9319148936170213,1.0935062485403853,45.0,232
prokofiev_op22_no1,PianoCoRe_197830,Aria_922427_0,Aria-MIDI,Aria-AMT,"Prokofiev,_Sergey/Visions_Fugitives,_Op.22/1._Lentamente/score_MS_refined.mid",prokofiev_op22_no1__PianoCoRe_197830,real,prokofiev_op22_no1,prokofiev_op22_no1,Aria_922427_0,215,0.9148936170212766,1.4925413338935405,30.0,232
prokofiev_op22_no1,PianoCoRe_197831,Aria_922456_0,Aria-MIDI,Aria-AMT,"Prokofiev,_Sergey/Visions_Fugitives,_Op.22/1._Lentamente/score_MS_refined.mid",prokofiev_op22_no1__PianoCoRe_197831,real,prokofiev_op22_no1,prokofiev_op22_no1,Aria_922456_0,231,0.9829787234042553,0.7245534078903442,65.0,232
prokofiev_op22_no1,PianoCoRe_197833,PERiScoPe_134608897,PERiScoPe,Transkun V2,"Prokofiev,_Sergey/Visions_Fugitives,_Op.22/1._Lentamente/score_MS_refined.mid",prokofiev_op22_no1__PianoCoRe_197833,real,prokofiev_op22_no1,prokofiev_op22_no1,PERiScoPe_134608897,223,0.948936170212766,0.7284743930090222,36.0,232
prokofiev_op22_no1,PianoCoRe_197834,PERiScoPe_136017966,PERiScoPe,Transkun V2,"Prokofiev,_Sergey/Visions_Fugitives,_Op.22/1._Lentamente/score_MS_refined.mid",prokofiev_op22_no1__PianoCoRe_197834,real,prokofiev_op22_no1,prokofiev_op22_no1,PERiScoPe_136017966,224,0.9531914893617022,0.8883258072621201,42.0,232
prokofiev_op22_no1,PianoCoRe_197835,PERiScoPe_892841582,PERiScoPe,Transkun V2,"Prokofiev,_Sergey/Visions_Fugitives,_Op.22/1._Lentamente/score_MS_refined.mid",prokofiev_op22_no1__PianoCoRe_197835,real,prokofiev_op22_no1,prokofiev_op22_no1,PERiScoPe_892841582,226,0.9617021276595744,0.8627494750738262,52.0,232
prokofiev_op22_no1,PianoCoRe_197836,PERiScoPe_1087828702,PERiScoPe,Transkun V2,"Prokofiev,_Sergey/Visions_Fugitives,_Op.22/1._Lentamente/score_MS_refined.mid",prokofiev_op22_no1__PianoCoRe_197836,real,prokofiev_op22_no1,prokofiev_op22_no1,PERiScoPe_1087828702,226,0.9617021276595744,0.8566632392848128,40.0,232
prokofiev_op22_no1,PianoCoRe_197837,PERiScoPe_1196753232,PERiScoPe,Transkun V2,"Prokofiev,_Sergey/Visions_Fugitives,_Op.22/1._Lentamente/score_MS_refined.mid",prokofiev_op22_no1__PianoCoRe_197837,real,prokofiev_op22_no1,prokofiev_op22_no1,PERiScoPe_1196753232,228,0.9702127659574468,0.9728990521387256,39.0,232
prokofiev_op22_no1,PianoCoRe_197838,PERiScoPe_1494878052,PERiScoPe,Transkun V2,"Prokofiev,_Sergey/Visions_Fugitives,_Op.22/1._Lentamente/score_MS_refined.mid",prokofiev_op22_no1__PianoCoRe_197838,real,prokofiev_op22_no1,prokofiev_op22_no1,PERiScoPe_1494878052,229,0.9744680851063829,0.9860166573569451,40.0,232
prokofiev_op22_no11,PianoCoRe_198072,ATEPP_04884,ATEPP,ATEPP,"Prokofiev,_Sergey/Visions_Fugitives,_Op.22/11._Con_vivicità/score_MS_refined.mid",prokofiev_op22_no11__PianoCoRe_198072,real,prokofiev_op22_no11,prokofiev_op22_no11,ATEPP_04884,437,0.9297872340425531,0.4129943613511194,48.0,450
prokofiev_op22_no11,PianoCoRe_198073,ATEPP_04885,ATEPP,ATEPP,"Prokofiev,_Sergey/Visions_Fugitives,_Op.22/11._Con_vivicità/score_MS_refined.mid",prokofiev_op22_no11__PianoCoRe_198073,real,prokofiev_op22_no11,prokofiev_op22_no11,ATEPP_04885,439,0.9340425531914893,0.4100643037656209,60.0,450
prokofiev_op22_no11,PianoCoRe_198074,ATEPP_04886,ATEPP,ATEPP,"Prokofiev,_Sergey/Visions_Fugitives,_Op.22/11._Con_vivicità/score_MS_refined.mid",prokofiev_op22_no11__PianoCoRe_198074,real,prokofiev_op22_no11,prokofiev_op22_no11,ATEPP_04886,439,0.9340425531914893,0.4254663210073367,55.0,450
prokofiev_op22_no11,PianoCoRe_198075,ATEPP_04887,ATEPP,ATEPP,"Prokofiev,_Sergey/Visions_Fugitives,_Op.22/11._Con_vivicità/score_MS_refined.mid",prokofiev_op22_no11__PianoCoRe_198075,real,prokofiev_op22_no11,prokofiev_op22_no11,ATEPP_04887,440,0.9361702127659575,0.4374889921842778,53.0,450
prokofiev_op22_no11,PianoCoRe_198076,ATEPP_04888,ATEPP,ATEPP,"Prokofiev,_Sergey/Visions_Fugitives,_Op.22/11._Con_vivicità/score_MS_refined.mid",prokofiev_op22_no11__PianoCoRe_198076,real,prokofiev_op22_no11,prokofiev_op22_no11,ATEPP_04888,433,0.9212765957446809,0.5326846748231432,58.0,450
prokofiev_op22_no11,PianoCoRe_198077,Aria_242216_0,Aria-MIDI,Aria-AMT,"Prokofiev,_Sergey/Visions_Fugitives,_Op.22/11._Con_vivicità/score_MS_refined.mid",prokofiev_op22_no11__PianoCoRe_198077,real,prokofiev_op22_no11,prokofiev_op22_no11,Aria_242216_0,440,0.9361702127659575,0.5004111599885368,55.0,450
prokofiev_op22_no11,PianoCoRe_198078,Aria_259744_0,Aria-MIDI,Aria-AMT,"Prokofiev,_Sergey/Visions_Fugitives,_Op.22/11._Con_vivicità/score_MS_refined.mid",prokofiev_op22_no11__PianoCoRe_198078,real,prokofiev_op22_no11,prokofiev_op22_no11,Aria_259744_0,428,0.9106382978723404,0.4789678698826418,60.0,450
prokofiev_op22_no11,PianoCoRe_198079,Aria_274854_0,Aria-MIDI,Aria-AMT,"Prokofiev,_Sergey/Visions_Fugitives,_Op.22/11._Con_vivicità/score_MS_refined.mid",prokofiev_op22_no11__PianoCoRe_198079,real,prokofiev_op22_no11,prokofiev_op22_no11,Aria_274854_0,437,0.9297872340425531,0.4841617968192494,55.0,450
prokofiev_op22_no11,PianoCoRe_198080,Aria_283481_0,Aria-MIDI,Aria-AMT,"Prokofiev,_Sergey/Visions_Fugitives,_Op.22/11._Con_vivicità/score_MS_refined.mid",prokofiev_op22_no11__PianoCoRe_198080,real,prokofiev_op22_no11,prokofiev_op22_no11,Aria_283481_0,392,0.8340425531914893,0.41511173589297384,40.0,450
prokofiev_op22_no11,PianoCoRe_198081,Aria_319473_0,Aria-MIDI,Aria-AMT,"Prokofiev,_Sergey/Visions_Fugitives,_Op.22/11._Con_vivicità/score_MS_refined.mid",prokofiev_op22_no11__PianoCoRe_198081,real,prokofiev_op22_no11,prokofiev_op22_no11,Aria_319473_0,377,0.8021276595744681,0.5835583706040349,65.0,450
prokofiev_op22_no11,PianoCoRe_198082,Aria_329794_0,Aria-MIDI,Aria-AMT,"Prokofiev,_Sergey/Visions_Fugitives,_Op.22/11._Con_vivicità/score_MS_refined.mid",prokofiev_op22_no11__PianoCoRe_198082,real,prokofiev_op22_no11,prokofiev_op22_no11,Aria_329794_0,442,0.9404255319148936,0.738425160442015,70.0,450
prokofiev_op22_no11,PianoCoRe_198083,Aria_378162_0,Aria-MIDI,Aria-AMT,"Prokofiev,_Sergey/Visions_Fugitives,_Op.22/11._Con_vivicità/score_MS_refined.mid",prokofiev_op22_no11__PianoCoRe_198083,real,prokofiev_op22_no11,prokofiev_op22_no11,Aria_378162_0,434,0.9234042553191489,0.44474578229550743,50.0,450
prokofiev_op22_no11,PianoCoRe_198084,Aria_452748_0,Aria-MIDI,Aria-AMT,"Prokofiev,_Sergey/Visions_Fugitives,_Op.22/11._Con_vivicità/score_MS_refined.mid",prokofiev_op22_no11__PianoCoRe_198084,real,prokofiev_op22_no11,prokofiev_op22_no11,Aria_452748_0,444,0.9446808510638298,0.559653083983657,50.0,450
prokofiev_op22_no11,PianoCoRe_198085,Aria_477513_0,Aria-MIDI,Aria-AMT,"Prokofiev,_Sergey/Visions_Fugitives,_Op.22/11._Con_vivicità/score_MS_refined.mid",prokofiev_op22_no11__PianoCoRe_198085,real,prokofiev_op22_no11,prokofiev_op22_no11,Aria_477513_0,437,0.9297872340425531,0.44571280628461774,70.0,450
prokofiev_op22_no11,PianoCoRe_198086,Aria_618096_0,Aria-MIDI,Aria-AMT,"Prokofiev,_Sergey/Visions_Fugitives,_Op.22/11._Con_vivicità/score_MS_refined.mid",prokofiev_op22_no11__PianoCoRe_198086,real,prokofiev_op22_no11,prokofiev_op22_no11,Aria_618096_0,440,0.9361702127659575,0.5766174323212877,50.0,450
prokofiev_op22_no11,PianoCoRe_198087,Aria_707683_0,Aria-MIDI,Aria-AMT,"Prokofiev,_Sergey/Visions_Fugitives,_Op.22/11._Con_vivicità/score_MS_refined.mid",prokofiev_op22_no11__PianoCoRe_198087,real,prokofiev_op22_no11,prokofiev_op22_no11,Aria_707683_0,439,0.9340425531914893,0.6858094023911753,55.0,450
prokofiev_op22_no11,PianoCoRe_198088,Aria_826700_0,Aria-MIDI,Aria-AMT,"Prokofiev,_Sergey/Visions_Fugitives,_Op.22/11._Con_vivicità/score_MS_refined.mid",prokofiev_op22_no11__PianoCoRe_198088,real,prokofiev_op22_no11,prokofiev_op22_no11,Aria_826700_0,404,0.8595744680851064,0.7514611078193556,55.0,450
prokofiev_op22_no11,PianoCoRe_198089,Aria_832843_0,Aria-MIDI,Aria-AMT,"Prokofiev,_Sergey/Visions_Fugitives,_Op.22/11._Con_vivicità/score_MS_refined.mid",prokofiev_op22_no11__PianoCoRe_198089,real,prokofiev_op22_no11,prokofiev_op22_no11,Aria_832843_0,441,0.9382978723404255,0.43162827535394716,45.0,450
prokofiev_op22_no11,PianoCoRe_198090,Aria_843230_0,Aria-MIDI,Aria-AMT,"Prokofiev,_Sergey/Visions_Fugitives,_Op.22/11._Con_vivicità/score_MS_refined.mid",prokofiev_op22_no11__PianoCoRe_198090,real,prokofiev_op22_no11,prokofiev_op22_no11,Aria_843230_0,425,0.9042553191489362,0.5234803607844419,70.0,450
prokofiev_op22_no11,PianoCoRe_198091,Aria_863920_0,Aria-MIDI,Aria-AMT,"Prokofiev,_Sergey/Visions_Fugitives,_Op.22/11._Con_vivicità/score_MS_refined.mid",prokofiev_op22_no11__PianoCoRe_198091,real,prokofiev_op22_no11,prokofiev_op22_no11,Aria_863920_0,420,0.8936170212765957,0.49761367357580627,60.0,450
prokofiev_op22_no11,PianoCoRe_198092,Aria_887611_0,Aria-MIDI,Aria-AMT,"Prokofiev,_Sergey/Visions_Fugitives,_Op.22/11._Con_vivicità/score_MS_refined.mid",prokofiev_op22_no11__PianoCoRe_198092,real,prokofiev_op22_no11,prokofiev_op22_no11,Aria_887611_0,434,0.9234042553191489,0.47691701793311325,50.0,450
prokofiev_op22_no11,PianoCoRe_198093,Aria_917802_0,Aria-MIDI,Aria-AMT,"Prokofiev,_Sergey/Visions_Fugitives,_Op.22/11._Con_vivicità/score_MS_refined.mid",prokofiev_op22_no11__PianoCoRe_198093,real,prokofiev_op22_no11,prokofiev_op22_no11,Aria_917802_0,437,0.9297872340425531,0.4637944313203941,55.0,450
prokofiev_op22_no11,PianoCoRe_198094,PERiScoPe_63760817,PERiScoPe,Transkun V2,"Prokofiev,_Sergey/Visions_Fugitives,_Op.22/11._Con_vivicità/score_MS_refined.mid",prokofiev_op22_no11__PianoCoRe_198094,real,prokofiev_op22_no11,prokofiev_op22_no11,PERiScoPe_63760817,376,0.8,0.5279871397599244,36.0,450
prokofiev_op22_no11,PianoCoRe_198096,PERiScoPe_136017986,PERiScoPe,Transkun V2,"Prokofiev,_Sergey/Visions_Fugitives,_Op.22/11._Con_vivicità/score_MS_refined.mid",prokofiev_op22_no11__PianoCoRe_198096,real,prokofiev_op22_no11,prokofiev_op22_no11,PERiScoPe_136017986,438,0.9319148936170213,0.4599244728558272,62.0,450
prokofiev_op22_no11,PianoCoRe_198097,PERiScoPe_526338302,PERiScoPe,Transkun V2,"Prokofiev,_Sergey/Visions_Fugitives,_Op.22/11._Con_vivicità/score_MS_refined.mid",prokofiev_op22_no11__PianoCoRe_198097,real,prokofiev_op22_no11,prokofiev_op22_no11,PERiScoPe_526338302,438,0.9319148936170213,0.5295544217076243,53.0,450
prokofiev_op22_no11,PianoCoRe_198098,PERiScoPe_892841682,PERiScoPe,Transkun V2,"Prokofiev,_Sergey/Visions_Fugitives,_Op.22/11._Con_vivicità/score_MS_refined.mid",prokofiev_op22_no11__PianoCoRe_198098,real,prokofiev_op22_no11,prokofiev_op22_no11,PERiScoPe_892841682,439,0.9340425531914893,0.5622302557506909,71.0,450
prokofiev_op22_no11,PianoCoRe_198099,PERiScoPe_1494878152,PERiScoPe,Transkun V2,"Prokofiev,_Sergey/Visions_Fugitives,_Op.22/11._Con_vivicità/score_MS_refined.mid",prokofiev_op22_no11__PianoCoRe_198099,real,prokofiev_op22_no11,prokofiev_op22_no11,PERiScoPe_1494878152,439,0.9340425531914893,0.5248704694584746,51.0,450
prokofiev_op22_no14,PianoCoRe_198116,ATEPP_04874,ATEPP,ATEPP,"Prokofiev,_Sergey/Visions_Fugitives,_Op.22/14._Feroce/score_MS_refined.mid",prokofiev_op22_no14__PianoCoRe_198116,real,prokofiev_op22_no14,prokofiev_op22_no14,ATEPP_04874,993,0.9457142857142857,0.40274757424729574,77.0,1042
prokofiev_op22_no14,PianoCoRe_198117,ATEPP_04875,ATEPP,ATEPP,"Prokofiev,_Sergey/Visions_Fugitives,_Op.22/14._Feroce/score_MS_refined.mid",prokofiev_op22_no14__PianoCoRe_198117,real,prokofiev_op22_no14,prokofiev_op22_no14,ATEPP_04875,968,0.9219047619047619,0.4404634292656666,78.0,1042
prokofiev_op22_no14,PianoCoRe_198118,Aria_032677_0,Aria-MIDI,Aria-AMT,"Prokofiev,_Sergey/Visions_Fugitives,_Op.22/14._Feroce/score_MS_refined.mid",prokofiev_op22_no14__PianoCoRe_198118,real,prokofiev_op22_no14,prokofiev_op22_no14,Aria_032677_0,1003,0.9552380952380952,0.510544357119335,70.0,1042
prokofiev_op22_no14,PianoCoRe_198119,Aria_040040_0,Aria-MIDI,Aria-AMT,"Prokofiev,_Sergey/Visions_Fugitives,_Op.22/14._Feroce/score_MS_refined.mid",prokofiev_op22_no14__PianoCoRe_198119,real,prokofiev_op22_no14,prokofiev_op22_no14,Aria_040040_0,963,0.9171428571428571,0.4351788065489952,70.0,1042
prokofiev_op22_no14,PianoCoRe_198120,Aria_064110_0,Aria-MIDI,Aria-AMT,"Prokofiev,_Sergey/Visions_Fugitives,_Op.22/14._Feroce/score_MS_refined.mid",prokofiev_op22_no14__PianoCoRe_198120,real,prokofiev_op22_no14,prokofiev_op22_no14,Aria_064110_0,961,0.9152380952380952,0.4849883268410071,80.0,1042
prokofiev_op22_no14,PianoCoRe_198121,Aria_132970_0,Aria-MIDI,Aria-AMT,"Prokofiev,_Sergey/Visions_Fugitives,_Op.22/14._Feroce/score_MS_refined.mid",prokofiev_op22_no14__PianoCoRe_198121,real,prokofiev_op22_no14,prokofiev_op22_no14,Aria_132970_0,973,0.9266666666666666,0.543064139971381,65.0,1042
prokofiev_op22_no14,PianoCoRe_198122,Aria_162547_0,Aria-MIDI,Aria-AMT,"Prokofiev,_Sergey/Visions_Fugitives,_Op.22/14._Feroce/score_MS_refined.mid",prokofiev_op22_no14__PianoCoRe_198122,real,prokofiev_op22_no14,prokofiev_op22_no14,Aria_162547_0,977,0.9304761904761905,0.49177920200769687,65.0,1042
prokofiev_op22_no14,PianoCoRe_198123,Aria_190775_0,Aria-MIDI,Aria-AMT,"Prokofiev,_Sergey/Visions_Fugitives,_Op.22/14._Feroce/score_MS_refined.mid",prokofiev_op22_no14__PianoCoRe_198123,real,prokofiev_op22_no14,prokofiev_op22_no14,Aria_190775_0,1007,0.959047619047619,0.5692944948998259,75.0,1042
prokofiev_op22_no14,PianoCoRe_198124,Aria_229328_0,Aria-MIDI,Aria-AMT,"Prokofiev,_Sergey/Visions_Fugitives,_Op.22/14._Feroce/score_MS_refined.mid",prokofiev_op22_no14__PianoCoRe_198124,real,prokofiev_op22_no14,prokofiev_op22_no14,Aria_229328_0,865,0.8238095238095238,0.510665711210789,70.0,1042
prokofiev_op22_no14,PianoCoRe_198125,Aria_262121_0,Aria-MIDI,Aria-AMT,"Prokofiev,_Sergey/Visions_Fugitives,_Op.22/14._Feroce/score_MS_refined.mid",prokofiev_op22_no14__PianoCoRe_198125,real,prokofiev_op22_no14,prokofiev_op22_no14,Aria_262121_0,992,0.9447619047619048,0.46120536843351767,70.0,1042
prokofiev_op22_no14,PianoCoRe_198126,Aria_264506_0,Aria-MIDI,Aria-AMT,"Prokofiev,_Sergey/Visions_Fugitives,_Op.22/14._Feroce/score_MS_refined.mid",prokofiev_op22_no14__PianoCoRe_198126,real,prokofiev_op22_no14,prokofiev_op22_no14,Aria_264506_0,965,0.919047619047619,0.4075242638815002,80.0,1042
prokofiev_op22_no14,PianoCoRe_198128,Aria_405988_0,Aria-MIDI,Aria-AMT,"Prokofiev,_Sergey/Visions_Fugitives,_Op.22/14._Feroce/score_MS_refined.mid",prokofiev_op22_no14__PianoCoRe_198128,real,prokofiev_op22_no14,prokofiev_op22_no14,Aria_405988_0,983,0.9361904761904762,0.4599260235668478,70.0,1042
prokofiev_op22_no14,PianoCoRe_198129,Aria_714096_0,Aria-MIDI,Aria-AMT,"Prokofiev,_Sergey/Visions_Fugitives,_Op.22/14._Feroce/score_MS_refined.mid",prokofiev_op22_no14__PianoCoRe_198129,real,prokofiev_op22_no14,prokofiev_op22_no14,Aria_714096_0,998,0.9504761904761905,0.4477399055679458,75.0,1042
prokofiev_op22_no14,PianoCoRe_198130,Aria_809253_0,Aria-MIDI,Aria-AMT,"Prokofiev,_Sergey/Visions_Fugitives,_Op.22/14._Feroce/score_MS_refined.mid",prokofiev_op22_no14__PianoCoRe_198130,real,prokofiev_op22_no14,prokofiev_op22_no14,Aria_809253_0,972,0.9257142857142857,0.45068584108577614,75.0,1042
prokofiev_op22_no14,PianoCoRe_198131,Aria_835671_0,Aria-MIDI,Aria-AMT,"Prokofiev,_Sergey/Visions_Fugitives,_Op.22/14._Feroce/score_MS_refined.mid",prokofiev_op22_no14__PianoCoRe_198131,real,prokofiev_op22_no14,prokofiev_op22_no14,Aria_835671_0,966,0.92,0.5279352101692254,70.0,1042
prokofiev_op22_no14,PianoCoRe_198132,Aria_893148_0,Aria-MIDI,Aria-AMT,"Prokofiev,_Sergey/Visions_Fugitives,_Op.22/14._Feroce/score_MS_refined.mid",prokofiev_op22_no14__PianoCoRe_198132,real,prokofiev_op22_no14,prokofiev_op22_no14,Aria_893148_0,1010,0.9619047619047619,0.4887647295116125,80.0,1042
prokofiev_op22_no14,PianoCoRe_198135,PERiScoPe_445732342,PERiScoPe,Transkun V2,"Prokofiev,_Sergey/Visions_Fugitives,_Op.22/14._Feroce/score_MS_refined.mid",prokofiev_op22_no14__PianoCoRe_198135,real,prokofiev_op22_no14,prokofiev_op22_no14,PERiScoPe_445732342,986,0.939047619047619,0.4592338767306619,66.0,1042
prokofiev_op22_no14,PianoCoRe_198136,PERiScoPe_636747332,PERiScoPe,Transkun V2,"Prokofiev,_Sergey/Visions_Fugitives,_Op.22/14._Feroce/score_MS_refined.mid",prokofiev_op22_no14__PianoCoRe_198136,real,prokofiev_op22_no14,prokofiev_op22_no14,PERiScoPe_636747332,932,0.8876190476190476,0.43386521175654746,63.0,1042
prokofiev_op22_no14,PianoCoRe_198137,PERiScoPe_1494878182,PERiScoPe,Transkun V2,"Prokofiev,_Sergey/Visions_Fugitives,_Op.22/14._Feroce/score_MS_refined.mid",prokofiev_op22_no14__PianoCoRe_198137,real,prokofiev_op22_no14,prokofiev_op22_no14,PERiScoPe_1494878182,1008,0.96,0.5301138689611574,69.0,1042
prokofiev_op22_no16,PianoCoRe_198151,Aria_004447_0,Aria-MIDI,Aria-AMT,"Prokofiev,_Sergey/Visions_Fugitives,_Op.22/16._Dolente/score_MS_refined.mid",prokofiev_op22_no16__PianoCoRe_198151,real,prokofiev_op22_no16,prokofiev_op22_no16,Aria_004447_0,300,0.974025974025974,0.9868214912551647,50.0,304
prokofiev_op22_no16,PianoCoRe_198152,Aria_029439_0,Aria-MIDI,Aria-AMT,"Prokofiev,_Sergey/Visions_Fugitives,_Op.22/16._Dolente/score_MS_refined.mid",prokofiev_op22_no16__PianoCoRe_198152,real,prokofiev_op22_no16,prokofiev_op22_no16,Aria_029439_0,295,0.9577922077922078,0.5434078613239981,45.0,304
prokofiev_op22_no16,PianoCoRe_198153,Aria_036357_0,Aria-MIDI,Aria-AMT,"Prokofiev,_Sergey/Visions_Fugitives,_Op.22/16._Dolente/score_MS_refined.mid",prokofiev_op22_no16__PianoCoRe_198153,real,prokofiev_op22_no16,prokofiev_op22_no16,Aria_036357_0,302,0.9805194805194806,0.889062634403332,55.0,304
prokofiev_op22_no16,PianoCoRe_198154,Aria_052231_0,Aria-MIDI,Aria-AMT,"Prokofiev,_Sergey/Visions_Fugitives,_Op.22/16._Dolente/score_MS_refined.mid",prokofiev_op22_no16__PianoCoRe_198154,real,prokofiev_op22_no16,prokofiev_op22_no16,Aria_052231_0,302,0.9805194805194806,0.6512473697912109,55.0,304
prokofiev_op22_no16,PianoCoRe_198155,Aria_159460_0,Aria-MIDI,Aria-AMT,"Prokofiev,_Sergey/Visions_Fugitives,_Op.22/16._Dolente/score_MS_refined.mid",prokofiev_op22_no16__PianoCoRe_198155,real,prokofiev_op22_no16,prokofiev_op22_no16,Aria_159460_0,292,0.948051948051948,0.6554329448463566,55.0,304
prokofiev_op22_no16,PianoCoRe_198156,Aria_281077_0,Aria-MIDI,Aria-AMT,"Prokofiev,_Sergey/Visions_Fugitives,_Op.22/16._Dolente/score_MS_refined.mid",prokofiev_op22_no16__PianoCoRe_198156,real,prokofiev_op22_no16,prokofiev_op22_no16,Aria_281077_0,294,0.9545454545454546,0.792105512351498,50.0,304
prokofiev_op22_no16,PianoCoRe_198157,Aria_340277_3,Aria-MIDI,Aria-AMT,"Prokofiev,_Sergey/Visions_Fugitives,_Op.22/16._Dolente/score_MS_refined.mid",prokofiev_op22_no16__PianoCoRe_198157,real,prokofiev_op22_no16,prokofiev_op22_no16,Aria_340277_3,295,0.9577922077922078,0.534667187975377,50.0,304
prokofiev_op22_no16,PianoCoRe_198158,Aria_455587_2,Aria-MIDI,Aria-AMT,"Prokofiev,_Sergey/Visions_Fugitives,_Op.22/16._Dolente/score_MS_refined.mid",prokofiev_op22_no16__PianoCoRe_198158,real,prokofiev_op22_no16,prokofiev_op22_no16,Aria_455587_2,295,0.9577922077922078,0.6600541917078865,40.0,304
prokofiev_op22_no16,PianoCoRe_198159,Aria_491011_5,Aria-MIDI,Aria-AMT,"Prokofiev,_Sergey/Visions_Fugitives,_Op.22/16._Dolente/score_MS_refined.mid",prokofiev_op22_no16__PianoCoRe_198159,real,prokofiev_op22_no16,prokofiev_op22_no16,Aria_491011_5,293,0.9512987012987013,0.6732867649239553,45.0,304
prokofiev_op22_no16,PianoCoRe_198160,Aria_505696_0,Aria-MIDI,Aria-AMT,"Prokofiev,_Sergey/Visions_Fugitives,_Op.22/16._Dolente/score_MS_refined.mid",prokofiev_op22_no16__PianoCoRe_198160,real,prokofiev_op22_no16,prokofiev_op22_no16,Aria_505696_0,288,0.935064935064935,0.83242270056515,40.0,304
prokofiev_op22_no16,PianoCoRe_198161,Aria_663245_0,Aria-MIDI,Aria-AMT,"Prokofiev,_Sergey/Visions_Fugitives,_Op.22/16._Dolente/score_MS_refined.mid",prokofiev_op22_no16__PianoCoRe_198161,real,prokofiev_op22_no16,prokofiev_op22_no16,Aria_663245_0,301,0.9772727272727273,0.8764674605716354,50.0,304
prokofiev_op22_no16,PianoCoRe_198162,Aria_718958_0,Aria-MIDI,Aria-AMT,"Prokofiev,_Sergey/Visions_Fugitives,_Op.22/16._Dolente/score_MS_refined.mid",prokofiev_op22_no16__PianoCoRe_198162,real,prokofiev_op22_no16,prokofiev_op22_no16,Aria_718958_0,287,0.9318181818181818,0.6454050249315041,60.0,304
prokofiev_op22_no16,PianoCoRe_198163,Aria_728432_0,Aria-MIDI,Aria-AMT,"Prokofiev,_Sergey/Visions_Fugitives,_Op.22/16._Dolente/score_MS_refined.mid",prokofiev_op22_no16__PianoCoRe_198163,real,prokofiev_op22_no16,prokofiev_op22_no16,Aria_728432_0,301,0.9772727272727273,0.6389540992249285,65.0,304
prokofiev_op22_no16,PianoCoRe_198164,Aria_729360_0,Aria-MIDI,Aria-AMT,"Prokofiev,_Sergey/Visions_Fugitives,_Op.22/16._Dolente/score_MS_refined.mid",prokofiev_op22_no16__PianoCoRe_198164,real,prokofiev_op22_no16,prokofiev_op22_no16,Aria_729360_0,301,0.9772727272727273,0.7679381334581526,40.0,304
prokofiev_op22_no16,PianoCoRe_198165,Aria_742674_0,Aria-MIDI,Aria-AMT,"Prokofiev,_Sergey/Visions_Fugitives,_Op.22/16._Dolente/score_MS_refined.mid",prokofiev_op22_no16__PianoCoRe_198165,real,prokofiev_op22_no16,prokofiev_op22_no16,Aria_742674_0,301,0.9772727272727273,0.8041623100261786,50.0,304
prokofiev_op22_no16,PianoCoRe_198166,Aria_752559_0,Aria-MIDI,Aria-AMT,"Prokofiev,_Sergey/Visions_Fugitives,_Op.22/16._Dolente/score_MS_refined.mid",prokofiev_op22_no16__PianoCoRe_198166,real,prokofiev_op22_no16,prokofiev_op22_no16,Aria_752559_0,303,0.9837662337662337,0.5642706430904518,50.0,304
prokofiev_op22_no16,PianoCoRe_198167,Aria_771609_0,Aria-MIDI,Aria-AMT,"Prokofiev,_Sergey/Visions_Fugitives,_Op.22/16._Dolente/score_MS_refined.mid",prokofiev_op22_no16__PianoCoRe_198167,real,prokofiev_op22_no16,prokofiev_op22_no16,Aria_771609_0,298,0.9675324675324676,0.5413820453018483,60.0,304
prokofiev_op22_no16,PianoCoRe_198168,Aria_800696_0,Aria-MIDI,Aria-AMT,"Prokofiev,_Sergey/Visions_Fugitives,_Op.22/16._Dolente/score_MS_refined.mid",prokofiev_op22_no16__PianoCoRe_198168,real,prokofiev_op22_no16,prokofiev_op22_no16,Aria_800696_0,297,0.9642857142857143,0.6613030775933617,45.0,304
prokofiev_op22_no16,PianoCoRe_198169,Aria_900035_0,Aria-MIDI,Aria-AMT,"Prokofiev,_Sergey/Visions_Fugitives,_Op.22/16._Dolente/score_MS_refined.mid",prokofiev_op22_no16__PianoCoRe_198169,real,prokofiev_op22_no16,prokofiev_op22_no16,Aria_900035_0,294,0.9545454545454546,0.6701666804671625,35.0,304
prokofiev_op22_no16,PianoCoRe_198170,Aria_904348_1,Aria-MIDI,Aria-AMT,"Prokofiev,_Sergey/Visions_Fugitives,_Op.22/16._Dolente/score_MS_refined.mid",prokofiev_op22_no16__PianoCoRe_198170,real,prokofiev_op22_no16,prokofiev_op22_no16,Aria_904348_1,291,0.9448051948051948,0.583420710850816,45.0,304
prokofiev_op22_no16,PianoCoRe_198171,PERiScoPe_63760822,PERiScoPe,Transkun V2,"Prokofiev,_Sergey/Visions_Fugitives,_Op.22/16._Dolente/score_MS_refined.mid",prokofiev_op22_no16__PianoCoRe_198171,real,prokofiev_op22_no16,prokofiev_op22_no16,PERiScoPe_63760822,264,0.8571428571428571,0.7117607210998153,32.0,304
prokofiev_op22_no16,PianoCoRe_198172,PERiScoPe_134608927,PERiScoPe,Transkun V2,"Prokofiev,_Sergey/Visions_Fugitives,_Op.22/16._Dolente/score_MS_refined.mid",prokofiev_op22_no16__PianoCoRe_198172,real,prokofiev_op22_no16,prokofiev_op22_no16,PERiScoPe_134608927,302,0.9805194805194806,0.6838559067795374,47.0,304
prokofiev_op22_no16,PianoCoRe_198173,PERiScoPe_136018004,PERiScoPe,Transkun V2,"Prokofiev,_Sergey/Visions_Fugitives,_Op.22/16._Dolente/score_MS_refined.mid",prokofiev_op22_no16__PianoCoRe_198173,real,prokofiev_op22_no16,prokofiev_op22_no16,PERiScoPe_136018004,304,0.987012987012987,0.6397071110381086,56.0,304
prokofiev_op22_no16,PianoCoRe_198174,PERiScoPe_892841732,PERiScoPe,Transkun V2,"Prokofiev,_Sergey/Visions_Fugitives,_Op.22/16._Dolente/score_MS_refined.mid",prokofiev_op22_no16__PianoCoRe_198174,real,prokofiev_op22_no16,prokofiev_op22_no16,PERiScoPe_892841732,299,0.9707792207792207,0.7858861060555471,64.0,304
prokofiev_op22_no16,PianoCoRe_198175,PERiScoPe_1494878202,PERiScoPe,Transkun V2,"Prokofiev,_Sergey/Visions_Fugitives,_Op.22/16._Dolente/score_MS_refined.mid",prokofiev_op22_no16__PianoCoRe_198175,real,prokofiev_op22_no16,prokofiev_op22_no16,PERiScoPe_1494878202,302,0.9805194805194806,0.7121295872021505,48.0,304
prokofiev_op22_no17,PianoCoRe_198176,Aria_209736_0,Aria-MIDI,Aria-AMT,"Prokofiev,_Sergey/Visions_Fugitives,_Op.22/17._Poetico/score_MS_refined.mid",prokofiev_op22_no17__PianoCoRe_198176,real,prokofiev_op22_no17,prokofiev_op22_no17,Aria_209736_0,449,0.9889867841409692,0.604348928677051,45.0,454
prokofiev_op22_no17,PianoCoRe_198178,Aria_356345_0,Aria-MIDI,Aria-AMT,"Prokofiev,_Sergey/Visions_Fugitives,_Op.22/17._Poetico/score_MS_refined.mid",prokofiev_op22_no17__PianoCoRe_198178,real,prokofiev_op22_no17,prokofiev_op22_no17,Aria_356345_0,446,0.9823788546255506,0.3707081603262257,40.0,454
prokofiev_op22_no17,PianoCoRe_198179,Aria_401421_0,Aria-MIDI,Aria-AMT,"Prokofiev,_Sergey/Visions_Fugitives,_Op.22/17._Poetico/score_MS_refined.mid",prokofiev_op22_no17__PianoCoRe_198179,real,prokofiev_op22_no17,prokofiev_op22_no17,Aria_401421_0,443,0.9757709251101322,0.37698841886856704,40.0,454
prokofiev_op22_no17,PianoCoRe_198180,Aria_428185_0,Aria-MIDI,Aria-AMT,"Prokofiev,_Sergey/Visions_Fugitives,_Op.22/17._Poetico/score_MS_refined.mid",prokofiev_op22_no17__PianoCoRe_198180,real,prokofiev_op22_no17,prokofiev_op22_no17,Aria_428185_0,427,0.9405286343612335,0.4589157154616698,60.0,454
prokofiev_op22_no17,PianoCoRe_198181,Aria_440144_0,Aria-MIDI,Aria-AMT,"Prokofiev,_Sergey/Visions_Fugitives,_Op.22/17._Poetico/score_MS_refined.mid",prokofiev_op22_no17__PianoCoRe_198181,real,prokofiev_op22_no17,prokofiev_op22_no17,Aria_440144_0,448,0.986784140969163,0.543329387558389,50.0,454
prokofiev_op22_no17,PianoCoRe_198183,Aria_483403_0,Aria-MIDI,Aria-AMT,"Prokofiev,_Sergey/Visions_Fugitives,_Op.22/17._Poetico/score_MS_refined.mid",prokofiev_op22_no17__PianoCoRe_198183,real,prokofiev_op22_no17,prokofiev_op22_no17,Aria_483403_0,442,0.973568281938326,0.637337987901114,45.0,454
prokofiev_op22_no17,PianoCoRe_198184,Aria_509743_1,Aria-MIDI,Aria-AMT,"Prokofiev,_Sergey/Visions_Fugitives,_Op.22/17._Poetico/score_MS_refined.mid",prokofiev_op22_no17__PianoCoRe_198184,real,prokofiev_op22_no17,prokofiev_op22_no17,Aria_509743_1,444,0.9779735682819384,0.595233679546261,45.0,454
prokofiev_op22_no17,PianoCoRe_198185,Aria_530409_0,Aria-MIDI,Aria-AMT,"Prokofiev,_Sergey/Visions_Fugitives,_Op.22/17._Poetico/score_MS_refined.mid",prokofiev_op22_no17__PianoCoRe_198185,real,prokofiev_op22_no17,prokofiev_op22_no17,Aria_530409_0,442,0.973568281938326,0.34955130844043236,35.0,454
prokofiev_op22_no17,PianoCoRe_198186,Aria_537789_0,Aria-MIDI,Aria-AMT,"Prokofiev,_Sergey/Visions_Fugitives,_Op.22/17._Poetico/score_MS_refined.mid",prokofiev_op22_no17__PianoCoRe_198186,real,prokofiev_op22_no17,prokofiev_op22_no17,Aria_537789_0,429,0.9449339207048458,0.34066414247418125,50.0,454
prokofiev_op22_no17,PianoCoRe_198187,Aria_544431_0,Aria-MIDI,Aria-AMT,"Prokofiev,_Sergey/Visions_Fugitives,_Op.22/17._Poetico/score_MS_refined.mid",prokofiev_op22_no17__PianoCoRe_198187,real,prokofiev_op22_no17,prokofiev_op22_no17,Aria_544431_0,411,0.9052863436123348,0.4608070116776669,40.0,454
prokofiev_op22_no17,PianoCoRe_198188,Aria_575689_0,Aria-MIDI,Aria-AMT,"Prokofiev,_Sergey/Visions_Fugitives,_Op.22/17._Poetico/score_MS_refined.mid",prokofiev_op22_no17__PianoCoRe_198188,real,prokofiev_op22_no17,prokofiev_op22_no17,Aria_575689_0,373,0.8215859030837004,0.5445117902422053,40.0,454
prokofiev_op22_no17,PianoCoRe_198189,Aria_582940_0,Aria-MIDI,Aria-AMT,"Prokofiev,_Sergey/Visions_Fugitives,_Op.22/17._Poetico/score_MS_refined.mid",prokofiev_op22_no17__PianoCoRe_198189,real,prokofiev_op22_no17,prokofiev_op22_no17,Aria_582940_0,371,0.8171806167400881,0.3666307629712423,35.0,454
prokofiev_op22_no17,PianoCoRe_198190,Aria_605534_0,Aria-MIDI,Aria-AMT,"Prokofiev,_Sergey/Visions_Fugitives,_Op.22/17._Poetico/score_MS_refined.mid",prokofiev_op22_no17__PianoCoRe_198190,real,prokofiev_op22_no17,prokofiev_op22_no17,Aria_605534_0,446,0.9823788546255506,0.40313162574842376,40.0,454
prokofiev_op22_no17,PianoCoRe_198191,Aria_648255_0,Aria-MIDI,Aria-AMT,"Prokofiev,_Sergey/Visions_Fugitives,_Op.22/17._Poetico/score_MS_refined.mid",prokofiev_op22_no17__PianoCoRe_198191,real,prokofiev_op22_no17,prokofiev_op22_no17,Aria_648255_0,438,0.9647577092511013,0.6044861319408292,50.0,454
prokofiev_op22_no17,PianoCoRe_198192,Aria_651828_0,Aria-MIDI,Aria-AMT,"Prokofiev,_Sergey/Visions_Fugitives,_Op.22/17._Poetico/score_MS_refined.mid",prokofiev_op22_no17__PianoCoRe_198192,real,prokofiev_op22_no17,prokofiev_op22_no17,Aria_651828_0,429,0.9449339207048458,0.5505167424505646,40.0,454
prokofiev_op22_no17,PianoCoRe_198193,Aria_668628_0,Aria-MIDI,Aria-AMT,"Prokofiev,_Sergey/Visions_Fugitives,_Op.22/17._Poetico/score_MS_refined.mid",prokofiev_op22_no17__PianoCoRe_198193,real,prokofiev_op22_no17,prokofiev_op22_no17,Aria_668628_0,419,0.9229074889867841,0.4173219856338306,45.0,454
prokofiev_op22_no17,PianoCoRe_198194,Aria_785953_0,Aria-MIDI,Aria-AMT,"Prokofiev,_Sergey/Visions_Fugitives,_Op.22/17._Poetico/score_MS_refined.mid",prokofiev_op22_no17__PianoCoRe_198194,real,prokofiev_op22_no17,prokofiev_op22_no17,Aria_785953_0,440,0.9691629955947136,0.5387597643487819,50.0,454
prokofiev_op22_no17,PianoCoRe_198195,Aria_801491_0,Aria-MIDI,Aria-AMT,"Prokofiev,_Sergey/Visions_Fugitives,_Op.22/17._Poetico/score_MS_refined.mid",prokofiev_op22_no17__PianoCoRe_198195,real,prokofiev_op22_no17,prokofiev_op22_no17,Aria_801491_0,433,0.9537444933920705,0.3204244328461514,45.0,454
prokofiev_op22_no17,PianoCoRe_198197,PERiScoPe_74114423,PERiScoPe,Transkun V2,"Prokofiev,_Sergey/Visions_Fugitives,_Op.22/17._Poetico/score_MS_refined.mid",prokofiev_op22_no17__PianoCoRe_198197,real,prokofiev_op22_no17,prokofiev_op22_no17,PERiScoPe_74114423,430,0.947136563876652,0.22791169464602265,44.0,454
prokofiev_op22_no17,PianoCoRe_198198,PERiScoPe_134608929,PERiScoPe,Transkun V2,"Prokofiev,_Sergey/Visions_Fugitives,_Op.22/17._Poetico/score_MS_refined.mid",prokofiev_op22_no17__PianoCoRe_198198,real,prokofiev_op22_no17,prokofiev_op22_no17,PERiScoPe_134608929,445,0.9801762114537445,0.3576100313686429,45.0,454
prokofiev_op22_no17,PianoCoRe_198199,PERiScoPe_136018008,PERiScoPe,Transkun V2,"Prokofiev,_Sergey/Visions_Fugitives,_Op.22/17._Poetico/score_MS_refined.mid",prokofiev_op22_no17__PianoCoRe_198199,real,prokofiev_op22_no17,prokofiev_op22_no17,PERiScoPe_136018008,452,0.9955947136563876,0.3564382900638239,59.0,454
prokofiev_op22_no17,PianoCoRe_198200,PERiScoPe_1087828732,PERiScoPe,Transkun V2,"Prokofiev,_Sergey/Visions_Fugitives,_Op.22/17._Poetico/score_MS_refined.mid",prokofiev_op22_no17__PianoCoRe_198200,real,prokofiev_op22_no17,prokofiev_op22_no17,PERiScoPe_1087828732,432,0.9515418502202643,0.23096797895290758,46.0,454
prokofiev_op22_no17,PianoCoRe_198201,PERiScoPe_1494878212,PERiScoPe,Transkun V2,"Prokofiev,_Sergey/Visions_Fugitives,_Op.22/17._Poetico/score_MS_refined.mid",prokofiev_op22_no17__PianoCoRe_198201,real,prokofiev_op22_no17,prokofiev_op22_no17,PERiScoPe_1494878212,453,0.9977973568281938,0.5067313236648613,50.0,454
prokofiev_op22_no18,PianoCoRe_198202,ATEPP_04872,ATEPP,ATEPP,"Prokofiev,_Sergey/Visions_Fugitives,_Op.22/18._Con_una_dolce_lentezza/score_MS_refined.mid",prokofiev_op22_no18__PianoCoRe_198202,real,prokofiev_op22_no18,prokofiev_op22_no18,ATEPP_04872,319,0.9382352941176471,0.9385997431864839,44.0,337
prokofiev_op22_no18,PianoCoRe_198203,ATEPP_04873,ATEPP,ATEPP,"Prokofiev,_Sergey/Visions_Fugitives,_Op.22/18._Con_una_dolce_lentezza/score_MS_refined.mid",prokofiev_op22_no18__PianoCoRe_198203,real,prokofiev_op22_no18,prokofiev_op22_no18,ATEPP_04873,323,0.95,0.7633380790313511,44.0,337
prokofiev_op22_no18,PianoCoRe_198204,Aria_057676_0,Aria-MIDI,Aria-AMT,"Prokofiev,_Sergey/Visions_Fugitives,_Op.22/18._Con_una_dolce_lentezza/score_MS_refined.mid",prokofiev_op22_no18__PianoCoRe_198204,real,prokofiev_op22_no18,prokofiev_op22_no18,Aria_057676_0,325,0.9558823529411765,0.7497302254452696,50.0,337
prokofiev_op22_no18,PianoCoRe_198205,Aria_080938_0,Aria-MIDI,Aria-AMT,"Prokofiev,_Sergey/Visions_Fugitives,_Op.22/18._Con_una_dolce_lentezza/score_MS_refined.mid",prokofiev_op22_no18__PianoCoRe_198205,real,prokofiev_op22_no18,prokofiev_op22_no18,Aria_080938_0,328,0.9647058823529412,0.9120930338883136,65.0,337
prokofiev_op22_no18,PianoCoRe_198206,Aria_109822_0,Aria-MIDI,Aria-AMT,"Prokofiev,_Sergey/Visions_Fugitives,_Op.22/18._Con_una_dolce_lentezza/score_MS_refined.mid",prokofiev_op22_no18__PianoCoRe_198206,real,prokofiev_op22_no18,prokofiev_op22_no18,Aria_109822_0,328,0.9647058823529412,0.5992072642370652,55.0,337
prokofiev_op22_no18,PianoCoRe_198207,Aria_151087_0,Aria-MIDI,Aria-AMT,"Prokofiev,_Sergey/Visions_Fugitives,_Op.22/18._Con_una_dolce_lentezza/score_MS_refined.mid",prokofiev_op22_no18__PianoCoRe_198207,real,prokofiev_op22_no18,prokofiev_op22_no18,Aria_151087_0,332,0.9764705882352941,0.7866784874670724,68.0,337
prokofiev_op22_no18,PianoCoRe_198208,Aria_158880_0,Aria-MIDI,Aria-AMT,"Prokofiev,_Sergey/Visions_Fugitives,_Op.22/18._Con_una_dolce_lentezza/score_MS_refined.mid",prokofiev_op22_no18__PianoCoRe_198208,real,prokofiev_op22_no18,prokofiev_op22_no18,Aria_158880_0,317,0.9323529411764706,0.5529362418032254,50.0,337
prokofiev_op22_no18,PianoCoRe_198209,Aria_189639_0,Aria-MIDI,Aria-AMT,"Prokofiev,_Sergey/Visions_Fugitives,_Op.22/18._Con_una_dolce_lentezza/score_MS_refined.mid",prokofiev_op22_no18__PianoCoRe_198209,real,prokofiev_op22_no18,prokofiev_op22_no18,Aria_189639_0,332,0.9764705882352941,0.7329961576724552,50.0,337
prokofiev_op22_no18,PianoCoRe_198210,Aria_214259_0,Aria-MIDI,Aria-AMT,"Prokofiev,_Sergey/Visions_Fugitives,_Op.22/18._Con_una_dolce_lentezza/score_MS_refined.mid",prokofiev_op22_no18__PianoCoRe_198210,real,prokofiev_op22_no18,prokofiev_op22_no18,Aria_214259_0,316,0.9294117647058824,0.804229473710892,50.0,337
prokofiev_op22_no18,PianoCoRe_198211,Aria_426058_0,Aria-MIDI,Aria-AMT,"Prokofiev,_Sergey/Visions_Fugitives,_Op.22/18._Con_una_dolce_lentezza/score_MS_refined.mid",prokofiev_op22_no18__PianoCoRe_198211,real,prokofiev_op22_no18,prokofiev_op22_no18,Aria_426058_0,327,0.961764705882353,0.6509814202984605,50.0,337
prokofiev_op22_no18,PianoCoRe_198212,Aria_485701_0,Aria-MIDI,Aria-AMT,"Prokofiev,_Sergey/Visions_Fugitives,_Op.22/18._Con_una_dolce_lentezza/score_MS_refined.mid",prokofiev_op22_no18__PianoCoRe_198212,real,prokofiev_op22_no18,prokofiev_op22_no18,Aria_485701_0,327,0.961764705882353,0.828194115931922,60.0,337
prokofiev_op22_no18,PianoCoRe_198213,Aria_496778_0,Aria-MIDI,Aria-AMT,"Prokofiev,_Sergey/Visions_Fugitives,_Op.22/18._Con_una_dolce_lentezza/score_MS_refined.mid",prokofiev_op22_no18__PianoCoRe_198213,real,prokofiev_op22_no18,prokofiev_op22_no18,Aria_496778_0,319,0.9382352941176471,0.6948327937692755,55.0,337
prokofiev_op22_no18,PianoCoRe_198214,Aria_497943_0,Aria-MIDI,Aria-AMT,"Prokofiev,_Sergey/Visions_Fugitives,_Op.22/18._Con_una_dolce_lentezza/score_MS_refined.mid",prokofiev_op22_no18__PianoCoRe_198214,real,prokofiev_op22_no18,prokofiev_op22_no18,Aria_497943_0,323,0.95,0.7119042985352517,60.0,337
prokofiev_op22_no18,PianoCoRe_198215,Aria_509743_2,Aria-MIDI,Aria-AMT,"Prokofiev,_Sergey/Visions_Fugitives,_Op.22/18._Con_una_dolce_lentezza/score_MS_refined.mid",prokofiev_op22_no18__PianoCoRe_198215,real,prokofiev_op22_no18,prokofiev_op22_no18,Aria_509743_2,331,0.9735294117647059,1.118605523703203,50.0,337
prokofiev_op22_no18,PianoCoRe_198216,Aria_549475_0,Aria-MIDI,Aria-AMT,"Prokofiev,_Sergey/Visions_Fugitives,_Op.22/18._Con_una_dolce_lentezza/score_MS_refined.mid",prokofiev_op22_no18__PianoCoRe_198216,real,prokofiev_op22_no18,prokofiev_op22_no18,Aria_549475_0,315,0.9264705882352942,0.7840915202240643,40.0,337
prokofiev_op22_no18,PianoCoRe_198217,Aria_578342_0,Aria-MIDI,Aria-AMT,"Prokofiev,_Sergey/Visions_Fugitives,_Op.22/18._Con_una_dolce_lentezza/score_MS_refined.mid",prokofiev_op22_no18__PianoCoRe_198217,real,prokofiev_op22_no18,prokofiev_op22_no18,Aria_578342_0,322,0.9470588235294117,0.6312958859849581,50.0,337
prokofiev_op22_no18,PianoCoRe_198218,Aria_707939_0,Aria-MIDI,Aria-AMT,"Prokofiev,_Sergey/Visions_Fugitives,_Op.22/18._Con_una_dolce_lentezza/score_MS_refined.mid",prokofiev_op22_no18__PianoCoRe_198218,real,prokofiev_op22_no18,prokofiev_op22_no18,Aria_707939_0,335,0.9852941176470589,0.7429245471650706,55.0,337
prokofiev_op22_no18,PianoCoRe_198219,Aria_718208_0,Aria-MIDI,Aria-AMT,"Prokofiev,_Sergey/Visions_Fugitives,_Op.22/18._Con_una_dolce_lentezza/score_MS_refined.mid",prokofiev_op22_no18__PianoCoRe_198219,real,prokofiev_op22_no18,prokofiev_op22_no18,Aria_718208_0,328,0.9647058823529412,0.9027999426558788,55.0,337
prokofiev_op22_no18,PianoCoRe_198221,Aria_848652_0,Aria-MIDI,Aria-AMT,"Prokofiev,_Sergey/Visions_Fugitives,_Op.22/18._Con_una_dolce_lentezza/score_MS_refined.mid",prokofiev_op22_no18__PianoCoRe_198221,real,prokofiev_op22_no18,prokofiev_op22_no18,Aria_848652_0,321,0.9441176470588235,1.0118108788949265,50.0,337
prokofiev_op22_no18,PianoCoRe_198222,Aria_904348_3,Aria-MIDI,Aria-AMT,"Prokofiev,_Sergey/Visions_Fugitives,_Op.22/18._Con_una_dolce_lentezza/score_MS_refined.mid",prokofiev_op22_no18__PianoCoRe_198222,real,prokofiev_op22_no18,prokofiev_op22_no18,Aria_904348_3,279,0.8205882352941176,0.5773195731390747,55.0,337
prokofiev_op22_no18,PianoCoRe_198223,Aria_910153_0,Aria-MIDI,Aria-AMT,"Prokofiev,_Sergey/Visions_Fugitives,_Op.22/18._Con_una_dolce_lentezza/score_MS_refined.mid",prokofiev_op22_no18__PianoCoRe_198223,real,prokofiev_op22_no18,prokofiev_op22_no18,Aria_910153_0,332,0.9764705882352941,1.0183644422357168,55.0,337
prokofiev_op22_no18,PianoCoRe_198224,PERiScoPe_63760824,PERiScoPe,Transkun V2,"Prokofiev,_Sergey/Visions_Fugitives,_Op.22/18._Con_una_dolce_lentezza/score_MS_refined.mid",prokofiev_op22_no18__PianoCoRe_198224,real,prokofiev_op22_no18,prokofiev_op22_no18,PERiScoPe_63760824,292,0.8588235294117647,0.7611893764632308,38.0,337
prokofiev_op22_no18,PianoCoRe_198225,PERiScoPe_134608931,PERiScoPe,Transkun V2,"Prokofiev,_Sergey/Visions_Fugitives,_Op.22/18._Con_una_dolce_lentezza/score_MS_refined.mid",prokofiev_op22_no18__PianoCoRe_198225,real,prokofiev_op22_no18,prokofiev_op22_no18,PERiScoPe_134608931,328,0.9647058823529412,0.5742673615782372,44.0,337
prokofiev_op22_no18,PianoCoRe_198226,PERiScoPe_526338372,PERiScoPe,Transkun V2,"Prokofiev,_Sergey/Visions_Fugitives,_Op.22/18._Con_una_dolce_lentezza/score_MS_refined.mid",prokofiev_op22_no18__PianoCoRe_198226,real,prokofiev_op22_no18,prokofiev_op22_no18,PERiScoPe_526338372,327,0.961764705882353,0.7477100076455094,56.0,337
prokofiev_op22_no18,PianoCoRe_198227,PERiScoPe_892841752,PERiScoPe,Transkun V2,"Prokofiev,_Sergey/Visions_Fugitives,_Op.22/18._Con_una_dolce_lentezza/score_MS_refined.mid",prokofiev_op22_no18__PianoCoRe_198227,real,prokofiev_op22_no18,prokofiev_op22_no18,PERiScoPe_892841752,324,0.9529411764705882,0.8436759507169261,62.0,337
prokofiev_op22_no18,PianoCoRe_198228,PERiScoPe_1072293062,PERiScoPe,Transkun V2,"Prokofiev,_Sergey/Visions_Fugitives,_Op.22/18._Con_una_dolce_lentezza/score_MS_refined.mid",prokofiev_op22_no18__PianoCoRe_198228,real,prokofiev_op22_no18,prokofiev_op22_no18,PERiScoPe_1072293062,326,0.9588235294117647,0.5540645493702605,62.0,337
prokofiev_op22_no18,PianoCoRe_198229,PERiScoPe_1087828752,PERiScoPe,Transkun V2,"Prokofiev,_Sergey/Visions_Fugitives,_Op.22/18._Con_una_dolce_lentezza/score_MS_refined.mid",prokofiev_op22_no18__PianoCoRe_198229,real,prokofiev_op22_no18,prokofiev_op22_no18,PERiScoPe_1087828752,327,0.961764705882353,0.45155082151626513,51.0,337
prokofiev_op22_no18,PianoCoRe_198230,PERiScoPe_1494878222,PERiScoPe,Transkun V2,"Prokofiev,_Sergey/Visions_Fugitives,_Op.22/18._Con_una_dolce_lentezza/score_MS_refined.mid",prokofiev_op22_no18__PianoCoRe_198230,real,prokofiev_op22_no18,prokofiev_op22_no18,PERiScoPe_1494878222,323,0.95,0.8838693094805748,51.0,337
prokofiev_op22_no20,PianoCoRe_198236,Aria_010627_3,Aria-MIDI,Aria-AMT,"Prokofiev,_Sergey/Visions_Fugitives,_Op.22/20._Lento_irrealmente/score_MS_refined.mid",prokofiev_op22_no20__PianoCoRe_198236,real,prokofiev_op22_no20,prokofiev_op22_no20,Aria_010627_3,399,0.8176229508196722,0.8365998097972871,45.0,476
prokofiev_op22_no20,PianoCoRe_198237,Aria_167909_0,Aria-MIDI,Aria-AMT,"Prokofiev,_Sergey/Visions_Fugitives,_Op.22/20._Lento_irrealmente/score_MS_refined.mid",prokofiev_op22_no20__PianoCoRe_198237,real,prokofiev_op22_no20,prokofiev_op22_no20,Aria_167909_0,428,0.8770491803278688,1.259760233462875,35.0,476
prokofiev_op22_no20,PianoCoRe_198238,Aria_281273_0,Aria-MIDI,Aria-AMT,"Prokofiev,_Sergey/Visions_Fugitives,_Op.22/20._Lento_irrealmente/score_MS_refined.mid",prokofiev_op22_no20__PianoCoRe_198238,real,prokofiev_op22_no20,prokofiev_op22_no20,Aria_281273_0,411,0.8422131147540983,0.8348921450618079,40.0,476
prokofiev_op22_no20,PianoCoRe_198239,Aria_300462_5,Aria-MIDI,Aria-AMT,"Prokofiev,_Sergey/Visions_Fugitives,_Op.22/20._Lento_irrealmente/score_MS_refined.mid",prokofiev_op22_no20__PianoCoRe_198239,real,prokofiev_op22_no20,prokofiev_op22_no20,Aria_300462_5,408,0.8360655737704918,1.0518080650579014,35.0,476
prokofiev_op22_no20,PianoCoRe_198241,Aria_342363_0,Aria-MIDI,Aria-AMT,"Prokofiev,_Sergey/Visions_Fugitives,_Op.22/20._Lento_irrealmente/score_MS_refined.mid",prokofiev_op22_no20__PianoCoRe_198241,real,prokofiev_op22_no20,prokofiev_op22_no20,Aria_342363_0,438,0.8975409836065574,1.138312432049253,40.0,476
prokofiev_op22_no20,PianoCoRe_198242,Aria_343141_0,Aria-MIDI,Aria-AMT,"Prokofiev,_Sergey/Visions_Fugitives,_Op.22/20._Lento_irrealmente/score_MS_refined.mid",prokofiev_op22_no20__PianoCoRe_198242,real,prokofiev_op22_no20,prokofiev_op22_no20,Aria_343141_0,445,0.9118852459016393,0.8024512727230514,50.0,476
prokofiev_op22_no20,PianoCoRe_198243,Aria_400020_0,Aria-MIDI,Aria-AMT,"Prokofiev,_Sergey/Visions_Fugitives,_Op.22/20._Lento_irrealmente/score_MS_refined.mid",prokofiev_op22_no20__PianoCoRe_198243,real,prokofiev_op22_no20,prokofiev_op22_no20,Aria_400020_0,447,0.9159836065573771,1.0329756977924143,50.0,476
prokofiev_op22_no20,PianoCoRe_198244,Aria_425477_0,Aria-MIDI,Aria-AMT,"Prokofiev,_Sergey/Visions_Fugitives,_Op.22/20._Lento_irrealmente/score_MS_refined.mid",prokofiev_op22_no20__PianoCoRe_198244,real,prokofiev_op22_no20,prokofiev_op22_no20,Aria_425477_0,425,0.8709016393442623,0.8564693064103981,45.0,476
prokofiev_op22_no20,PianoCoRe_198246,Aria_537409_0,Aria-MIDI,Aria-AMT,"Prokofiev,_Sergey/Visions_Fugitives,_Op.22/20._Lento_irrealmente/score_MS_refined.mid",prokofiev_op22_no20__PianoCoRe_198246,real,prokofiev_op22_no20,prokofiev_op22_no20,Aria_537409_0,439,0.8995901639344263,0.9815405266792492,45.0,476
prokofiev_op22_no20,PianoCoRe_198247,Aria_569457_0,Aria-MIDI,Aria-AMT,"Prokofiev,_Sergey/Visions_Fugitives,_Op.22/20._Lento_irrealmente/score_MS_refined.mid",prokofiev_op22_no20__PianoCoRe_198247,real,prokofiev_op22_no20,prokofiev_op22_no20,Aria_569457_0,440,0.9016393442622951,0.9516576089978089,35.0,476
prokofiev_op22_no20,PianoCoRe_198248,Aria_685646_0,Aria-MIDI,Aria-AMT,"Prokofiev,_Sergey/Visions_Fugitives,_Op.22/20._Lento_irrealmente/score_MS_refined.mid",prokofiev_op22_no20__PianoCoRe_198248,real,prokofiev_op22_no20,prokofiev_op22_no20,Aria_685646_0,408,0.8360655737704918,0.8880659154553519,30.0,476
prokofiev_op22_no20,PianoCoRe_198249,Aria_699035_0,Aria-MIDI,Aria-AMT,"Prokofiev,_Sergey/Visions_Fugitives,_Op.22/20._Lento_irrealmente/score_MS_refined.mid",prokofiev_op22_no20__PianoCoRe_198249,real,prokofiev_op22_no20,prokofiev_op22_no20,Aria_699035_0,445,0.9118852459016393,1.4572269984149986,40.0,476
prokofiev_op22_no20,PianoCoRe_198251,Aria_888530_0,Aria-MIDI,Aria-AMT,"Prokofiev,_Sergey/Visions_Fugitives,_Op.22/20._Lento_irrealmente/score_MS_refined.mid",prokofiev_op22_no20__PianoCoRe_198251,real,prokofiev_op22_no20,prokofiev_op22_no20,Aria_888530_0,449,0.9200819672131147,0.7241030092478637,45.0,476
prokofiev_op22_no20,PianoCoRe_198252,Aria_902664_0,Aria-MIDI,Aria-AMT,"Prokofiev,_Sergey/Visions_Fugitives,_Op.22/20._Lento_irrealmente/score_MS_refined.mid",prokofiev_op22_no20__PianoCoRe_198252,real,prokofiev_op22_no20,prokofiev_op22_no20,Aria_902664_0,417,0.8545081967213115,0.8673976527361973,40.0,476
prokofiev_op22_no20,PianoCoRe_198253,Aria_904348_4,Aria-MIDI,Aria-AMT,"Prokofiev,_Sergey/Visions_Fugitives,_Op.22/20._Lento_irrealmente/score_MS_refined.mid",prokofiev_op22_no20__PianoCoRe_198253,real,prokofiev_op22_no20,prokofiev_op22_no20,Aria_904348_4,429,0.8790983606557377,0.8571817481493693,40.0,476
prokofiev_op22_no20,PianoCoRe_198254,Aria_919571_0,Aria-MIDI,Aria-AMT,"Prokofiev,_Sergey/Visions_Fugitives,_Op.22/20._Lento_irrealmente/score_MS_refined.mid",prokofiev_op22_no20__PianoCoRe_198254,real,prokofiev_op22_no20,prokofiev_op22_no20,Aria_919571_0,433,0.8872950819672131,0.8293620102294837,55.0,476
prokofiev_op22_no20,PianoCoRe_198256,PERiScoPe_134608935,PERiScoPe,Transkun V2,"Prokofiev,_Sergey/Visions_Fugitives,_Op.22/20._Lento_irrealmente/score_MS_refined.mid",prokofiev_op22_no20__PianoCoRe_198256,real,prokofiev_op22_no20,prokofiev_op22_no20,PERiScoPe_134608935,421,0.8627049180327869,0.7196312987222259,40.0,476
prokofiev_op22_no20,PianoCoRe_198257,PERiScoPe_136018022,PERiScoPe,Transkun V2,"Prokofiev,_Sergey/Visions_Fugitives,_Op.22/20._Lento_irrealmente/score_MS_refined.mid",prokofiev_op22_no20__PianoCoRe_198257,real,prokofiev_op22_no20,prokofiev_op22_no20,PERiScoPe_136018022,441,0.9036885245901639,0.8650651676685426,54.0,476
prokofiev_op22_no20,PianoCoRe_198258,PERiScoPe_892841772,PERiScoPe,Transkun V2,"Prokofiev,_Sergey/Visions_Fugitives,_Op.22/20._Lento_irrealmente/score_MS_refined.mid",prokofiev_op22_no20__PianoCoRe_198258,real,prokofiev_op22_no20,prokofiev_op22_no20,PERiScoPe_892841772,441,0.9036885245901639,1.1018471509250947,56.0,476
prokofiev_op22_no7,PianoCoRe_197929,Aria_178504_0,Aria-MIDI,Aria-AMT,"Prokofiev,_Sergey/Visions_Fugitives,_Op.22/7._Pittoresco_(Arpa)/score_MS_refined.mid",prokofiev_op22_no7__PianoCoRe_197929,real,prokofiev_op22_no7,prokofiev_op22_no7,Aria_178504_0,475,0.903041825095057,0.8086538947487926,45.0,522
prokofiev_op22_no7,PianoCoRe_197930,Aria_200891_0,Aria-MIDI,Aria-AMT,"Prokofiev,_Sergey/Visions_Fugitives,_Op.22/7._Pittoresco_(Arpa)/score_MS_refined.mid",prokofiev_op22_no7__PianoCoRe_197930,real,prokofiev_op22_no7,prokofiev_op22_no7,Aria_200891_0,492,0.935361216730038,0.5701287484174427,70.0,522
prokofiev_op22_no7,PianoCoRe_197931,Aria_259645_0,Aria-MIDI,Aria-AMT,"Prokofiev,_Sergey/Visions_Fugitives,_Op.22/7._Pittoresco_(Arpa)/score_MS_refined.mid",prokofiev_op22_no7__PianoCoRe_197931,real,prokofiev_op22_no7,prokofiev_op22_no7,Aria_259645_0,505,0.9600760456273765,0.7635836206399699,45.0,522
prokofiev_op22_no7,PianoCoRe_197933,Aria_291248_0,Aria-MIDI,Aria-AMT,"Prokofiev,_Sergey/Visions_Fugitives,_Op.22/7._Pittoresco_(Arpa)/score_MS_refined.mid",prokofiev_op22_no7__PianoCoRe_197933,real,prokofiev_op22_no7,prokofiev_op22_no7,Aria_291248_0,510,0.9695817490494296,0.6399812050393076,55.0,522
prokofiev_op22_no7,PianoCoRe_197934,Aria_327649_0,Aria-MIDI,Aria-AMT,"Prokofiev,_Sergey/Visions_Fugitives,_Op.22/7._Pittoresco_(Arpa)/score_MS_refined.mid",prokofiev_op22_no7__PianoCoRe_197934,real,prokofiev_op22_no7,prokofiev_op22_no7,Aria_327649_0,494,0.9391634980988594,0.7914754367352921,35.0,522
prokofiev_op22_no7,PianoCoRe_197935,Aria_346022_0,Aria-MIDI,Aria-AMT,"Prokofiev,_Sergey/Visions_Fugitives,_Op.22/7._Pittoresco_(Arpa)/score_MS_refined.mid",prokofiev_op22_no7__PianoCoRe_197935,real,prokofiev_op22_no7,prokofiev_op22_no7,Aria_346022_0,492,0.935361216730038,0.6480672024068341,50.0,522
prokofiev_op22_no7,PianoCoRe_197937,Aria_405514_0,Aria-MIDI,Aria-AMT,"Prokofiev,_Sergey/Visions_Fugitives,_Op.22/7._Pittoresco_(Arpa)/score_MS_refined.mid",prokofiev_op22_no7__PianoCoRe_197937,real,prokofiev_op22_no7,prokofiev_op22_no7,Aria_405514_0,492,0.935361216730038,0.6562396910690462,45.0,522
prokofiev_op22_no7,PianoCoRe_197938,Aria_425202_0,Aria-MIDI,Aria-AMT,"Prokofiev,_Sergey/Visions_Fugitives,_Op.22/7._Pittoresco_(Arpa)/score_MS_refined.mid",prokofiev_op22_no7__PianoCoRe_197938,real,prokofiev_op22_no7,prokofiev_op22_no7,Aria_425202_0,498,0.9467680608365019,0.6409672194211246,50.0,522
prokofiev_op22_no7,PianoCoRe_197939,Aria_460232_0,Aria-MIDI,Aria-AMT,"Prokofiev,_Sergey/Visions_Fugitives,_Op.22/7._Pittoresco_(Arpa)/score_MS_refined.mid",prokofiev_op22_no7__PianoCoRe_197939,real,prokofiev_op22_no7,prokofiev_op22_no7,Aria_460232_0,492,0.935361216730038,0.6569448313288154,60.0,522
prokofiev_op22_no7,PianoCoRe_197940,Aria_496767_0,Aria-MIDI,Aria-AMT,"Prokofiev,_Sergey/Visions_Fugitives,_Op.22/7._Pittoresco_(Arpa)/score_MS_refined.mid",prokofiev_op22_no7__PianoCoRe_197940,real,prokofiev_op22_no7,prokofiev_op22_no7,Aria_496767_0,487,0.9258555133079848,0.6476663070995299,45.0,522
prokofiev_op22_no7,PianoCoRe_197941,Aria_501020_0,Aria-MIDI,Aria-AMT,"Prokofiev,_Sergey/Visions_Fugitives,_Op.22/7._Pittoresco_(Arpa)/score_MS_refined.mid",prokofiev_op22_no7__PianoCoRe_197941,real,prokofiev_op22_no7,prokofiev_op22_no7,Aria_501020_0,507,0.9638783269961977,0.7175884457820225,55.0,522
prokofiev_op22_no7,PianoCoRe_197943,Aria_657108_0,Aria-MIDI,Aria-AMT,"Prokofiev,_Sergey/Visions_Fugitives,_Op.22/7._Pittoresco_(Arpa)/score_MS_refined.mid",prokofiev_op22_no7__PianoCoRe_197943,real,prokofiev_op22_no7,prokofiev_op22_no7,Aria_657108_0,490,0.9315589353612167,0.5614458612779204,50.0,522
prokofiev_op22_no7,PianoCoRe_197944,Aria_676027_0,Aria-MIDI,Aria-AMT,"Prokofiev,_Sergey/Visions_Fugitives,_Op.22/7._Pittoresco_(Arpa)/score_MS_refined.mid",prokofiev_op22_no7__PianoCoRe_197944,real,prokofiev_op22_no7,prokofiev_op22_no7,Aria_676027_0,478,0.908745247148289,0.5059101935236544,40.0,522
prokofiev_op22_no7,PianoCoRe_197945,Aria_682806_0,Aria-MIDI,Aria-AMT,"Prokofiev,_Sergey/Visions_Fugitives,_Op.22/7._Pittoresco_(Arpa)/score_MS_refined.mid",prokofiev_op22_no7__PianoCoRe_197945,real,prokofiev_op22_no7,prokofiev_op22_no7,Aria_682806_0,498,0.9467680608365019,0.6037022673741882,45.0,522
prokofiev_op22_no7,PianoCoRe_197946,Aria_742043_0,Aria-MIDI,Aria-AMT,"Prokofiev,_Sergey/Visions_Fugitives,_Op.22/7._Pittoresco_(Arpa)/score_MS_refined.mid",prokofiev_op22_no7__PianoCoRe_197946,real,prokofiev_op22_no7,prokofiev_op22_no7,Aria_742043_0,506,0.9619771863117871,0.6818965834506185,55.0,522
prokofiev_op22_no7,PianoCoRe_197947,Aria_792200_0,Aria-MIDI,Aria-AMT,"Prokofiev,_Sergey/Visions_Fugitives,_Op.22/7._Pittoresco_(Arpa)/score_MS_refined.mid",prokofiev_op22_no7__PianoCoRe_197947,real,prokofiev_op22_no7,prokofiev_op22_no7,Aria_792200_0,497,0.9448669201520913,0.8221950274695365,55.0,522
prokofiev_op22_no7,PianoCoRe_197949,Aria_830577_0,Aria-MIDI,Aria-AMT,"Prokofiev,_Sergey/Visions_Fugitives,_Op.22/7._Pittoresco_(Arpa)/score_MS_refined.mid",prokofiev_op22_no7__PianoCoRe_197949,real,prokofiev_op22_no7,prokofiev_op22_no7,Aria_830577_0,503,0.9562737642585551,0.791622845433013,45.0,522
prokofiev_op22_no7,PianoCoRe_197950,Aria_836216_0,Aria-MIDI,Aria-AMT,"Prokofiev,_Sergey/Visions_Fugitives,_Op.22/7._Pittoresco_(Arpa)/score_MS_refined.mid",prokofiev_op22_no7__PianoCoRe_197950,real,prokofiev_op22_no7,prokofiev_op22_no7,Aria_836216_0,505,0.9600760456273765,1.0874463611069631,60.0,522
prokofiev_op22_no7,PianoCoRe_197951,Aria_869895_0,Aria-MIDI,Aria-AMT,"Prokofiev,_Sergey/Visions_Fugitives,_Op.22/7._Pittoresco_(Arpa)/score_MS_refined.mid",prokofiev_op22_no7__PianoCoRe_197951,real,prokofiev_op22_no7,prokofiev_op22_no7,Aria_869895_0,474,0.9011406844106464,0.6226292002188467,60.0,522
prokofiev_op22_no7,PianoCoRe_197953,PERiScoPe_72268357,PERiScoPe,Transkun V2,"Prokofiev,_Sergey/Visions_Fugitives,_Op.22/7._Pittoresco_(Arpa)/score_MS_refined.mid",prokofiev_op22_no7__PianoCoRe_197953,real,prokofiev_op22_no7,prokofiev_op22_no7,PERiScoPe_72268357,497,0.9448669201520913,0.6352676868348095,47.0,522
prokofiev_op22_no7,PianoCoRe_197954,PERiScoPe_134608909,PERiScoPe,Transkun V2,"Prokofiev,_Sergey/Visions_Fugitives,_Op.22/7._Pittoresco_(Arpa)/score_MS_refined.mid",prokofiev_op22_no7__PianoCoRe_197954,real,prokofiev_op22_no7,prokofiev_op22_no7,PERiScoPe_134608909,513,0.9752851711026616,0.565705961861639,54.0,522
prokofiev_op22_no7,PianoCoRe_197955,PERiScoPe_136017978,PERiScoPe,Transkun V2,"Prokofiev,_Sergey/Visions_Fugitives,_Op.22/7._Pittoresco_(Arpa)/score_MS_refined.mid",prokofiev_op22_no7__PianoCoRe_197955,real,prokofiev_op22_no7,prokofiev_op22_no7,PERiScoPe_136017978,514,0.9771863117870723,0.6737474581958213,63.0,522
prokofiev_op22_no7,PianoCoRe_197956,PERiScoPe_892841642,PERiScoPe,Transkun V2,"Prokofiev,_Sergey/Visions_Fugitives,_Op.22/7._Pittoresco_(Arpa)/score_MS_refined.mid",prokofiev_op22_no7__PianoCoRe_197956,real,prokofiev_op22_no7,prokofiev_op22_no7,PERiScoPe_892841642,511,0.9714828897338403,0.7780516335101337,64.0,522
prokofiev_op22_no7,PianoCoRe_197957,PERiScoPe_1494878112,PERiScoPe,Transkun V2,"Prokofiev,_Sergey/Visions_Fugitives,_Op.22/7._Pittoresco_(Arpa)/score_MS_refined.mid",prokofiev_op22_no7__PianoCoRe_197957,real,prokofiev_op22_no7,prokofiev_op22_no7,PERiScoPe_1494878112,508,0.9657794676806084,0.743970880475487,53.0,522
prokofiev_op22_no8,PianoCoRe_197958,ATEPP_04860,ATEPP,ATEPP,"Prokofiev,_Sergey/Visions_Fugitives,_Op.22/8._Commodo/score_MS_refined.mid",prokofiev_op22_no8__PianoCoRe_197958,real,prokofiev_op22_no8,prokofiev_op22_no8,ATEPP_04860,382,0.9794871794871794,0.8187235061305649,44.0,387
prokofiev_op22_no8,PianoCoRe_197959,ATEPP_04861,ATEPP,ATEPP,"Prokofiev,_Sergey/Visions_Fugitives,_Op.22/8._Commodo/score_MS_refined.mid",prokofiev_op22_no8__PianoCoRe_197959,real,prokofiev_op22_no8,prokofiev_op22_no8,ATEPP_04861,378,0.9692307692307692,0.7884409845018322,46.0,387
prokofiev_op22_no8,PianoCoRe_197960,ATEPP_04862,ATEPP,ATEPP,"Prokofiev,_Sergey/Visions_Fugitives,_Op.22/8._Commodo/score_MS_refined.mid",prokofiev_op22_no8__PianoCoRe_197960,real,prokofiev_op22_no8,prokofiev_op22_no8,ATEPP_04862,361,0.9256410256410257,0.7921961269323861,44.0,387
prokofiev_op22_no8,PianoCoRe_197961,Aria_005678_0,Aria-MIDI,Aria-AMT,"Prokofiev,_Sergey/Visions_Fugitives,_Op.22/8._Commodo/score_MS_refined.mid",prokofiev_op22_no8__PianoCoRe_197961,real,prokofiev_op22_no8,prokofiev_op22_no8,Aria_005678_0,383,0.982051282051282,0.7961748666008571,45.0,387
prokofiev_op22_no8,PianoCoRe_197962,Aria_048723_0,Aria-MIDI,Aria-AMT,"Prokofiev,_Sergey/Visions_Fugitives,_Op.22/8._Commodo/score_MS_refined.mid",prokofiev_op22_no8__PianoCoRe_197962,real,prokofiev_op22_no8,prokofiev_op22_no8,Aria_048723_0,384,0.9846153846153847,0.8620439764318553,50.0,387
prokofiev_op22_no8,PianoCoRe_197963,Aria_063060_0,Aria-MIDI,Aria-AMT,"Prokofiev,_Sergey/Visions_Fugitives,_Op.22/8._Commodo/score_MS_refined.mid",prokofiev_op22_no8__PianoCoRe_197963,real,prokofiev_op22_no8,prokofiev_op22_no8,Aria_063060_0,384,0.9846153846153847,0.6987141160018536,45.0,387
prokofiev_op22_no8,PianoCoRe_197964,Aria_069754_0,Aria-MIDI,Aria-AMT,"Prokofiev,_Sergey/Visions_Fugitives,_Op.22/8._Commodo/score_MS_refined.mid",prokofiev_op22_no8__PianoCoRe_197964,real,prokofiev_op22_no8,prokofiev_op22_no8,Aria_069754_0,380,0.9743589743589743,0.513348588333533,50.0,387
prokofiev_op22_no8,PianoCoRe_197965,Aria_095538_0,Aria-MIDI,Aria-AMT,"Prokofiev,_Sergey/Visions_Fugitives,_Op.22/8._Commodo/score_MS_refined.mid",prokofiev_op22_no8__PianoCoRe_197965,real,prokofiev_op22_no8,prokofiev_op22_no8,Aria_095538_0,364,0.9333333333333333,0.8945176442910524,30.0,387
prokofiev_op22_no8,PianoCoRe_197966,Aria_106272_0,Aria-MIDI,Aria-AMT,"Prokofiev,_Sergey/Visions_Fugitives,_Op.22/8._Commodo/score_MS_refined.mid",prokofiev_op22_no8__PianoCoRe_197966,real,prokofiev_op22_no8,prokofiev_op22_no8,Aria_106272_0,376,0.9641025641025641,1.2182403065798684,60.0,387
prokofiev_op22_no8,PianoCoRe_197967,Aria_115433_0,Aria-MIDI,Aria-AMT,"Prokofiev,_Sergey/Visions_Fugitives,_Op.22/8._Commodo/score_MS_refined.mid",prokofiev_op22_no8__PianoCoRe_197967,real,prokofiev_op22_no8,prokofiev_op22_no8,Aria_115433_0,384,0.9846153846153847,1.0636054423328354,45.0,387
prokofiev_op22_no8,PianoCoRe_197968,Aria_133818_0,Aria-MIDI,Aria-AMT,"Prokofiev,_Sergey/Visions_Fugitives,_Op.22/8._Commodo/score_MS_refined.mid",prokofiev_op22_no8__PianoCoRe_197968,real,prokofiev_op22_no8,prokofiev_op22_no8,Aria_133818_0,382,0.9794871794871794,0.7594033706757872,55.0,387
prokofiev_op22_no8,PianoCoRe_197969,Aria_134827_0,Aria-MIDI,Aria-AMT,"Prokofiev,_Sergey/Visions_Fugitives,_Op.22/8._Commodo/score_MS_refined.mid",prokofiev_op22_no8__PianoCoRe_197969,real,prokofiev_op22_no8,prokofiev_op22_no8,Aria_134827_0,382,0.9794871794871794,0.6557815118216079,40.0,387
prokofiev_op22_no8,PianoCoRe_197970,Aria_169911_0,Aria-MIDI,Aria-AMT,"Prokofiev,_Sergey/Visions_Fugitives,_Op.22/8._Commodo/score_MS_refined.mid",prokofiev_op22_no8__PianoCoRe_197970,real,prokofiev_op22_no8,prokofiev_op22_no8,Aria_169911_0,381,0.9769230769230769,0.5720830625743494,50.0,387
prokofiev_op22_no8,PianoCoRe_197971,Aria_187155_0,Aria-MIDI,Aria-AMT,"Prokofiev,_Sergey/Visions_Fugitives,_Op.22/8._Commodo/score_MS_refined.mid",prokofiev_op22_no8__PianoCoRe_197971,real,prokofiev_op22_no8,prokofiev_op22_no8,Aria_187155_0,381,0.9769230769230769,0.7011830665667743,50.0,387
prokofiev_op22_no8,PianoCoRe_197973,Aria_232065_0,Aria-MIDI,Aria-AMT,"Prokofiev,_Sergey/Visions_Fugitives,_Op.22/8._Commodo/score_MS_refined.mid",prokofiev_op22_no8__PianoCoRe_197973,real,prokofiev_op22_no8,prokofiev_op22_no8,Aria_232065_0,382,0.9794871794871794,0.7317991653273411,55.0,387
prokofiev_op22_no8,PianoCoRe_197974,Aria_253768_0,Aria-MIDI,Aria-AMT,"Prokofiev,_Sergey/Visions_Fugitives,_Op.22/8._Commodo/score_MS_refined.mid",prokofiev_op22_no8__PianoCoRe_197974,real,prokofiev_op22_no8,prokofiev_op22_no8,Aria_253768_0,381,0.9769230769230769,0.9452052566435061,50.0,387
prokofiev_op22_no8,PianoCoRe_197975,Aria_264120_0,Aria-MIDI,Aria-AMT,"Prokofiev,_Sergey/Visions_Fugitives,_Op.22/8._Commodo/score_MS_refined.mid",prokofiev_op22_no8__PianoCoRe_197975,real,prokofiev_op22_no8,prokofiev_op22_no8,Aria_264120_0,378,0.9692307692307692,0.8398971564950217,45.0,387
prokofiev_op22_no8,PianoCoRe_197976,Aria_276228_0,Aria-MIDI,Aria-AMT,"Prokofiev,_Sergey/Visions_Fugitives,_Op.22/8._Commodo/score_MS_refined.mid",prokofiev_op22_no8__PianoCoRe_197976,real,prokofiev_op22_no8,prokofiev_op22_no8,Aria_276228_0,380,0.9743589743589743,0.6881755968333811,45.0,387
prokofiev_op22_no8,PianoCoRe_197977,Aria_283202_0,Aria-MIDI,Aria-AMT,"Prokofiev,_Sergey/Visions_Fugitives,_Op.22/8._Commodo/score_MS_refined.mid",prokofiev_op22_no8__PianoCoRe_197977,real,prokofiev_op22_no8,prokofiev_op22_no8,Aria_283202_0,383,0.982051282051282,0.5627760575774359,55.0,387
prokofiev_op22_no8,PianoCoRe_197978,Aria_283573_0,Aria-MIDI,Aria-AMT,"Prokofiev,_Sergey/Visions_Fugitives,_Op.22/8._Commodo/score_MS_refined.mid",prokofiev_op22_no8__PianoCoRe_197978,real,prokofiev_op22_no8,prokofiev_op22_no8,Aria_283573_0,376,0.9641025641025641,0.961640883503261,35.0,387
prokofiev_op22_no8,PianoCoRe_197979,Aria_311549_0,Aria-MIDI,Aria-AMT,"Prokofiev,_Sergey/Visions_Fugitives,_Op.22/8._Commodo/score_MS_refined.mid",prokofiev_op22_no8__PianoCoRe_197979,real,prokofiev_op22_no8,prokofiev_op22_no8,Aria_311549_0,375,0.9615384615384616,1.0091212200219235,55.0,387
prokofiev_op22_no8,PianoCoRe_197980,Aria_350790_0,Aria-MIDI,Aria-AMT,"Prokofiev,_Sergey/Visions_Fugitives,_Op.22/8._Commodo/score_MS_refined.mid",prokofiev_op22_no8__PianoCoRe_197980,real,prokofiev_op22_no8,prokofiev_op22_no8,Aria_350790_0,381,0.9769230769230769,0.6715232542694907,40.0,387
prokofiev_op22_no8,PianoCoRe_197981,Aria_358030_0,Aria-MIDI,Aria-AMT,"Prokofiev,_Sergey/Visions_Fugitives,_Op.22/8._Commodo/score_MS_refined.mid",prokofiev_op22_no8__PianoCoRe_197981,real,prokofiev_op22_no8,prokofiev_op22_no8,Aria_358030_0,382,0.9794871794871794,0.5394890722261545,60.0,387
prokofiev_op22_no8,PianoCoRe_197983,Aria_488391_0,Aria-MIDI,Aria-AMT,"Prokofiev,_Sergey/Visions_Fugitives,_Op.22/8._Commodo/score_MS_refined.mid",prokofiev_op22_no8__PianoCoRe_197983,real,prokofiev_op22_no8,prokofiev_op22_no8,Aria_488391_0,377,0.9666666666666667,0.7432919366245843,45.0,387
prokofiev_op22_no8,PianoCoRe_197984,Aria_490748_0,Aria-MIDI,Aria-AMT,"Prokofiev,_Sergey/Visions_Fugitives,_Op.22/8._Commodo/score_MS_refined.mid",prokofiev_op22_no8__PianoCoRe_197984,real,prokofiev_op22_no8,prokofiev_op22_no8,Aria_490748_0,375,0.9615384615384616,0.7022005092653492,45.0,387
prokofiev_op22_no8,PianoCoRe_197986,Aria_540667_0,Aria-MIDI,Aria-AMT,"Prokofiev,_Sergey/Visions_Fugitives,_Op.22/8._Commodo/score_MS_refined.mid",prokofiev_op22_no8__PianoCoRe_197986,real,prokofiev_op22_no8,prokofiev_op22_no8,Aria_540667_0,380,0.9743589743589743,0.8898858525930207,50.0,387
prokofiev_op22_no8,PianoCoRe_197987,Aria_542603_0,Aria-MIDI,Aria-AMT,"Prokofiev,_Sergey/Visions_Fugitives,_Op.22/8._Commodo/score_MS_refined.mid",prokofiev_op22_no8__PianoCoRe_197987,real,prokofiev_op22_no8,prokofiev_op22_no8,Aria_542603_0,380,0.9743589743589743,0.76164616503643,50.0,387
prokofiev_op22_no8,PianoCoRe_197988,Aria_573062_0,Aria-MIDI,Aria-AMT,"Prokofiev,_Sergey/Visions_Fugitives,_Op.22/8._Commodo/score_MS_refined.mid",prokofiev_op22_no8__PianoCoRe_197988,real,prokofiev_op22_no8,prokofiev_op22_no8,Aria_573062_0,384,0.9846153846153847,0.9226075489439141,45.0,387
prokofiev_op22_no8,PianoCoRe_197989,Aria_581165_0,Aria-MIDI,Aria-AMT,"Prokofiev,_Sergey/Visions_Fugitives,_Op.22/8._Commodo/score_MS_refined.mid",prokofiev_op22_no8__PianoCoRe_197989,real,prokofiev_op22_no8,prokofiev_op22_no8,Aria_581165_0,358,0.9179487179487179,0.7510169783375541,45.0,387
prokofiev_op22_no8,PianoCoRe_197990,Aria_637945_0,Aria-MIDI,Aria-AMT,"Prokofiev,_Sergey/Visions_Fugitives,_Op.22/8._Commodo/score_MS_refined.mid",prokofiev_op22_no8__PianoCoRe_197990,real,prokofiev_op22_no8,prokofiev_op22_no8,Aria_637945_0,378,0.9692307692307692,0.8179622315570924,35.0,387
prokofiev_op22_no8,PianoCoRe_197991,Aria_729963_0,Aria-MIDI,Aria-AMT,"Prokofiev,_Sergey/Visions_Fugitives,_Op.22/8._Commodo/score_MS_refined.mid",prokofiev_op22_no8__PianoCoRe_197991,real,prokofiev_op22_no8,prokofiev_op22_no8,Aria_729963_0,372,0.9538461538461539,0.7521635496763385,50.0,387
prokofiev_op22_no8,PianoCoRe_197992,Aria_731355_0,Aria-MIDI,Aria-AMT,"Prokofiev,_Sergey/Visions_Fugitives,_Op.22/8._Commodo/score_MS_refined.mid",prokofiev_op22_no8__PianoCoRe_197992,real,prokofiev_op22_no8,prokofiev_op22_no8,Aria_731355_0,382,0.9794871794871794,0.4874459003208746,55.0,387
prokofiev_op22_no8,PianoCoRe_197993,Aria_732380_0,Aria-MIDI,Aria-AMT,"Prokofiev,_Sergey/Visions_Fugitives,_Op.22/8._Commodo/score_MS_refined.mid",prokofiev_op22_no8__PianoCoRe_197993,real,prokofiev_op22_no8,prokofiev_op22_no8,Aria_732380_0,375,0.9615384615384616,0.6178142658683824,50.0,387
prokofiev_op22_no8,PianoCoRe_197994,Aria_754135_0,Aria-MIDI,Aria-AMT,"Prokofiev,_Sergey/Visions_Fugitives,_Op.22/8._Commodo/score_MS_refined.mid",prokofiev_op22_no8__PianoCoRe_197994,real,prokofiev_op22_no8,prokofiev_op22_no8,Aria_754135_0,380,0.9743589743589743,0.5602607097375273,52.0,387
prokofiev_op22_no8,PianoCoRe_197995,Aria_863006_1,Aria-MIDI,Aria-AMT,"Prokofiev,_Sergey/Visions_Fugitives,_Op.22/8._Commodo/score_MS_refined.mid",prokofiev_op22_no8__PianoCoRe_197995,real,prokofiev_op22_no8,prokofiev_op22_no8,Aria_863006_1,376,0.9641025641025641,0.7268983557684991,30.0,387
prokofiev_op22_no8,PianoCoRe_197996,Aria_874477_0,Aria-MIDI,Aria-AMT,"Prokofiev,_Sergey/Visions_Fugitives,_Op.22/8._Commodo/score_MS_refined.mid",prokofiev_op22_no8__PianoCoRe_197996,real,prokofiev_op22_no8,prokofiev_op22_no8,Aria_874477_0,382,0.9794871794871794,0.7072146046840886,45.0,387
prokofiev_op22_no8,PianoCoRe_197997,Aria_874692_0,Aria-MIDI,Aria-AMT,"Prokofiev,_Sergey/Visions_Fugitives,_Op.22/8._Commodo/score_MS_refined.mid",prokofiev_op22_no8__PianoCoRe_197997,real,prokofiev_op22_no8,prokofiev_op22_no8,Aria_874692_0,369,0.9461538461538461,0.721371373755485,65.0,387
prokofiev_op22_no8,PianoCoRe_197998,Aria_896618_0,Aria-MIDI,Aria-AMT,"Prokofiev,_Sergey/Visions_Fugitives,_Op.22/8._Commodo/score_MS_refined.mid",prokofiev_op22_no8__PianoCoRe_197998,real,prokofiev_op22_no8,prokofiev_op22_no8,Aria_896618_0,381,0.9769230769230769,0.7170533991949242,60.0,387
prokofiev_op22_no8,PianoCoRe_197999,Aria_917051_0,Aria-MIDI,Aria-AMT,"Prokofiev,_Sergey/Visions_Fugitives,_Op.22/8._Commodo/score_MS_refined.mid",prokofiev_op22_no8__PianoCoRe_197999,real,prokofiev_op22_no8,prokofiev_op22_no8,Aria_917051_0,360,0.9230769230769231,0.6449486500262535,45.0,387
prokofiev_op22_no8,PianoCoRe_198000,PERiScoPe_63760814,PERiScoPe,Transkun V2,"Prokofiev,_Sergey/Visions_Fugitives,_Op.22/8._Commodo/score_MS_refined.mid",prokofiev_op22_no8__PianoCoRe_198000,real,prokofiev_op22_no8,prokofiev_op22_no8,PERiScoPe_63760814,339,0.8692307692307693,0.7040411253174007,31.0,387
prokofiev_op22_no8,PianoCoRe_198001,PERiScoPe_134608911,PERiScoPe,Transkun V2,"Prokofiev,_Sergey/Visions_Fugitives,_Op.22/8._Commodo/score_MS_refined.mid",prokofiev_op22_no8__PianoCoRe_198001,real,prokofiev_op22_no8,prokofiev_op22_no8,PERiScoPe_134608911,380,0.9743589743589743,0.5193216305152913,42.0,387
prokofiev_op22_no8,PianoCoRe_198002,PERiScoPe_136017980,PERiScoPe,Transkun V2,"Prokofiev,_Sergey/Visions_Fugitives,_Op.22/8._Commodo/score_MS_refined.mid",prokofiev_op22_no8__PianoCoRe_198002,real,prokofiev_op22_no8,prokofiev_op22_no8,PERiScoPe_136017980,384,0.9846153846153847,0.810912418691323,54.0,387
prokofiev_op22_no8,PianoCoRe_198003,PERiScoPe_526338272,PERiScoPe,Transkun V2,"Prokofiev,_Sergey/Visions_Fugitives,_Op.22/8._Commodo/score_MS_refined.mid",prokofiev_op22_no8__PianoCoRe_198003,real,prokofiev_op22_no8,prokofiev_op22_no8,PERiScoPe_526338272,382,0.9794871794871794,0.7000821993329899,46.0,387
prokofiev_op22_no8,PianoCoRe_198004,PERiScoPe_892841652,PERiScoPe,Transkun V2,"Prokofiev,_Sergey/Visions_Fugitives,_Op.22/8._Commodo/score_MS_refined.mid",prokofiev_op22_no8__PianoCoRe_198004,real,prokofiev_op22_no8,prokofiev_op22_no8,PERiScoPe_892841652,377,0.9666666666666667,0.7783036542575515,62.0,387
prokofiev_op22_no8,PianoCoRe_198005,PERiScoPe_1072292962,PERiScoPe,Transkun V2,"Prokofiev,_Sergey/Visions_Fugitives,_Op.22/8._Commodo/score_MS_refined.mid",prokofiev_op22_no8__PianoCoRe_198005,real,prokofiev_op22_no8,prokofiev_op22_no8,PERiScoPe_1072292962,376,0.9641025641025641,0.7278897124681751,53.0,387
prokofiev_op22_no8,PianoCoRe_198006,PERiScoPe_1494878122,PERiScoPe,Transkun V2,"Prokofiev,_Sergey/Visions_Fugitives,_Op.22/8._Commodo/score_MS_refined.mid",prokofiev_op22_no8__PianoCoRe_198006,real,prokofiev_op22_no8,prokofiev_op22_no8,PERiScoPe_1494878122,383,0.982051282051282,0.7807427928911281,47.0,387
scarlatti_k213,PianoCoRe_217731,Aria_002042_0_mini,Aria-MIDI,Aria-AMT,"Scarlatti,_Domenico/Keyboard_Sonata_in_D_minor,_K.213/score_PDMX_mini_refined.mid",scarlatti_k213__PianoCoRe_217731,real,scarlatti_k213,scarlatti_k213,Aria_002042_0_mini,1031,0.9671669793621013,0.985641614513418,65.0,1065
scarlatti_k213,PianoCoRe_217732,Aria_008151_0_mini,Aria-MIDI,Aria-AMT,"Scarlatti,_Domenico/Keyboard_Sonata_in_D_minor,_K.213/score_PDMX_mini_refined.mid",scarlatti_k213__PianoCoRe_217732,real,scarlatti_k213,scarlatti_k213,Aria_008151_0_mini,1027,0.9634146341463414,1.1691538357606654,55.0,1065
scarlatti_k213,PianoCoRe_217733,Aria_014637_0_mini,Aria-MIDI,Aria-AMT,"Scarlatti,_Domenico/Keyboard_Sonata_in_D_minor,_K.213/score_PDMX_mini_refined.mid",scarlatti_k213__PianoCoRe_217733,real,scarlatti_k213,scarlatti_k213,Aria_014637_0_mini,1034,0.9699812382739212,1.476676038091759,55.0,1065
scarlatti_k213,PianoCoRe_217736,Aria_058991_0_mini,Aria-MIDI,Aria-AMT,"Scarlatti,_Domenico/Keyboard_Sonata_in_D_minor,_K.213/score_PDMX_mini_refined.mid",scarlatti_k213__PianoCoRe_217736,real,scarlatti_k213,scarlatti_k213,Aria_058991_0_mini,1034,0.9699812382739212,1.1862928693717585,45.0,1065
scarlatti_k213,PianoCoRe_217737,Aria_063113_0_mini,Aria-MIDI,Aria-AMT,"Scarlatti,_Domenico/Keyboard_Sonata_in_D_minor,_K.213/score_PDMX_mini_refined.mid",scarlatti_k213__PianoCoRe_217737,real,scarlatti_k213,scarlatti_k213,Aria_063113_0_mini,1035,0.9709193245778611,1.2376943045880096,55.0,1065
scarlatti_k213,PianoCoRe_217738,Aria_130141_0_mini,Aria-MIDI,Aria-AMT,"Scarlatti,_Domenico/Keyboard_Sonata_in_D_minor,_K.213/score_PDMX_mini_refined.mid",scarlatti_k213__PianoCoRe_217738,real,scarlatti_k213,scarlatti_k213,Aria_130141_0_mini,1020,0.9568480300187617,1.1367195397265788,55.0,1065
scarlatti_k213,PianoCoRe_217739,Aria_139711_0_mini,Aria-MIDI,Aria-AMT,"Scarlatti,_Domenico/Keyboard_Sonata_in_D_minor,_K.213/score_PDMX_mini_refined.mid",scarlatti_k213__PianoCoRe_217739,real,scarlatti_k213,scarlatti_k213,Aria_139711_0_mini,1047,0.9821763602251408,1.0033549794819652,75.0,1065
scarlatti_k213,PianoCoRe_217740,Aria_161172_0_mini,Aria-MIDI,Aria-AMT,"Scarlatti,_Domenico/Keyboard_Sonata_in_D_minor,_K.213/score_PDMX_mini_refined.mid",scarlatti_k213__PianoCoRe_217740,real,scarlatti_k213,scarlatti_k213,Aria_161172_0_mini,1029,0.9652908067542214,1.229449220826626,40.0,1065
scarlatti_k213,PianoCoRe_217741,Aria_166271_0_mini,Aria-MIDI,Aria-AMT,"Scarlatti,_Domenico/Keyboard_Sonata_in_D_minor,_K.213/score_PDMX_mini_refined.mid",scarlatti_k213__PianoCoRe_217741,real,scarlatti_k213,scarlatti_k213,Aria_166271_0_mini,1028,0.9643527204502814,1.353554465221734,45.0,1065
scarlatti_k213,PianoCoRe_217743,Aria_176032_0_mini,Aria-MIDI,Aria-AMT,"Scarlatti,_Domenico/Keyboard_Sonata_in_D_minor,_K.213/score_PDMX_mini_refined.mid",scarlatti_k213__PianoCoRe_217743,real,scarlatti_k213,scarlatti_k213,Aria_176032_0_mini,1031,0.9671669793621013,0.996745367678105,55.0,1065
scarlatti_k213,PianoCoRe_217744,Aria_206791_0_mini,Aria-MIDI,Aria-AMT,"Scarlatti,_Domenico/Keyboard_Sonata_in_D_minor,_K.213/score_PDMX_mini_refined.mid",scarlatti_k213__PianoCoRe_217744,real,scarlatti_k213,scarlatti_k213,Aria_206791_0_mini,1039,0.974671669793621,1.1969028906158097,60.0,1065
scarlatti_k213,PianoCoRe_217746,Aria_231628_0_mini,Aria-MIDI,Aria-AMT,"Scarlatti,_Domenico/Keyboard_Sonata_in_D_minor,_K.213/score_PDMX_mini_refined.mid",scarlatti_k213__PianoCoRe_217746,real,scarlatti_k213,scarlatti_k213,Aria_231628_0_mini,1048,0.9831144465290806,1.004052731985708,75.0,1065
scarlatti_k213,PianoCoRe_217747,Aria_247856_0_mini,Aria-MIDI,Aria-AMT,"Scarlatti,_Domenico/Keyboard_Sonata_in_D_minor,_K.213/score_PDMX_mini_refined.mid",scarlatti_k213__PianoCoRe_217747,real,scarlatti_k213,scarlatti_k213,Aria_247856_0_mini,1023,0.9596622889305816,1.4289148788369725,50.0,1065
scarlatti_k213,PianoCoRe_217749,Aria_275164_0_mini,Aria-MIDI,Aria-AMT,"Scarlatti,_Domenico/Keyboard_Sonata_in_D_minor,_K.213/score_PDMX_mini_refined.mid",scarlatti_k213__PianoCoRe_217749,real,scarlatti_k213,scarlatti_k213,Aria_275164_0_mini,1010,0.9474671669793621,1.422694840992301,55.0,1065
scarlatti_k213,PianoCoRe_217750,Aria_282860_0_mini,Aria-MIDI,Aria-AMT,"Scarlatti,_Domenico/Keyboard_Sonata_in_D_minor,_K.213/score_PDMX_mini_refined.mid",scarlatti_k213__PianoCoRe_217750,real,scarlatti_k213,scarlatti_k213,Aria_282860_0_mini,1034,0.9699812382739212,1.356263681386685,50.0,1065
scarlatti_k213,PianoCoRe_217751,Aria_321938_0_mini,Aria-MIDI,Aria-AMT,"Scarlatti,_Domenico/Keyboard_Sonata_in_D_minor,_K.213/score_PDMX_mini_refined.mid",scarlatti_k213__PianoCoRe_217751,real,scarlatti_k213,scarlatti_k213,Aria_321938_0_mini,1006,0.9437148217636022,1.1121074258487822,45.0,1065
scarlatti_k213,PianoCoRe_217752,Aria_327786_0_mini,Aria-MIDI,Aria-AMT,"Scarlatti,_Domenico/Keyboard_Sonata_in_D_minor,_K.213/score_PDMX_mini_refined.mid",scarlatti_k213__PianoCoRe_217752,real,scarlatti_k213,scarlatti_k213,Aria_327786_0_mini,1039,0.974671669793621,1.1865424629314258,55.0,1065
scarlatti_k213,PianoCoRe_217753,Aria_352051_0_mini,Aria-MIDI,Aria-AMT,"Scarlatti,_Domenico/Keyboard_Sonata_in_D_minor,_K.213/score_PDMX_mini_refined.mid",scarlatti_k213__PianoCoRe_217753,real,scarlatti_k213,scarlatti_k213,Aria_352051_0_mini,1009,0.9465290806754222,1.1242148091418391,70.0,1065
scarlatti_k213,PianoCoRe_217754,Aria_360074_0_mini,Aria-MIDI,Aria-AMT,"Scarlatti,_Domenico/Keyboard_Sonata_in_D_minor,_K.213/score_PDMX_mini_refined.mid",scarlatti_k213__PianoCoRe_217754,real,scarlatti_k213,scarlatti_k213,Aria_360074_0_mini,1002,0.9399624765478424,1.2168667257282668,50.0,1065
scarlatti_k213,PianoCoRe_217756,Aria_380682_0_mini,Aria-MIDI,Aria-AMT,"Scarlatti,_Domenico/Keyboard_Sonata_in_D_minor,_K.213/score_PDMX_mini_refined.mid",scarlatti_k213__PianoCoRe_217756,real,scarlatti_k213,scarlatti_k213,Aria_380682_0_mini,1038,0.9737335834896811,1.0655820069326265,50.0,1065
scarlatti_k213,PianoCoRe_217758,Aria_391830_0_mini,Aria-MIDI,Aria-AMT,"Scarlatti,_Domenico/Keyboard_Sonata_in_D_minor,_K.213/score_PDMX_mini_refined.mid",scarlatti_k213__PianoCoRe_217758,real,scarlatti_k213,scarlatti_k213,Aria_391830_0_mini,995,0.9333958724202627,1.3825065713011921,40.0,1065
scarlatti_k213,PianoCoRe_217760,Aria_427962_0_mini,Aria-MIDI,Aria-AMT,"Scarlatti,_Domenico/Keyboard_Sonata_in_D_minor,_K.213/score_PDMX_mini_refined.mid",scarlatti_k213__PianoCoRe_217760,real,scarlatti_k213,scarlatti_k213,Aria_427962_0_mini,1028,0.9643527204502814,1.2296005641184828,55.0,1065
scarlatti_k213,PianoCoRe_217761,Aria_450119_0_mini,Aria-MIDI,Aria-AMT,"Scarlatti,_Domenico/Keyboard_Sonata_in_D_minor,_K.213/score_PDMX_mini_refined.mid",scarlatti_k213__PianoCoRe_217761,real,scarlatti_k213,scarlatti_k213,Aria_450119_0_mini,1024,0.9606003752345216,1.4910050127356882,55.0,1065
scarlatti_k213,PianoCoRe_217763,Aria_478771_0_mini,Aria-MIDI,Aria-AMT,"Scarlatti,_Domenico/Keyboard_Sonata_in_D_minor,_K.213/score_PDMX_mini_refined.mid",scarlatti_k213__PianoCoRe_217763,real,scarlatti_k213,scarlatti_k213,Aria_478771_0_mini,1009,0.9465290806754222,1.1843336858860962,45.0,1065
scarlatti_k213,PianoCoRe_217764,Aria_520415_0_mini,Aria-MIDI,Aria-AMT,"Scarlatti,_Domenico/Keyboard_Sonata_in_D_minor,_K.213/score_PDMX_mini_refined.mid",scarlatti_k213__PianoCoRe_217764,real,scarlatti_k213,scarlatti_k213,Aria_520415_0_mini,1030,0.9662288930581614,1.312633885252871,40.0,1065
scarlatti_k213,PianoCoRe_217765,Aria_537000_0_mini,Aria-MIDI,Aria-AMT,"Scarlatti,_Domenico/Keyboard_Sonata_in_D_minor,_K.213/score_PDMX_mini_refined.mid",scarlatti_k213__PianoCoRe_217765,real,scarlatti_k213,scarlatti_k213,Aria_537000_0_mini,1040,0.975609756097561,1.365877285399036,50.0,1065
scarlatti_k213,PianoCoRe_217766,Aria_540949_0_mini,Aria-MIDI,Aria-AMT,"Scarlatti,_Domenico/Keyboard_Sonata_in_D_minor,_K.213/score_PDMX_mini_refined.mid",scarlatti_k213__PianoCoRe_217766,real,scarlatti_k213,scarlatti_k213,Aria_540949_0_mini,1027,0.9634146341463414,1.3260107940641126,55.0,1065
scarlatti_k213,PianoCoRe_217767,Aria_543069_0_mini,Aria-MIDI,Aria-AMT,"Scarlatti,_Domenico/Keyboard_Sonata_in_D_minor,_K.213/score_PDMX_mini_refined.mid",scarlatti_k213__PianoCoRe_217767,real,scarlatti_k213,scarlatti_k213,Aria_543069_0_mini,1031,0.9671669793621013,1.1959554394121386,55.0,1065
scarlatti_k213,PianoCoRe_217768,Aria_546714_0_mini,Aria-MIDI,Aria-AMT,"Scarlatti,_Domenico/Keyboard_Sonata_in_D_minor,_K.213/score_PDMX_mini_refined.mid",scarlatti_k213__PianoCoRe_217768,real,scarlatti_k213,scarlatti_k213,Aria_546714_0_mini,1038,0.9737335834896811,1.0414323001896117,55.0,1065
scarlatti_k213,PianoCoRe_217769,Aria_548067_0_mini,Aria-MIDI,Aria-AMT,"Scarlatti,_Domenico/Keyboard_Sonata_in_D_minor,_K.213/score_PDMX_mini_refined.mid",scarlatti_k213__PianoCoRe_217769,real,scarlatti_k213,scarlatti_k213,Aria_548067_0_mini,1027,0.9634146341463414,1.1918139614764738,65.0,1065
scarlatti_k213,PianoCoRe_217770,Aria_551498_0_mini,Aria-MIDI,Aria-AMT,"Scarlatti,_Domenico/Keyboard_Sonata_in_D_minor,_K.213/score_PDMX_mini_refined.mid",scarlatti_k213__PianoCoRe_217770,real,scarlatti_k213,scarlatti_k213,Aria_551498_0_mini,1020,0.9568480300187617,1.3953922002960393,45.0,1065
scarlatti_k213,PianoCoRe_217774,Aria_578690_0_mini,Aria-MIDI,Aria-AMT,"Scarlatti,_Domenico/Keyboard_Sonata_in_D_minor,_K.213/score_PDMX_mini_refined.mid",scarlatti_k213__PianoCoRe_217774,real,scarlatti_k213,scarlatti_k213,Aria_578690_0_mini,1005,0.9427767354596623,1.1290399290592896,65.0,1065
scarlatti_k213,PianoCoRe_217776,Aria_596988_0_mini,Aria-MIDI,Aria-AMT,"Scarlatti,_Domenico/Keyboard_Sonata_in_D_minor,_K.213/score_PDMX_mini_refined.mid",scarlatti_k213__PianoCoRe_217776,real,scarlatti_k213,scarlatti_k213,Aria_596988_0_mini,1011,0.948405253283302,1.21814652111589,35.0,1065
scarlatti_k213,PianoCoRe_217777,Aria_629084_0_mini,Aria-MIDI,Aria-AMT,"Scarlatti,_Domenico/Keyboard_Sonata_in_D_minor,_K.213/score_PDMX_mini_refined.mid",scarlatti_k213__PianoCoRe_217777,real,scarlatti_k213,scarlatti_k213,Aria_629084_0_mini,1047,0.9821763602251408,1.0244486744161898,60.0,1065
scarlatti_k213,PianoCoRe_217779,Aria_642832_0_mini,Aria-MIDI,Aria-AMT,"Scarlatti,_Domenico/Keyboard_Sonata_in_D_minor,_K.213/score_PDMX_mini_refined.mid",scarlatti_k213__PianoCoRe_217779,real,scarlatti_k213,scarlatti_k213,Aria_642832_0_mini,1037,0.9727954971857411,1.3705781790159313,65.0,1065
scarlatti_k213,PianoCoRe_217781,Aria_664075_0_mini,Aria-MIDI,Aria-AMT,"Scarlatti,_Domenico/Keyboard_Sonata_in_D_minor,_K.213/score_PDMX_mini_refined.mid",scarlatti_k213__PianoCoRe_217781,real,scarlatti_k213,scarlatti_k213,Aria_664075_0_mini,1022,0.9587242026266416,1.2772291477856792,45.0,1065
scarlatti_k213,PianoCoRe_217785,Aria_773091_0_mini,Aria-MIDI,Aria-AMT,"Scarlatti,_Domenico/Keyboard_Sonata_in_D_minor,_K.213/score_PDMX_mini_refined.mid",scarlatti_k213__PianoCoRe_217785,real,scarlatti_k213,scarlatti_k213,Aria_773091_0_mini,1034,0.9699812382739212,1.4334745018282053,55.0,1065
scarlatti_k213,PianoCoRe_217787,Aria_806967_0_mini,Aria-MIDI,Aria-AMT,"Scarlatti,_Domenico/Keyboard_Sonata_in_D_minor,_K.213/score_PDMX_mini_refined.mid",scarlatti_k213__PianoCoRe_217787,real,scarlatti_k213,scarlatti_k213,Aria_806967_0_mini,1025,0.9615384615384616,1.2969899169709767,50.0,1065
scarlatti_k213,PianoCoRe_217788,Aria_810553_0_mini,Aria-MIDI,Aria-AMT,"Scarlatti,_Domenico/Keyboard_Sonata_in_D_minor,_K.213/score_PDMX_mini_refined.mid",scarlatti_k213__PianoCoRe_217788,real,scarlatti_k213,scarlatti_k213,Aria_810553_0_mini,1036,0.9718574108818011,1.205697460029991,70.0,1065
scarlatti_k213,PianoCoRe_217790,Aria_817900_0_mini,Aria-MIDI,Aria-AMT,"Scarlatti,_Domenico/Keyboard_Sonata_in_D_minor,_K.213/score_PDMX_mini_refined.mid",scarlatti_k213__PianoCoRe_217790,real,scarlatti_k213,scarlatti_k213,Aria_817900_0_mini,1030,0.9662288930581614,1.2433703564653855,50.0,1065
scarlatti_k213,PianoCoRe_217791,Aria_847263_0_mini,Aria-MIDI,Aria-AMT,"Scarlatti,_Domenico/Keyboard_Sonata_in_D_minor,_K.213/score_PDMX_mini_refined.mid",scarlatti_k213__PianoCoRe_217791,real,scarlatti_k213,scarlatti_k213,Aria_847263_0_mini,1035,0.9709193245778611,1.0874288161769454,50.0,1065
scarlatti_k213,PianoCoRe_217796,Aria_928734_0_mini,Aria-MIDI,Aria-AMT,"Scarlatti,_Domenico/Keyboard_Sonata_in_D_minor,_K.213/score_PDMX_mini_refined.mid",scarlatti_k213__PianoCoRe_217796,real,scarlatti_k213,scarlatti_k213,Aria_928734_0_mini,1007,0.9446529080675422,1.0611021006561636,60.0,1065
scarlatti_k322,PianoCoRe_216428,ATEPP_10841,ATEPP,ATEPP,"Scarlatti,_Domenico/Keyboard_Sonata_in_A_major,_K.322/score_MS_refined.mid",scarlatti_k322__PianoCoRe_216428,real,scarlatti_k322,scarlatti_k322,ATEPP_10841,1041,0.9647822057460612,0.31188843906899977,56.0,1079
scarlatti_k322,PianoCoRe_216430,ATEPP_10843,ATEPP,ATEPP,"Scarlatti,_Domenico/Keyboard_Sonata_in_A_major,_K.322/score_MS_refined.mid",scarlatti_k322__PianoCoRe_216430,real,scarlatti_k322,scarlatti_k322,ATEPP_10843,1064,0.9860982391102873,0.3840539262264799,58.0,1079
scarlatti_k322,PianoCoRe_216431,ATEPP_10844,ATEPP,ATEPP,"Scarlatti,_Domenico/Keyboard_Sonata_in_A_major,_K.322/score_MS_refined.mid",scarlatti_k322__PianoCoRe_216431,real,scarlatti_k322,scarlatti_k322,ATEPP_10844,1067,0.9888785912882299,0.2950302846913969,63.0,1079
scarlatti_k322,PianoCoRe_216432,Aria_035394_0,Aria-MIDI,Aria-AMT,"Scarlatti,_Domenico/Keyboard_Sonata_in_A_major,_K.322/score_MS_refined.mid",scarlatti_k322__PianoCoRe_216432,real,scarlatti_k322,scarlatti_k322,Aria_035394_0,1074,0.995366079703429,0.26851516673831594,60.0,1079
scarlatti_k322,PianoCoRe_216436,Aria_061937_0,Aria-MIDI,Aria-AMT,"Scarlatti,_Domenico/Keyboard_Sonata_in_A_major,_K.322/score_MS_refined.mid",scarlatti_k322__PianoCoRe_216436,real,scarlatti_k322,scarlatti_k322,Aria_061937_0,1069,0.9907321594068582,0.2975973307643325,60.0,1079
scarlatti_k322,PianoCoRe_216437,Aria_068271_0,Aria-MIDI,Aria-AMT,"Scarlatti,_Domenico/Keyboard_Sonata_in_A_major,_K.322/score_MS_refined.mid",scarlatti_k322__PianoCoRe_216437,real,scarlatti_k322,scarlatti_k322,Aria_068271_0,1035,0.959221501390176,0.3112579977516801,45.0,1079
scarlatti_k322,PianoCoRe_216440,Aria_139390_0,Aria-MIDI,Aria-AMT,"Scarlatti,_Domenico/Keyboard_Sonata_in_A_major,_K.322/score_MS_refined.mid",scarlatti_k322__PianoCoRe_216440,real,scarlatti_k322,scarlatti_k322,Aria_139390_0,1064,0.9860982391102873,0.2895538294069955,65.0,1079
scarlatti_k322,PianoCoRe_216446,Aria_268965_0,Aria-MIDI,Aria-AMT,"Scarlatti,_Domenico/Keyboard_Sonata_in_A_major,_K.322/score_MS_refined.mid",scarlatti_k322__PianoCoRe_216446,real,scarlatti_k322,scarlatti_k322,Aria_268965_0,1078,0.9990732159406858,0.29685895446345345,55.0,1079
scarlatti_k322,PianoCoRe_216447,Aria_287943_0,Aria-MIDI,Aria-AMT,"Scarlatti,_Domenico/Keyboard_Sonata_in_A_major,_K.322/score_MS_refined.mid",scarlatti_k322__PianoCoRe_216447,real,scarlatti_k322,scarlatti_k322,Aria_287943_0,1049,0.9721964782205746,0.320242246286408,65.0,1079
scarlatti_k322,PianoCoRe_216449,Aria_336152_0,Aria-MIDI,Aria-AMT,"Scarlatti,_Domenico/Keyboard_Sonata_in_A_major,_K.322/score_MS_refined.mid",scarlatti_k322__PianoCoRe_216449,real,scarlatti_k322,scarlatti_k322,Aria_336152_0,1075,0.9962928637627433,0.37647420317349284,60.0,1079
scarlatti_k322,PianoCoRe_216450,Aria_368986_0,Aria-MIDI,Aria-AMT,"Scarlatti,_Domenico/Keyboard_Sonata_in_A_major,_K.322/score_MS_refined.mid",scarlatti_k322__PianoCoRe_216450,real,scarlatti_k322,scarlatti_k322,Aria_368986_0,1072,0.9935125115848007,0.28162827760866826,65.0,1079
scarlatti_k322,PianoCoRe_216452,Aria_375510_0,Aria-MIDI,Aria-AMT,"Scarlatti,_Domenico/Keyboard_Sonata_in_A_major,_K.322/score_MS_refined.mid",scarlatti_k322__PianoCoRe_216452,real,scarlatti_k322,scarlatti_k322,Aria_375510_0,1047,0.9703429101019463,0.25997480547178914,65.0,1079
scarlatti_k322,PianoCoRe_216453,Aria_383478_0,Aria-MIDI,Aria-AMT,"Scarlatti,_Domenico/Keyboard_Sonata_in_A_major,_K.322/score_MS_refined.mid",scarlatti_k322__PianoCoRe_216453,real,scarlatti_k322,scarlatti_k322,Aria_383478_0,1044,0.9675625579240037,0.3122024580698289,55.0,1079
scarlatti_k322,PianoCoRe_216454,Aria_404772_0,Aria-MIDI,Aria-AMT,"Scarlatti,_Domenico/Keyboard_Sonata_in_A_major,_K.322/score_MS_refined.mid",scarlatti_k322__PianoCoRe_216454,real,scarlatti_k322,scarlatti_k322,Aria_404772_0,1068,0.989805375347544,0.2597504394257559,60.0,1079
scarlatti_k322,PianoCoRe_216457,Aria_408984_0,Aria-MIDI,Aria-AMT,"Scarlatti,_Domenico/Keyboard_Sonata_in_A_major,_K.322/score_MS_refined.mid",scarlatti_k322__PianoCoRe_216457,real,scarlatti_k322,scarlatti_k322,Aria_408984_0,1036,0.9601482854494903,0.29312146829199637,60.0,1079
scarlatti_k322,PianoCoRe_216459,Aria_420699_0,Aria-MIDI,Aria-AMT,"Scarlatti,_Domenico/Keyboard_Sonata_in_A_major,_K.322/score_MS_refined.mid",scarlatti_k322__PianoCoRe_216459,real,scarlatti_k322,scarlatti_k322,Aria_420699_0,1075,0.9962928637627433,0.30949080321873984,70.0,1079
scarlatti_k322,PianoCoRe_216460,Aria_445059_0,Aria-MIDI,Aria-AMT,"Scarlatti,_Domenico/Keyboard_Sonata_in_A_major,_K.322/score_MS_refined.mid",scarlatti_k322__PianoCoRe_216460,real,scarlatti_k322,scarlatti_k322,Aria_445059_0,1076,0.9972196478220574,0.3139792846865362,60.0,1079
scarlatti_k322,PianoCoRe_216463,Aria_465391_0,Aria-MIDI,Aria-AMT,"Scarlatti,_Domenico/Keyboard_Sonata_in_A_major,_K.322/score_MS_refined.mid",scarlatti_k322__PianoCoRe_216463,real,scarlatti_k322,scarlatti_k322,Aria_465391_0,1077,0.9981464318813716,0.3236763715579422,75.0,1079
scarlatti_k322,PianoCoRe_216465,Aria_555018_0,Aria-MIDI,Aria-AMT,"Scarlatti,_Domenico/Keyboard_Sonata_in_A_major,_K.322/score_MS_refined.mid",scarlatti_k322__PianoCoRe_216465,real,scarlatti_k322,scarlatti_k322,Aria_555018_0,1039,0.9629286376274329,0.37408176314627495,65.0,1079
scarlatti_k322,PianoCoRe_216467,Aria_599940_0,Aria-MIDI,Aria-AMT,"Scarlatti,_Domenico/Keyboard_Sonata_in_A_major,_K.322/score_MS_refined.mid",scarlatti_k322__PianoCoRe_216467,real,scarlatti_k322,scarlatti_k322,Aria_599940_0,1056,0.9786839666357738,0.2598842273327895,65.0,1079
scarlatti_k322,PianoCoRe_216468,Aria_606416_0,Aria-MIDI,Aria-AMT,"Scarlatti,_Domenico/Keyboard_Sonata_in_A_major,_K.322/score_MS_refined.mid",scarlatti_k322__PianoCoRe_216468,real,scarlatti_k322,scarlatti_k322,Aria_606416_0,1070,0.9916589434661723,0.2584185734173094,55.0,1079
scarlatti_k322,PianoCoRe_216469,Aria_608084_0,Aria-MIDI,Aria-AMT,"Scarlatti,_Domenico/Keyboard_Sonata_in_A_major,_K.322/score_MS_refined.mid",scarlatti_k322__PianoCoRe_216469,real,scarlatti_k322,scarlatti_k322,Aria_608084_0,1045,0.9684893419833179,0.27284910849522337,50.0,1079
scarlatti_k322,PianoCoRe_216471,Aria_696936_0,Aria-MIDI,Aria-AMT,"Scarlatti,_Domenico/Keyboard_Sonata_in_A_major,_K.322/score_MS_refined.mid",scarlatti_k322__PianoCoRe_216471,real,scarlatti_k322,scarlatti_k322,Aria_696936_0,913,0.8461538461538461,0.3138084275532968,65.0,1079
scarlatti_k322,PianoCoRe_216472,Aria_698054_0,Aria-MIDI,Aria-AMT,"Scarlatti,_Domenico/Keyboard_Sonata_in_A_major,_K.322/score_MS_refined.mid",scarlatti_k322__PianoCoRe_216472,real,scarlatti_k322,scarlatti_k322,Aria_698054_0,1076,0.9972196478220574,0.32478324127597163,60.0,1079
scarlatti_k322,PianoCoRe_216476,Aria_764560_0,Aria-MIDI,Aria-AMT,"Scarlatti,_Domenico/Keyboard_Sonata_in_A_major,_K.322/score_MS_refined.mid",scarlatti_k322__PianoCoRe_216476,real,scarlatti_k322,scarlatti_k322,Aria_764560_0,1068,0.989805375347544,0.30657634453210286,40.0,1079
scarlatti_k322,PianoCoRe_216480,Aria_798878_0,Aria-MIDI,Aria-AMT,"Scarlatti,_Domenico/Keyboard_Sonata_in_A_major,_K.322/score_MS_refined.mid",scarlatti_k322__PianoCoRe_216480,real,scarlatti_k322,scarlatti_k322,Aria_798878_0,1049,0.9721964782205746,0.32884296984461625,65.0,1079
scarlatti_k322,PianoCoRe_216481,Aria_814269_0,Aria-MIDI,Aria-AMT,"Scarlatti,_Domenico/Keyboard_Sonata_in_A_major,_K.322/score_MS_refined.mid",scarlatti_k322__PianoCoRe_216481,real,scarlatti_k322,scarlatti_k322,Aria_814269_0,1063,0.9851714550509731,0.29276827438593395,60.0,1079
scarlatti_k322,PianoCoRe_216484,Aria_865297_0,Aria-MIDI,Aria-AMT,"Scarlatti,_Domenico/Keyboard_Sonata_in_A_major,_K.322/score_MS_refined.mid",scarlatti_k322__PianoCoRe_216484,real,scarlatti_k322,scarlatti_k322,Aria_865297_0,1067,0.9888785912882299,0.3841358206049623,50.0,1079
scarlatti_k54,PianoCoRe_216524,Aria_159468_0,Aria-MIDI,Aria-AMT,"Scarlatti,_Domenico/Keyboard_Sonata_in_A_minor,_K.54/score_MS_refined.mid",scarlatti_k54__PianoCoRe_216524,real,scarlatti_k54,scarlatti_k54,Aria_159468_0,2308,0.9812925170068028,0.3591909649875827,75.0,2348
scarlatti_k54,PianoCoRe_216525,Aria_220506_0,Aria-MIDI,Aria-AMT,"Scarlatti,_Domenico/Keyboard_Sonata_in_A_minor,_K.54/score_MS_refined.mid",scarlatti_k54__PianoCoRe_216525,real,scarlatti_k54,scarlatti_k54,Aria_220506_0,2306,0.9804421768707483,0.40627565962461193,75.0,2348
scarlatti_k54,PianoCoRe_216526,Aria_229998_0,Aria-MIDI,Aria-AMT,"Scarlatti,_Domenico/Keyboard_Sonata_in_A_minor,_K.54/score_MS_refined.mid",scarlatti_k54__PianoCoRe_216526,real,scarlatti_k54,scarlatti_k54,Aria_229998_0,2321,0.9868197278911565,0.4228512189953759,50.0,2348
scarlatti_k54,PianoCoRe_216527,Aria_236427_0,Aria-MIDI,Aria-AMT,"Scarlatti,_Domenico/Keyboard_Sonata_in_A_minor,_K.54/score_MS_refined.mid",scarlatti_k54__PianoCoRe_216527,real,scarlatti_k54,scarlatti_k54,Aria_236427_0,2265,0.9630102040816326,0.332008008845751,70.0,2348
scarlatti_k54,PianoCoRe_216528,Aria_280553_0,Aria-MIDI,Aria-AMT,"Scarlatti,_Domenico/Keyboard_Sonata_in_A_minor,_K.54/score_MS_refined.mid",scarlatti_k54__PianoCoRe_216528,real,scarlatti_k54,scarlatti_k54,Aria_280553_0,2280,0.9693877551020408,0.36736430818181237,65.0,2348
scarlatti_k54,PianoCoRe_216530,Aria_310081_0,Aria-MIDI,Aria-AMT,"Scarlatti,_Domenico/Keyboard_Sonata_in_A_minor,_K.54/score_MS_refined.mid",scarlatti_k54__PianoCoRe_216530,real,scarlatti_k54,scarlatti_k54,Aria_310081_0,2334,0.9923469387755102,0.362213577404523,58.0,2348
scarlatti_k54,PianoCoRe_216531,Aria_380783_0,Aria-MIDI,Aria-AMT,"Scarlatti,_Domenico/Keyboard_Sonata_in_A_minor,_K.54/score_MS_refined.mid",scarlatti_k54__PianoCoRe_216531,real,scarlatti_k54,scarlatti_k54,Aria_380783_0,2340,0.9948979591836735,0.4063184566461611,70.0,2348
scarlatti_k54,PianoCoRe_216533,Aria_405874_3,Aria-MIDI,Aria-AMT,"Scarlatti,_Domenico/Keyboard_Sonata_in_A_minor,_K.54/score_MS_refined.mid",scarlatti_k54__PianoCoRe_216533,real,scarlatti_k54,scarlatti_k54,Aria_405874_3,2275,0.9672619047619048,0.34919816051367275,55.0,2348
scarlatti_k54,PianoCoRe_216536,Aria_440417_0,Aria-MIDI,Aria-AMT,"Scarlatti,_Domenico/Keyboard_Sonata_in_A_minor,_K.54/score_MS_refined.mid",scarlatti_k54__PianoCoRe_216536,real,scarlatti_k54,scarlatti_k54,Aria_440417_0,2304,0.9795918367346939,0.3392927798503284,70.0,2348
scarlatti_k54,PianoCoRe_216537,Aria_440727_0,Aria-MIDI,Aria-AMT,"Scarlatti,_Domenico/Keyboard_Sonata_in_A_minor,_K.54/score_MS_refined.mid",scarlatti_k54__PianoCoRe_216537,real,scarlatti_k54,scarlatti_k54,Aria_440727_0,2335,0.9927721088435374,0.33044830052757657,65.0,2348
scarlatti_k54,PianoCoRe_216538,Aria_454345_0,Aria-MIDI,Aria-AMT,"Scarlatti,_Domenico/Keyboard_Sonata_in_A_minor,_K.54/score_MS_refined.mid",scarlatti_k54__PianoCoRe_216538,real,scarlatti_k54,scarlatti_k54,Aria_454345_0,2305,0.9800170068027211,0.33413901641604354,65.0,2348
scarlatti_k54,PianoCoRe_216539,Aria_458062_0,Aria-MIDI,Aria-AMT,"Scarlatti,_Domenico/Keyboard_Sonata_in_A_minor,_K.54/score_MS_refined.mid",scarlatti_k54__PianoCoRe_216539,real,scarlatti_k54,scarlatti_k54,Aria_458062_0,2315,0.9842687074829932,0.33009297492329726,55.0,2348
scarlatti_k54,PianoCoRe_216540,Aria_458078_0,Aria-MIDI,Aria-AMT,"Scarlatti,_Domenico/Keyboard_Sonata_in_A_minor,_K.54/score_MS_refined.mid",scarlatti_k54__PianoCoRe_216540,real,scarlatti_k54,scarlatti_k54,Aria_458078_0,2298,0.9770408163265306,0.5126243469261581,55.0,2348
scarlatti_k54,PianoCoRe_216541,Aria_466127_0,Aria-MIDI,Aria-AMT,"Scarlatti,_Domenico/Keyboard_Sonata_in_A_minor,_K.54/score_MS_refined.mid",scarlatti_k54__PianoCoRe_216541,real,scarlatti_k54,scarlatti_k54,Aria_466127_0,2333,0.9919217687074829,0.37194232345914097,65.0,2348
scarlatti_k54,PianoCoRe_216542,Aria_532120_0,Aria-MIDI,Aria-AMT,"Scarlatti,_Domenico/Keyboard_Sonata_in_A_minor,_K.54/score_MS_refined.mid",scarlatti_k54__PianoCoRe_216542,real,scarlatti_k54,scarlatti_k54,Aria_532120_0,2328,0.9897959183673469,0.3474726648096991,70.0,2348
scarlatti_k54,PianoCoRe_216543,Aria_601323_0,Aria-MIDI,Aria-AMT,"Scarlatti,_Domenico/Keyboard_Sonata_in_A_minor,_K.54/score_MS_refined.mid",scarlatti_k54__PianoCoRe_216543,real,scarlatti_k54,scarlatti_k54,Aria_601323_0,2281,0.969812925170068,0.431220658263426,60.0,2348
scarlatti_k54,PianoCoRe_216547,Aria_754369_0,Aria-MIDI,Aria-AMT,"Scarlatti,_Domenico/Keyboard_Sonata_in_A_minor,_K.54/score_MS_refined.mid",scarlatti_k54__PianoCoRe_216547,real,scarlatti_k54,scarlatti_k54,Aria_754369_0,2301,0.9783163265306123,0.3600764465488195,75.0,2348
scarlatti_k54,PianoCoRe_216550,Aria_850070_0,Aria-MIDI,Aria-AMT,"Scarlatti,_Domenico/Keyboard_Sonata_in_A_minor,_K.54/score_MS_refined.mid",scarlatti_k54__PianoCoRe_216550,real,scarlatti_k54,scarlatti_k54,Aria_850070_0,2289,0.9732142857142857,0.3491657458502355,55.0,2348
scarlatti_k54,PianoCoRe_216553,Aria_907832_0,Aria-MIDI,Aria-AMT,"Scarlatti,_Domenico/Keyboard_Sonata_in_A_minor,_K.54/score_MS_refined.mid",scarlatti_k54__PianoCoRe_216553,real,scarlatti_k54,scarlatti_k54,Aria_907832_0,2251,0.9570578231292517,0.3465910405925981,85.0,2348
scarlatti_k54,PianoCoRe_216554,Aria_922391_0,Aria-MIDI,Aria-AMT,"Scarlatti,_Domenico/Keyboard_Sonata_in_A_minor,_K.54/score_MS_refined.mid",scarlatti_k54__PianoCoRe_216554,real,scarlatti_k54,scarlatti_k54,Aria_922391_0,2302,0.9787414965986394,0.31584063487873837,60.0,2348
scarlatti_k54,PianoCoRe_216555,Aria_923536_0,Aria-MIDI,Aria-AMT,"Scarlatti,_Domenico/Keyboard_Sonata_in_A_minor,_K.54/score_MS_refined.mid",scarlatti_k54__PianoCoRe_216555,real,scarlatti_k54,scarlatti_k54,Aria_923536_0,2310,0.9821428571428571,0.3953137902261106,55.0,2348
scarlatti_k54,PianoCoRe_216556,GiantMIDI_T_nWScxFc1Y,GiantMIDI-Piano,ByteDance,"Scarlatti,_Domenico/Keyboard_Sonata_in_A_minor,_K.54/score_MS_refined.mid",scarlatti_k54__PianoCoRe_216556,real,scarlatti_k54,scarlatti_k54,GiantMIDI_T_nWScxFc1Y,2292,0.9744897959183674,0.3928193896559576,69.0,2348
scarlatti_k87,PianoCoRe_216780,Aria_006678_0,Aria-MIDI,Aria-AMT,"Scarlatti,_Domenico/Keyboard_Sonata_in_B_minor,_K.87/score_PDMX_refined.mid",scarlatti_k87__PianoCoRe_216780,real,scarlatti_k87,scarlatti_k87,Aria_006678_0,1668,0.9846517119244392,0.7934056389679183,50.0,1692
scarlatti_k87,PianoCoRe_216781,Aria_029073_0,Aria-MIDI,Aria-AMT,"Scarlatti,_Domenico/Keyboard_Sonata_in_B_minor,_K.87/score_PDMX_refined.mid",scarlatti_k87__PianoCoRe_216781,real,scarlatti_k87,scarlatti_k87,Aria_029073_0,1657,0.9781582054309327,0.8837985139416425,50.0,1692
scarlatti_k87,PianoCoRe_216783,Aria_035140_0,Aria-MIDI,Aria-AMT,"Scarlatti,_Domenico/Keyboard_Sonata_in_B_minor,_K.87/score_PDMX_refined.mid",scarlatti_k87__PianoCoRe_216783,real,scarlatti_k87,scarlatti_k87,Aria_035140_0,1644,0.9704840613931524,0.8699537855987994,45.0,1692
scarlatti_k87,PianoCoRe_216786,Aria_071286_0,Aria-MIDI,Aria-AMT,"Scarlatti,_Domenico/Keyboard_Sonata_in_B_minor,_K.87/score_PDMX_refined.mid",scarlatti_k87__PianoCoRe_216786,real,scarlatti_k87,scarlatti_k87,Aria_071286_0,1656,0.9775678866587958,0.8060707422729468,40.0,1692
scarlatti_k87,PianoCoRe_216787,Aria_079736_0,Aria-MIDI,Aria-AMT,"Scarlatti,_Domenico/Keyboard_Sonata_in_B_minor,_K.87/score_PDMX_refined.mid",scarlatti_k87__PianoCoRe_216787,real,scarlatti_k87,scarlatti_k87,Aria_079736_0,1637,0.9663518299881936,0.7595001993490893,55.0,1692
scarlatti_k87,PianoCoRe_216794,Aria_194053_3,Aria-MIDI,Aria-AMT,"Scarlatti,_Domenico/Keyboard_Sonata_in_B_minor,_K.87/score_PDMX_refined.mid",scarlatti_k87__PianoCoRe_216794,real,scarlatti_k87,scarlatti_k87,Aria_194053_3,1658,0.9787485242030697,0.9246998035183934,55.0,1692
scarlatti_k87,PianoCoRe_216797,Aria_221079_0,Aria-MIDI,Aria-AMT,"Scarlatti,_Domenico/Keyboard_Sonata_in_B_minor,_K.87/score_PDMX_refined.mid",scarlatti_k87__PianoCoRe_216797,real,scarlatti_k87,scarlatti_k87,Aria_221079_0,1655,0.9769775678866588,0.8735364640438563,30.0,1692
scarlatti_k87,PianoCoRe_216799,Aria_258511_0,Aria-MIDI,Aria-AMT,"Scarlatti,_Domenico/Keyboard_Sonata_in_B_minor,_K.87/score_PDMX_refined.mid",scarlatti_k87__PianoCoRe_216799,real,scarlatti_k87,scarlatti_k87,Aria_258511_0,1618,0.9551357733175915,0.8984389603112438,45.0,1692
scarlatti_k87,PianoCoRe_216800,Aria_263551_0,Aria-MIDI,Aria-AMT,"Scarlatti,_Domenico/Keyboard_Sonata_in_B_minor,_K.87/score_PDMX_refined.mid",scarlatti_k87__PianoCoRe_216800,real,scarlatti_k87,scarlatti_k87,Aria_263551_0,1676,0.9893742621015348,1.0097701176523006,55.0,1692
scarlatti_k87,PianoCoRe_216804,Aria_283949_0,Aria-MIDI,Aria-AMT,"Scarlatti,_Domenico/Keyboard_Sonata_in_B_minor,_K.87/score_PDMX_refined.mid",scarlatti_k87__PianoCoRe_216804,real,scarlatti_k87,scarlatti_k87,Aria_283949_0,1668,0.9846517119244392,0.8840256634647294,35.0,1692
scarlatti_k87,PianoCoRe_216806,Aria_293823_0,Aria-MIDI,Aria-AMT,"Scarlatti,_Domenico/Keyboard_Sonata_in_B_minor,_K.87/score_PDMX_refined.mid",scarlatti_k87__PianoCoRe_216806,real,scarlatti_k87,scarlatti_k87,Aria_293823_0,1678,0.9905548996458088,0.9008169852008748,50.0,1692
scarlatti_k87,PianoCoRe_216807,Aria_297260_0,Aria-MIDI,Aria-AMT,"Scarlatti,_Domenico/Keyboard_Sonata_in_B_minor,_K.87/score_PDMX_refined.mid",scarlatti_k87__PianoCoRe_216807,real,scarlatti_k87,scarlatti_k87,Aria_297260_0,1682,0.9929161747343566,0.6136479454312515,50.0,1692
scarlatti_k87,PianoCoRe_216808,Aria_299079_0,Aria-MIDI,Aria-AMT,"Scarlatti,_Domenico/Keyboard_Sonata_in_B_minor,_K.87/score_PDMX_refined.mid",scarlatti_k87__PianoCoRe_216808,real,scarlatti_k87,scarlatti_k87,Aria_299079_0,1655,0.9769775678866588,0.706137178153832,60.0,1692
scarlatti_k87,PianoCoRe_216811,Aria_393811_0,Aria-MIDI,Aria-AMT,"Scarlatti,_Domenico/Keyboard_Sonata_in_B_minor,_K.87/score_PDMX_refined.mid",scarlatti_k87__PianoCoRe_216811,real,scarlatti_k87,scarlatti_k87,Aria_393811_0,1684,0.9940968122786304,0.9249846925915345,60.0,1692
scarlatti_k87,PianoCoRe_216812,Aria_401381_0,Aria-MIDI,Aria-AMT,"Scarlatti,_Domenico/Keyboard_Sonata_in_B_minor,_K.87/score_PDMX_refined.mid",scarlatti_k87__PianoCoRe_216812,real,scarlatti_k87,scarlatti_k87,Aria_401381_0,1649,0.973435655253837,1.1261631172291937,65.0,1692
scarlatti_k87,PianoCoRe_216813,Aria_413082_0,Aria-MIDI,Aria-AMT,"Scarlatti,_Domenico/Keyboard_Sonata_in_B_minor,_K.87/score_PDMX_refined.mid",scarlatti_k87__PianoCoRe_216813,real,scarlatti_k87,scarlatti_k87,Aria_413082_0,1672,0.987012987012987,0.8305949490786708,40.0,1692
scarlatti_k87,PianoCoRe_216814,Aria_421348_0,Aria-MIDI,Aria-AMT,"Scarlatti,_Domenico/Keyboard_Sonata_in_B_minor,_K.87/score_PDMX_refined.mid",scarlatti_k87__PianoCoRe_216814,real,scarlatti_k87,scarlatti_k87,Aria_421348_0,1653,0.9757969303423849,0.9443416813079285,45.0,1692
scarlatti_k87,PianoCoRe_216816,Aria_430123_0,Aria-MIDI,Aria-AMT,"Scarlatti,_Domenico/Keyboard_Sonata_in_B_minor,_K.87/score_PDMX_refined.mid",scarlatti_k87__PianoCoRe_216816,real,scarlatti_k87,scarlatti_k87,Aria_430123_0,1666,0.9834710743801653,0.784705632202779,50.0,1692
scarlatti_k87,PianoCoRe_216817,Aria_430129_0,Aria-MIDI,Aria-AMT,"Scarlatti,_Domenico/Keyboard_Sonata_in_B_minor,_K.87/score_PDMX_refined.mid",scarlatti_k87__PianoCoRe_216817,real,scarlatti_k87,scarlatti_k87,Aria_430129_0,1681,0.9923258559622196,0.6358434439681782,55.0,1692
scarlatti_k87,PianoCoRe_216819,Aria_458390_0,Aria-MIDI,Aria-AMT,"Scarlatti,_Domenico/Keyboard_Sonata_in_B_minor,_K.87/score_PDMX_refined.mid",scarlatti_k87__PianoCoRe_216819,real,scarlatti_k87,scarlatti_k87,Aria_458390_0,1642,0.9693034238488784,0.9273465188360188,40.0,1692
scarlatti_k87,PianoCoRe_216821,Aria_478160_0,Aria-MIDI,Aria-AMT,"Scarlatti,_Domenico/Keyboard_Sonata_in_B_minor,_K.87/score_PDMX_refined.mid",scarlatti_k87__PianoCoRe_216821,real,scarlatti_k87,scarlatti_k87,Aria_478160_0,1633,0.9639905548996458,0.9243883285716779,60.0,1692
scarlatti_k87,PianoCoRe_216822,Aria_479195_0,Aria-MIDI,Aria-AMT,"Scarlatti,_Domenico/Keyboard_Sonata_in_B_minor,_K.87/score_PDMX_refined.mid",scarlatti_k87__PianoCoRe_216822,real,scarlatti_k87,scarlatti_k87,Aria_479195_0,1602,0.9456906729634003,0.7793482246087604,55.0,1692
scarlatti_k87,PianoCoRe_216825,Aria_500638_0,Aria-MIDI,Aria-AMT,"Scarlatti,_Domenico/Keyboard_Sonata_in_B_minor,_K.87/score_PDMX_refined.mid",scarlatti_k87__PianoCoRe_216825,real,scarlatti_k87,scarlatti_k87,Aria_500638_0,1674,0.9881936245572609,0.8282846971263786,55.0,1692
scarlatti_k87,PianoCoRe_216826,Aria_506614_0,Aria-MIDI,Aria-AMT,"Scarlatti,_Domenico/Keyboard_Sonata_in_B_minor,_K.87/score_PDMX_refined.mid",scarlatti_k87__PianoCoRe_216826,real,scarlatti_k87,scarlatti_k87,Aria_506614_0,1677,0.9899645808736718,0.7981163515886643,60.0,1692
scarlatti_k87,PianoCoRe_216830,Aria_524837_0,Aria-MIDI,Aria-AMT,"Scarlatti,_Domenico/Keyboard_Sonata_in_B_minor,_K.87/score_PDMX_refined.mid",scarlatti_k87__PianoCoRe_216830,real,scarlatti_k87,scarlatti_k87,Aria_524837_0,1637,0.9663518299881936,0.8061651144842326,65.0,1692
scarlatti_k87,PianoCoRe_216831,Aria_530323_0,Aria-MIDI,Aria-AMT,"Scarlatti,_Domenico/Keyboard_Sonata_in_B_minor,_K.87/score_PDMX_refined.mid",scarlatti_k87__PianoCoRe_216831,real,scarlatti_k87,scarlatti_k87,Aria_530323_0,1647,0.9722550177095631,0.9525749928147327,50.0,1692
scarlatti_k87,PianoCoRe_216836,Aria_583816_0,Aria-MIDI,Aria-AMT,"Scarlatti,_Domenico/Keyboard_Sonata_in_B_minor,_K.87/score_PDMX_refined.mid",scarlatti_k87__PianoCoRe_216836,real,scarlatti_k87,scarlatti_k87,Aria_583816_0,1666,0.9834710743801653,0.7516722556391631,55.0,1692
scarlatti_k87,PianoCoRe_216837,Aria_599940_6,Aria-MIDI,Aria-AMT,"Scarlatti,_Domenico/Keyboard_Sonata_in_B_minor,_K.87/score_PDMX_refined.mid",scarlatti_k87__PianoCoRe_216837,real,scarlatti_k87,scarlatti_k87,Aria_599940_6,1603,0.9462809917355371,0.6209184214237375,55.0,1692
scarlatti_k87,PianoCoRe_216838,Aria_607137_0,Aria-MIDI,Aria-AMT,"Scarlatti,_Domenico/Keyboard_Sonata_in_B_minor,_K.87/score_PDMX_refined.mid",scarlatti_k87__PianoCoRe_216838,real,scarlatti_k87,scarlatti_k87,Aria_607137_0,1645,0.9710743801652892,0.9619072403359258,45.0,1692
scarlatti_k87,PianoCoRe_216839,Aria_638312_0,Aria-MIDI,Aria-AMT,"Scarlatti,_Domenico/Keyboard_Sonata_in_B_minor,_K.87/score_PDMX_refined.mid",scarlatti_k87__PianoCoRe_216839,real,scarlatti_k87,scarlatti_k87,Aria_638312_0,1667,0.9840613931523022,0.9024192709586933,50.0,1692
scarlatti_k87,PianoCoRe_216840,Aria_644495_0,Aria-MIDI,Aria-AMT,"Scarlatti,_Domenico/Keyboard_Sonata_in_B_minor,_K.87/score_PDMX_refined.mid",scarlatti_k87__PianoCoRe_216840,real,scarlatti_k87,scarlatti_k87,Aria_644495_0,1681,0.9923258559622196,0.6843839803544954,50.0,1692
scarlatti_k87,PianoCoRe_216841,Aria_650696_0,Aria-MIDI,Aria-AMT,"Scarlatti,_Domenico/Keyboard_Sonata_in_B_minor,_K.87/score_PDMX_refined.mid",scarlatti_k87__PianoCoRe_216841,real,scarlatti_k87,scarlatti_k87,Aria_650696_0,1617,0.9545454545454546,0.8447699032649997,45.0,1692
scarlatti_k87,PianoCoRe_216843,Aria_670065_0,Aria-MIDI,Aria-AMT,"Scarlatti,_Domenico/Keyboard_Sonata_in_B_minor,_K.87/score_PDMX_refined.mid",scarlatti_k87__PianoCoRe_216843,real,scarlatti_k87,scarlatti_k87,Aria_670065_0,1645,0.9710743801652892,0.8852341983316079,85.0,1692
scarlatti_k87,PianoCoRe_216845,Aria_709444_0,Aria-MIDI,Aria-AMT,"Scarlatti,_Domenico/Keyboard_Sonata_in_B_minor,_K.87/score_PDMX_refined.mid",scarlatti_k87__PianoCoRe_216845,real,scarlatti_k87,scarlatti_k87,Aria_709444_0,1615,0.9533648170011806,1.5175708595037947,70.0,1692
scarlatti_k87,PianoCoRe_216848,Aria_726558_0,Aria-MIDI,Aria-AMT,"Scarlatti,_Domenico/Keyboard_Sonata_in_B_minor,_K.87/score_PDMX_refined.mid",scarlatti_k87__PianoCoRe_216848,real,scarlatti_k87,scarlatti_k87,Aria_726558_0,1644,0.9704840613931524,0.862544618625464,50.0,1692
scarlatti_k87,PianoCoRe_216853,Aria_797248_0,Aria-MIDI,Aria-AMT,"Scarlatti,_Domenico/Keyboard_Sonata_in_B_minor,_K.87/score_PDMX_refined.mid",scarlatti_k87__PianoCoRe_216853,real,scarlatti_k87,scarlatti_k87,Aria_797248_0,1687,0.9958677685950413,0.7367671139524018,55.0,1692
scarlatti_k87,PianoCoRe_216854,Aria_797932_0,Aria-MIDI,Aria-AMT,"Scarlatti,_Domenico/Keyboard_Sonata_in_B_minor,_K.87/score_PDMX_refined.mid",scarlatti_k87__PianoCoRe_216854,real,scarlatti_k87,scarlatti_k87,Aria_797932_0,1639,0.9675324675324676,0.7969457667761727,45.0,1692
scarlatti_k87,PianoCoRe_216856,Aria_864510_0,Aria-MIDI,Aria-AMT,"Scarlatti,_Domenico/Keyboard_Sonata_in_B_minor,_K.87/score_PDMX_refined.mid",scarlatti_k87__PianoCoRe_216856,real,scarlatti_k87,scarlatti_k87,Aria_864510_0,1620,0.9563164108618654,0.7496338285735148,55.0,1692
scarlatti_k87,PianoCoRe_216857,Aria_874107_0,Aria-MIDI,Aria-AMT,"Scarlatti,_Domenico/Keyboard_Sonata_in_B_minor,_K.87/score_PDMX_refined.mid",scarlatti_k87__PianoCoRe_216857,real,scarlatti_k87,scarlatti_k87,Aria_874107_0,1652,0.9752066115702479,0.8518662841060992,50.0,1692
scarlatti_k87,PianoCoRe_216859,Aria_883450_0,Aria-MIDI,Aria-AMT,"Scarlatti,_Domenico/Keyboard_Sonata_in_B_minor,_K.87/score_PDMX_refined.mid",scarlatti_k87__PianoCoRe_216859,real,scarlatti_k87,scarlatti_k87,Aria_883450_0,1673,0.987603305785124,0.6933149304831054,70.0,1692
scarlatti_k87,PianoCoRe_216862,Aria_921045_0,Aria-MIDI,Aria-AMT,"Scarlatti,_Domenico/Keyboard_Sonata_in_B_minor,_K.87/score_PDMX_refined.mid",scarlatti_k87__PianoCoRe_216862,real,scarlatti_k87,scarlatti_k87,Aria_921045_0,1667,0.9840613931523022,0.693236132935425,50.0,1692
scarlatti_k87,PianoCoRe_216863,GiantMIDI_5g_TRcRKtMw,GiantMIDI-Piano,ByteDance,"Scarlatti,_Domenico/Keyboard_Sonata_in_B_minor,_K.87/score_PDMX_refined.mid",scarlatti_k87__PianoCoRe_216863,real,scarlatti_k87,scarlatti_k87,GiantMIDI_5g_TRcRKtMw,1654,0.9763872491145218,0.9721674977584608,58.0,1692
schumann_op133_no1,PianoCoRe_233611,ATEPP_01342,ATEPP,ATEPP,"Schumann,_Robert/Gesänge_der_Frühe,_Op.133/1._Im_ruhigen_Tempo/score_MS_refined.mid",schumann_op133_no1__PianoCoRe_233611,real,schumann_op133_no1,schumann_op133_no1,ATEPP_01342,456,0.9480249480249481,1.1486911328458784,41.0,478
schumann_op133_no1,PianoCoRe_233613,Aria_119625_0,Aria-MIDI,Aria-AMT,"Schumann,_Robert/Gesänge_der_Frühe,_Op.133/1._Im_ruhigen_Tempo/score_MS_refined.mid",schumann_op133_no1__PianoCoRe_233613,real,schumann_op133_no1,schumann_op133_no1,Aria_119625_0,460,0.9563409563409564,0.8732641070556312,55.0,478
schumann_op133_no1,PianoCoRe_233614,Aria_137461_0,Aria-MIDI,Aria-AMT,"Schumann,_Robert/Gesänge_der_Frühe,_Op.133/1._Im_ruhigen_Tempo/score_MS_refined.mid",schumann_op133_no1__PianoCoRe_233614,real,schumann_op133_no1,schumann_op133_no1,Aria_137461_0,453,0.9417879417879418,1.1381009702598337,55.0,478
schumann_op133_no1,PianoCoRe_233615,Aria_139726_0,Aria-MIDI,Aria-AMT,"Schumann,_Robert/Gesänge_der_Frühe,_Op.133/1._Im_ruhigen_Tempo/score_MS_refined.mid",schumann_op133_no1__PianoCoRe_233615,real,schumann_op133_no1,schumann_op133_no1,Aria_139726_0,460,0.9563409563409564,0.9434844858522867,35.0,478
schumann_op133_no1,PianoCoRe_233616,Aria_150263_0,Aria-MIDI,Aria-AMT,"Schumann,_Robert/Gesänge_der_Frühe,_Op.133/1._Im_ruhigen_Tempo/score_MS_refined.mid",schumann_op133_no1__PianoCoRe_233616,real,schumann_op133_no1,schumann_op133_no1,Aria_150263_0,447,0.9293139293139293,0.9733400699417109,55.0,478
schumann_op133_no1,PianoCoRe_233617,Aria_180180_0,Aria-MIDI,Aria-AMT,"Schumann,_Robert/Gesänge_der_Frühe,_Op.133/1._Im_ruhigen_Tempo/score_MS_refined.mid",schumann_op133_no1__PianoCoRe_233617,real,schumann_op133_no1,schumann_op133_no1,Aria_180180_0,462,0.9604989604989606,1.1536616418007677,45.0,478
schumann_op133_no1,PianoCoRe_233618,Aria_183162_0,Aria-MIDI,Aria-AMT,"Schumann,_Robert/Gesänge_der_Frühe,_Op.133/1._Im_ruhigen_Tempo/score_MS_refined.mid",schumann_op133_no1__PianoCoRe_233618,real,schumann_op133_no1,schumann_op133_no1,Aria_183162_0,455,0.9459459459459459,1.039941145480973,45.0,478
schumann_op133_no1,PianoCoRe_233619,Aria_191094_0,Aria-MIDI,Aria-AMT,"Schumann,_Robert/Gesänge_der_Frühe,_Op.133/1._Im_ruhigen_Tempo/score_MS_refined.mid",schumann_op133_no1__PianoCoRe_233619,real,schumann_op133_no1,schumann_op133_no1,Aria_191094_0,432,0.8981288981288982,0.9489223782144269,45.0,478
schumann_op133_no1,PianoCoRe_233620,Aria_214863_0,Aria-MIDI,Aria-AMT,"Schumann,_Robert/Gesänge_der_Frühe,_Op.133/1._Im_ruhigen_Tempo/score_MS_refined.mid",schumann_op133_no1__PianoCoRe_233620,real,schumann_op133_no1,schumann_op133_no1,Aria_214863_0,458,0.9521829521829522,1.104738050166067,40.0,478
schumann_op133_no1,PianoCoRe_233623,Aria_256739_1,Aria-MIDI,Aria-AMT,"Schumann,_Robert/Gesänge_der_Frühe,_Op.133/1._Im_ruhigen_Tempo/score_MS_refined.mid",schumann_op133_no1__PianoCoRe_233623,real,schumann_op133_no1,schumann_op133_no1,Aria_256739_1,437,0.9085239085239085,1.2077916119720769,35.0,478
schumann_op133_no1,PianoCoRe_233624,Aria_273371_0,Aria-MIDI,Aria-AMT,"Schumann,_Robert/Gesänge_der_Frühe,_Op.133/1._Im_ruhigen_Tempo/score_MS_refined.mid",schumann_op133_no1__PianoCoRe_233624,real,schumann_op133_no1,schumann_op133_no1,Aria_273371_0,460,0.9563409563409564,1.4632355158015347,35.0,478
schumann_op133_no1,PianoCoRe_233625,Aria_305018_0,Aria-MIDI,Aria-AMT,"Schumann,_Robert/Gesänge_der_Frühe,_Op.133/1._Im_ruhigen_Tempo/score_MS_refined.mid",schumann_op133_no1__PianoCoRe_233625,real,schumann_op133_no1,schumann_op133_no1,Aria_305018_0,455,0.9459459459459459,1.0359430564583605,50.0,478
schumann_op133_no1,PianoCoRe_233626,Aria_336207_0,Aria-MIDI,Aria-AMT,"Schumann,_Robert/Gesänge_der_Frühe,_Op.133/1._Im_ruhigen_Tempo/score_MS_refined.mid",schumann_op133_no1__PianoCoRe_233626,real,schumann_op133_no1,schumann_op133_no1,Aria_336207_0,455,0.9459459459459459,1.101121851835483,45.0,478
schumann_op133_no1,PianoCoRe_233627,Aria_350747_0,Aria-MIDI,Aria-AMT,"Schumann,_Robert/Gesänge_der_Frühe,_Op.133/1._Im_ruhigen_Tempo/score_MS_refined.mid",schumann_op133_no1__PianoCoRe_233627,real,schumann_op133_no1,schumann_op133_no1,Aria_350747_0,453,0.9417879417879418,0.8950046161209501,50.0,478
schumann_op133_no1,PianoCoRe_233628,Aria_379069_0,Aria-MIDI,Aria-AMT,"Schumann,_Robert/Gesänge_der_Frühe,_Op.133/1._Im_ruhigen_Tempo/score_MS_refined.mid",schumann_op133_no1__PianoCoRe_233628,real,schumann_op133_no1,schumann_op133_no1,Aria_379069_0,467,0.9708939708939709,1.1001183742842717,45.0,478
schumann_op133_no1,PianoCoRe_233629,Aria_383897_0,Aria-MIDI,Aria-AMT,"Schumann,_Robert/Gesänge_der_Frühe,_Op.133/1._Im_ruhigen_Tempo/score_MS_refined.mid",schumann_op133_no1__PianoCoRe_233629,real,schumann_op133_no1,schumann_op133_no1,Aria_383897_0,457,0.9501039501039501,1.0342226298107082,40.0,478
schumann_op133_no1,PianoCoRe_233630,Aria_422127_0,Aria-MIDI,Aria-AMT,"Schumann,_Robert/Gesänge_der_Frühe,_Op.133/1._Im_ruhigen_Tempo/score_MS_refined.mid",schumann_op133_no1__PianoCoRe_233630,real,schumann_op133_no1,schumann_op133_no1,Aria_422127_0,432,0.8981288981288982,1.2382791242680475,45.0,478
schumann_op133_no1,PianoCoRe_233632,Aria_455108_0,Aria-MIDI,Aria-AMT,"Schumann,_Robert/Gesänge_der_Frühe,_Op.133/1._Im_ruhigen_Tempo/score_MS_refined.mid",schumann_op133_no1__PianoCoRe_233632,real,schumann_op133_no1,schumann_op133_no1,Aria_455108_0,452,0.9397089397089398,1.2169107021456194,30.0,478
schumann_op133_no1,PianoCoRe_233633,Aria_470642_0,Aria-MIDI,Aria-AMT,"Schumann,_Robert/Gesänge_der_Frühe,_Op.133/1._Im_ruhigen_Tempo/score_MS_refined.mid",schumann_op133_no1__PianoCoRe_233633,real,schumann_op133_no1,schumann_op133_no1,Aria_470642_0,467,0.9708939708939709,1.0528103976469807,45.0,478
schumann_op133_no1,PianoCoRe_233634,Aria_497395_0,Aria-MIDI,Aria-AMT,"Schumann,_Robert/Gesänge_der_Frühe,_Op.133/1._Im_ruhigen_Tempo/score_MS_refined.mid",schumann_op133_no1__PianoCoRe_233634,real,schumann_op133_no1,schumann_op133_no1,Aria_497395_0,416,0.8648648648648649,0.9331879271123226,40.0,478
schumann_op133_no1,PianoCoRe_233635,Aria_581182_0,Aria-MIDI,Aria-AMT,"Schumann,_Robert/Gesänge_der_Frühe,_Op.133/1._Im_ruhigen_Tempo/score_MS_refined.mid",schumann_op133_no1__PianoCoRe_233635,real,schumann_op133_no1,schumann_op133_no1,Aria_581182_0,454,0.9438669438669439,1.197307803666803,50.0,478
schumann_op133_no1,PianoCoRe_233636,Aria_653162_0,Aria-MIDI,Aria-AMT,"Schumann,_Robert/Gesänge_der_Frühe,_Op.133/1._Im_ruhigen_Tempo/score_MS_refined.mid",schumann_op133_no1__PianoCoRe_233636,real,schumann_op133_no1,schumann_op133_no1,Aria_653162_0,462,0.9604989604989606,1.1253835726454988,45.0,478
schumann_op133_no1,PianoCoRe_233637,Aria_657408_0,Aria-MIDI,Aria-AMT,"Schumann,_Robert/Gesänge_der_Frühe,_Op.133/1._Im_ruhigen_Tempo/score_MS_refined.mid",schumann_op133_no1__PianoCoRe_233637,real,schumann_op133_no1,schumann_op133_no1,Aria_657408_0,463,0.9625779625779626,0.9754808163255538,60.0,478
schumann_op133_no1,PianoCoRe_233639,Aria_673176_0,Aria-MIDI,Aria-AMT,"Schumann,_Robert/Gesänge_der_Frühe,_Op.133/1._Im_ruhigen_Tempo/score_MS_refined.mid",schumann_op133_no1__PianoCoRe_233639,real,schumann_op133_no1,schumann_op133_no1,Aria_673176_0,448,0.9313929313929314,1.0714318787600141,30.0,478
schumann_op133_no1,PianoCoRe_233640,Aria_676682_0,Aria-MIDI,Aria-AMT,"Schumann,_Robert/Gesänge_der_Frühe,_Op.133/1._Im_ruhigen_Tempo/score_MS_refined.mid",schumann_op133_no1__PianoCoRe_233640,real,schumann_op133_no1,schumann_op133_no1,Aria_676682_0,447,0.9293139293139293,1.2925482755702256,40.0,478
schumann_op133_no1,PianoCoRe_233641,Aria_724283_0,Aria-MIDI,Aria-AMT,"Schumann,_Robert/Gesänge_der_Frühe,_Op.133/1._Im_ruhigen_Tempo/score_MS_refined.mid",schumann_op133_no1__PianoCoRe_233641,real,schumann_op133_no1,schumann_op133_no1,Aria_724283_0,444,0.9230769230769231,1.1228955174933282,40.0,478
schumann_op133_no1,PianoCoRe_233642,Aria_745500_0,Aria-MIDI,Aria-AMT,"Schumann,_Robert/Gesänge_der_Frühe,_Op.133/1._Im_ruhigen_Tempo/score_MS_refined.mid",schumann_op133_no1__PianoCoRe_233642,real,schumann_op133_no1,schumann_op133_no1,Aria_745500_0,454,0.9438669438669439,0.9646050163716593,55.0,478
schumann_op133_no1,PianoCoRe_233643,Aria_819151_0,Aria-MIDI,Aria-AMT,"Schumann,_Robert/Gesänge_der_Frühe,_Op.133/1._Im_ruhigen_Tempo/score_MS_refined.mid",schumann_op133_no1__PianoCoRe_233643,real,schumann_op133_no1,schumann_op133_no1,Aria_819151_0,449,0.9334719334719335,1.0882943912962635,45.0,478
schumann_op133_no1,PianoCoRe_233644,Aria_819679_0,Aria-MIDI,Aria-AMT,"Schumann,_Robert/Gesänge_der_Frühe,_Op.133/1._Im_ruhigen_Tempo/score_MS_refined.mid",schumann_op133_no1__PianoCoRe_233644,real,schumann_op133_no1,schumann_op133_no1,Aria_819679_0,449,0.9334719334719335,0.943496595589603,35.0,478
schumann_op133_no1,PianoCoRe_233645,Aria_821868_0,Aria-MIDI,Aria-AMT,"Schumann,_Robert/Gesänge_der_Frühe,_Op.133/1._Im_ruhigen_Tempo/score_MS_refined.mid",schumann_op133_no1__PianoCoRe_233645,real,schumann_op133_no1,schumann_op133_no1,Aria_821868_0,409,0.8503118503118503,0.8939248341972975,55.0,478
schumann_op133_no1,PianoCoRe_233646,Aria_827327_0,Aria-MIDI,Aria-AMT,"Schumann,_Robert/Gesänge_der_Frühe,_Op.133/1._Im_ruhigen_Tempo/score_MS_refined.mid",schumann_op133_no1__PianoCoRe_233646,real,schumann_op133_no1,schumann_op133_no1,Aria_827327_0,462,0.9604989604989606,0.9722438416675561,50.0,478
schumann_op133_no1,PianoCoRe_233647,Aria_829115_0,Aria-MIDI,Aria-AMT,"Schumann,_Robert/Gesänge_der_Frühe,_Op.133/1._Im_ruhigen_Tempo/score_MS_refined.mid",schumann_op133_no1__PianoCoRe_233647,real,schumann_op133_no1,schumann_op133_no1,Aria_829115_0,402,0.8357588357588358,1.078136976231059,50.0,478
schumann_op133_no1,PianoCoRe_233648,Aria_880134_0,Aria-MIDI,Aria-AMT,"Schumann,_Robert/Gesänge_der_Frühe,_Op.133/1._Im_ruhigen_Tempo/score_MS_refined.mid",schumann_op133_no1__PianoCoRe_233648,real,schumann_op133_no1,schumann_op133_no1,Aria_880134_0,444,0.9230769230769231,0.9373639818018173,45.0,478
schumann_op133_no1,PianoCoRe_233649,Aria_886584_0,Aria-MIDI,Aria-AMT,"Schumann,_Robert/Gesänge_der_Frühe,_Op.133/1._Im_ruhigen_Tempo/score_MS_refined.mid",schumann_op133_no1__PianoCoRe_233649,real,schumann_op133_no1,schumann_op133_no1,Aria_886584_0,458,0.9521829521829522,1.1339116379290812,40.0,478
schumann_op133_no1,PianoCoRe_233650,Aria_902178_0,Aria-MIDI,Aria-AMT,"Schumann,_Robert/Gesänge_der_Frühe,_Op.133/1._Im_ruhigen_Tempo/score_MS_refined.mid",schumann_op133_no1__PianoCoRe_233650,real,schumann_op133_no1,schumann_op133_no1,Aria_902178_0,464,0.9646569646569647,1.3320335000575791,45.0,478
schumann_op133_no1,PianoCoRe_233651,Aria_905316_0,Aria-MIDI,Aria-AMT,"Schumann,_Robert/Gesänge_der_Frühe,_Op.133/1._Im_ruhigen_Tempo/score_MS_refined.mid",schumann_op133_no1__PianoCoRe_233651,real,schumann_op133_no1,schumann_op133_no1,Aria_905316_0,431,0.896049896049896,0.9051962320055874,40.0,478
schumann_op133_no1,PianoCoRe_233652,Aria_915146_0,Aria-MIDI,Aria-AMT,"Schumann,_Robert/Gesänge_der_Frühe,_Op.133/1._Im_ruhigen_Tempo/score_MS_refined.mid",schumann_op133_no1__PianoCoRe_233652,real,schumann_op133_no1,schumann_op133_no1,Aria_915146_0,454,0.9438669438669439,1.3243677593706447,45.0,478
schumann_op133_no1,PianoCoRe_233653,Aria_916795_0,Aria-MIDI,Aria-AMT,"Schumann,_Robert/Gesänge_der_Frühe,_Op.133/1._Im_ruhigen_Tempo/score_MS_refined.mid",schumann_op133_no1__PianoCoRe_233653,real,schumann_op133_no1,schumann_op133_no1,Aria_916795_0,455,0.9459459459459459,0.7877017137872279,50.0,478
schumann_op133_no1,PianoCoRe_233657,PERiScoPe_117037526,PERiScoPe,Transkun V2,"Schumann,_Robert/Gesänge_der_Frühe,_Op.133/1._Im_ruhigen_Tempo/score_MS_refined.mid",schumann_op133_no1__PianoCoRe_233657,real,schumann_op133_no1,schumann_op133_no1,PERiScoPe_117037526,461,0.9584199584199584,1.1048638410823575,42.0,478
schumann_op133_no1,PianoCoRe_233658,PERiScoPe_140890189,PERiScoPe,Transkun V2,"Schumann,_Robert/Gesänge_der_Frühe,_Op.133/1._Im_ruhigen_Tempo/score_MS_refined.mid",schumann_op133_no1__PianoCoRe_233658,real,schumann_op133_no1,schumann_op133_no1,PERiScoPe_140890189,450,0.9355509355509356,1.0468466195821282,42.0,478
schumann_op133_no1,PianoCoRe_233661,PERiScoPe_2072869127,PERiScoPe,Transkun V2,"Schumann,_Robert/Gesänge_der_Frühe,_Op.133/1._Im_ruhigen_Tempo/score_MS_refined.mid",schumann_op133_no1__PianoCoRe_233661,real,schumann_op133_no1,schumann_op133_no1,PERiScoPe_2072869127,468,0.972972972972973,0.8206128764756857,42.0,478
schumann_op68_no14,PianoCoRe_230060,Aria_012545_0_mini,Aria-MIDI,Aria-AMT,"Schumann,_Robert/Album_für_die_Jugend,_Op.68/14._Kleine_Studie/score_PDMX_mini_refined.mid",schumann_op68_no14__PianoCoRe_230060,real,schumann_op68_no14,schumann_op68_no14,Aria_012545_0_mini,377,0.989501312335958,0.4383487400220389,80.0,380
schumann_op68_no14,PianoCoRe_230062,Aria_114063_0_mini,Aria-MIDI,Aria-AMT,"Schumann,_Robert/Album_für_die_Jugend,_Op.68/14._Kleine_Studie/score_PDMX_mini_refined.mid",schumann_op68_no14__PianoCoRe_230062,real,schumann_op68_no14,schumann_op68_no14,Aria_114063_0_mini,380,0.9973753280839895,0.3517415224396438,65.0,380
schumann_op68_no14,PianoCoRe_230063,Aria_114482_0_mini,Aria-MIDI,Aria-AMT,"Schumann,_Robert/Album_für_die_Jugend,_Op.68/14._Kleine_Studie/score_PDMX_mini_refined.mid",schumann_op68_no14__PianoCoRe_230063,real,schumann_op68_no14,schumann_op68_no14,Aria_114482_0_mini,369,0.968503937007874,0.5298459227804969,55.0,380
schumann_op68_no14,PianoCoRe_230064,Aria_142055_0_mini,Aria-MIDI,Aria-AMT,"Schumann,_Robert/Album_für_die_Jugend,_Op.68/14._Kleine_Studie/score_PDMX_mini_refined.mid",schumann_op68_no14__PianoCoRe_230064,real,schumann_op68_no14,schumann_op68_no14,Aria_142055_0_mini,378,0.9921259842519685,0.4768199268907563,72.0,380
schumann_op68_no14,PianoCoRe_230065,Aria_157490_0_mini,Aria-MIDI,Aria-AMT,"Schumann,_Robert/Album_für_die_Jugend,_Op.68/14._Kleine_Studie/score_PDMX_mini_refined.mid",schumann_op68_no14__PianoCoRe_230065,real,schumann_op68_no14,schumann_op68_no14,Aria_157490_0_mini,380,0.9973753280839895,0.5,80.0,380
schumann_op68_no14,PianoCoRe_230066,Aria_184159_0_mini,Aria-MIDI,Aria-AMT,"Schumann,_Robert/Album_für_die_Jugend,_Op.68/14._Kleine_Studie/score_PDMX_mini_refined.mid",schumann_op68_no14__PianoCoRe_230066,real,schumann_op68_no14,schumann_op68_no14,Aria_184159_0_mini,377,0.989501312335958,0.5677146449848416,55.0,380
schumann_op68_no14,PianoCoRe_230068,Aria_281761_0_mini,Aria-MIDI,Aria-AMT,"Schumann,_Robert/Album_für_die_Jugend,_Op.68/14._Kleine_Studie/score_PDMX_mini_refined.mid",schumann_op68_no14__PianoCoRe_230068,real,schumann_op68_no14,schumann_op68_no14,Aria_281761_0_mini,372,0.9763779527559056,0.5311631942415628,70.0,380
schumann_op68_no14,PianoCoRe_230069,Aria_311602_0_mini,Aria-MIDI,Aria-AMT,"Schumann,_Robert/Album_für_die_Jugend,_Op.68/14._Kleine_Studie/score_PDMX_mini_refined.mid",schumann_op68_no14__PianoCoRe_230069,real,schumann_op68_no14,schumann_op68_no14,Aria_311602_0_mini,380,0.9973753280839895,0.3311501295088824,70.0,380
schumann_op68_no14,PianoCoRe_230070,Aria_318320_0_mini,Aria-MIDI,Aria-AMT,"Schumann,_Robert/Album_für_die_Jugend,_Op.68/14._Kleine_Studie/score_PDMX_mini_refined.mid",schumann_op68_no14__PianoCoRe_230070,real,schumann_op68_no14,schumann_op68_no14,Aria_318320_0_mini,380,0.9973753280839895,0.5642186759518425,55.0,380
schumann_op68_no14,PianoCoRe_230072,Aria_341918_1_mini,Aria-MIDI,Aria-AMT,"Schumann,_Robert/Album_für_die_Jugend,_Op.68/14._Kleine_Studie/score_PDMX_mini_refined.mid",schumann_op68_no14__PianoCoRe_230072,real,schumann_op68_no14,schumann_op68_no14,Aria_341918_1_mini,374,0.9816272965879265,0.337360448867544,45.0,380
schumann_op68_no14,PianoCoRe_230073,Aria_440770_0_mini,Aria-MIDI,Aria-AMT,"Schumann,_Robert/Album_für_die_Jugend,_Op.68/14._Kleine_Studie/score_PDMX_mini_refined.mid",schumann_op68_no14__PianoCoRe_230073,real,schumann_op68_no14,schumann_op68_no14,Aria_440770_0_mini,379,0.994750656167979,0.29773767190003797,80.0,380
schumann_op68_no14,PianoCoRe_230074,Aria_476487_0_mini,Aria-MIDI,Aria-AMT,"Schumann,_Robert/Album_für_die_Jugend,_Op.68/14._Kleine_Studie/score_PDMX_mini_refined.mid",schumann_op68_no14__PianoCoRe_230074,real,schumann_op68_no14,schumann_op68_no14,Aria_476487_0_mini,372,0.9763779527559056,0.39420700769026723,50.0,380
schumann_op68_no14,PianoCoRe_230076,Aria_584384_0_mini,Aria-MIDI,Aria-AMT,"Schumann,_Robert/Album_für_die_Jugend,_Op.68/14._Kleine_Studie/score_PDMX_mini_refined.mid",schumann_op68_no14__PianoCoRe_230076,real,schumann_op68_no14,schumann_op68_no14,Aria_584384_0_mini,380,0.9973753280839895,0.29780582240861925,65.0,380
schumann_op68_no14,PianoCoRe_230077,Aria_603220_0_mini,Aria-MIDI,Aria-AMT,"Schumann,_Robert/Album_für_die_Jugend,_Op.68/14._Kleine_Studie/score_PDMX_mini_refined.mid",schumann_op68_no14__PianoCoRe_230077,real,schumann_op68_no14,schumann_op68_no14,Aria_603220_0_mini,380,0.9973753280839895,0.5861187510856841,50.0,380
schumann_op68_no14,PianoCoRe_230078,Aria_629182_0_mini,Aria-MIDI,Aria-AMT,"Schumann,_Robert/Album_für_die_Jugend,_Op.68/14._Kleine_Studie/score_PDMX_mini_refined.mid",schumann_op68_no14__PianoCoRe_230078,real,schumann_op68_no14,schumann_op68_no14,Aria_629182_0_mini,378,0.9921259842519685,0.29433596041387095,65.0,380
schumann_op68_no14,PianoCoRe_230079,Aria_635202_0_mini,Aria-MIDI,Aria-AMT,"Schumann,_Robert/Album_für_die_Jugend,_Op.68/14._Kleine_Studie/score_PDMX_mini_refined.mid",schumann_op68_no14__PianoCoRe_230079,real,schumann_op68_no14,schumann_op68_no14,Aria_635202_0_mini,378,0.9921259842519685,0.8348489809030712,55.0,380
schumann_op68_no14,PianoCoRe_230080,Aria_638110_0_mini,Aria-MIDI,Aria-AMT,"Schumann,_Robert/Album_für_die_Jugend,_Op.68/14._Kleine_Studie/score_PDMX_mini_refined.mid",schumann_op68_no14__PianoCoRe_230080,real,schumann_op68_no14,schumann_op68_no14,Aria_638110_0_mini,378,0.9921259842519685,0.28968859461686675,50.0,380
schumann_op68_no14,PianoCoRe_230081,Aria_638110_2_mini,Aria-MIDI,Aria-AMT,"Schumann,_Robert/Album_für_die_Jugend,_Op.68/14._Kleine_Studie/score_PDMX_mini_refined.mid",schumann_op68_no14__PianoCoRe_230081,real,schumann_op68_no14,schumann_op68_no14,Aria_638110_2_mini,378,0.9921259842519685,0.7518543700065023,45.0,380
schumann_op68_no14,PianoCoRe_230082,Aria_688929_0_mini,Aria-MIDI,Aria-AMT,"Schumann,_Robert/Album_für_die_Jugend,_Op.68/14._Kleine_Studie/score_PDMX_mini_refined.mid",schumann_op68_no14__PianoCoRe_230082,real,schumann_op68_no14,schumann_op68_no14,Aria_688929_0_mini,380,0.9973753280839895,0.41559681562715567,50.0,380
schumann_op68_no14,PianoCoRe_230083,Aria_780133_0_mini,Aria-MIDI,Aria-AMT,"Schumann,_Robert/Album_für_die_Jugend,_Op.68/14._Kleine_Studie/score_PDMX_mini_refined.mid",schumann_op68_no14__PianoCoRe_230083,real,schumann_op68_no14,schumann_op68_no14,Aria_780133_0_mini,380,0.9973753280839895,0.3280495562555063,60.0,380
schumann_op68_no14,PianoCoRe_230084,Aria_786249_0_mini,Aria-MIDI,Aria-AMT,"Schumann,_Robert/Album_für_die_Jugend,_Op.68/14._Kleine_Studie/score_PDMX_mini_refined.mid",schumann_op68_no14__PianoCoRe_230084,real,schumann_op68_no14,schumann_op68_no14,Aria_786249_0_mini,380,0.9973753280839895,0.41395132522286715,65.0,380
schumann_op68_no14,PianoCoRe_230085,Aria_798781_0_mini,Aria-MIDI,Aria-AMT,"Schumann,_Robert/Album_für_die_Jugend,_Op.68/14._Kleine_Studie/score_PDMX_mini_refined.mid",schumann_op68_no14__PianoCoRe_230085,real,schumann_op68_no14,schumann_op68_no14,Aria_798781_0_mini,378,0.9921259842519685,0.3262124960143284,60.0,380
schumann_op68_no14,PianoCoRe_230086,Aria_818971_0_mini,Aria-MIDI,Aria-AMT,"Schumann,_Robert/Album_für_die_Jugend,_Op.68/14._Kleine_Studie/score_PDMX_mini_refined.mid",schumann_op68_no14__PianoCoRe_230086,real,schumann_op68_no14,schumann_op68_no14,Aria_818971_0_mini,371,0.973753280839895,0.2704890360426286,60.0,380
schumann_op68_no14,PianoCoRe_230087,Aria_842647_0_mini,Aria-MIDI,Aria-AMT,"Schumann,_Robert/Album_für_die_Jugend,_Op.68/14._Kleine_Studie/score_PDMX_mini_refined.mid",schumann_op68_no14__PianoCoRe_230087,real,schumann_op68_no14,schumann_op68_no14,Aria_842647_0_mini,376,0.9868766404199475,0.5570012937009938,55.0,380
schumann_op68_no14,PianoCoRe_230088,Aria_868622_0_mini,Aria-MIDI,Aria-AMT,"Schumann,_Robert/Album_für_die_Jugend,_Op.68/14._Kleine_Studie/score_PDMX_mini_refined.mid",schumann_op68_no14__PianoCoRe_230088,real,schumann_op68_no14,schumann_op68_no14,Aria_868622_0_mini,380,0.9973753280839895,0.3424060700520191,45.0,380
schumann_op68_no14,PianoCoRe_230089,Aria_874946_0_mini,Aria-MIDI,Aria-AMT,"Schumann,_Robert/Album_für_die_Jugend,_Op.68/14._Kleine_Studie/score_PDMX_mini_refined.mid",schumann_op68_no14__PianoCoRe_230089,real,schumann_op68_no14,schumann_op68_no14,Aria_874946_0_mini,378,0.9921259842519685,0.3686695595977196,45.0,380
schumann_op68_no14,PianoCoRe_230090,Aria_917571_0_mini,Aria-MIDI,Aria-AMT,"Schumann,_Robert/Album_für_die_Jugend,_Op.68/14._Kleine_Studie/score_PDMX_mini_refined.mid",schumann_op68_no14__PianoCoRe_230090,real,schumann_op68_no14,schumann_op68_no14,Aria_917571_0_mini,379,0.994750656167979,0.42641401260575945,55.0,380
schumann_op68_no14,PianoCoRe_230091,PERiScoPe_2115286947_mini,PERiScoPe,Transkun V2,"Schumann,_Robert/Album_für_die_Jugend,_Op.68/14._Kleine_Studie/score_PDMX_mini_refined.mid",schumann_op68_no14__PianoCoRe_230091,real,schumann_op68_no14,schumann_op68_no14,PERiScoPe_2115286947_mini,379,0.994750656167979,0.5204354155552433,83.0,380
turina_op55_no5,PianoCoRe_249502,Aria_002672_0,Aria-MIDI,Aria-AMT,"Turina,_Joaquín/5_Danzas_Gitanas,_Series_1,_Op.55/5._Sacro-monte/score_PDMX_refined.mid",turina_op55_no5__PianoCoRe_249502,real,turina_op55_no5,turina_op55_no5,Aria_002672_0,1089,0.8554595443833464,0.5821011964058658,70.0,1273
turina_op55_no5,PianoCoRe_249503,Aria_008147_0,Aria-MIDI,Aria-AMT,"Turina,_Joaquín/5_Danzas_Gitanas,_Series_1,_Op.55/5._Sacro-monte/score_PDMX_refined.mid",turina_op55_no5__PianoCoRe_249503,real,turina_op55_no5,turina_op55_no5,Aria_008147_0,1180,0.9269442262372348,0.6015885759998109,70.0,1273
turina_op55_no5,PianoCoRe_249504,Aria_020167_0,Aria-MIDI,Aria-AMT,"Turina,_Joaquín/5_Danzas_Gitanas,_Series_1,_Op.55/5._Sacro-monte/score_PDMX_refined.mid",turina_op55_no5__PianoCoRe_249504,real,turina_op55_no5,turina_op55_no5,Aria_020167_0,1226,0.9630793401413983,0.6014937861891493,65.0,1273
turina_op55_no5,PianoCoRe_249505,Aria_042249_0,Aria-MIDI,Aria-AMT,"Turina,_Joaquín/5_Danzas_Gitanas,_Series_1,_Op.55/5._Sacro-monte/score_PDMX_refined.mid",turina_op55_no5__PianoCoRe_249505,real,turina_op55_no5,turina_op55_no5,Aria_042249_0,1152,0.9049489395129615,0.5797369473488744,70.0,1273
turina_op55_no5,PianoCoRe_249506,Aria_049144_0,Aria-MIDI,Aria-AMT,"Turina,_Joaquín/5_Danzas_Gitanas,_Series_1,_Op.55/5._Sacro-monte/score_PDMX_refined.mid",turina_op55_no5__PianoCoRe_249506,real,turina_op55_no5,turina_op55_no5,Aria_049144_0,1196,0.9395129615082483,0.5452464581753886,75.0,1273
turina_op55_no5,PianoCoRe_249507,Aria_067898_0,Aria-MIDI,Aria-AMT,"Turina,_Joaquín/5_Danzas_Gitanas,_Series_1,_Op.55/5._Sacro-monte/score_PDMX_refined.mid",turina_op55_no5__PianoCoRe_249507,real,turina_op55_no5,turina_op55_no5,Aria_067898_0,1194,0.9379418695993715,0.6357301122474106,65.0,1273
turina_op55_no5,PianoCoRe_249508,Aria_091037_0,Aria-MIDI,Aria-AMT,"Turina,_Joaquín/5_Danzas_Gitanas,_Series_1,_Op.55/5._Sacro-monte/score_PDMX_refined.mid",turina_op55_no5__PianoCoRe_249508,real,turina_op55_no5,turina_op55_no5,Aria_091037_0,1159,0.9104477611940298,0.6261664630455351,70.0,1273
turina_op55_no5,PianoCoRe_249509,Aria_127863_0,Aria-MIDI,Aria-AMT,"Turina,_Joaquín/5_Danzas_Gitanas,_Series_1,_Op.55/5._Sacro-monte/score_PDMX_refined.mid",turina_op55_no5__PianoCoRe_249509,real,turina_op55_no5,turina_op55_no5,Aria_127863_0,1258,0.9882168106834249,0.5479971675045698,75.0,1273
turina_op55_no5,PianoCoRe_249510,Aria_129556_0,Aria-MIDI,Aria-AMT,"Turina,_Joaquín/5_Danzas_Gitanas,_Series_1,_Op.55/5._Sacro-monte/score_PDMX_refined.mid",turina_op55_no5__PianoCoRe_249510,real,turina_op55_no5,turina_op55_no5,Aria_129556_0,1171,0.9198743126472899,0.6863557696846867,80.0,1273
turina_op55_no5,PianoCoRe_249511,Aria_221348_0,Aria-MIDI,Aria-AMT,"Turina,_Joaquín/5_Danzas_Gitanas,_Series_1,_Op.55/5._Sacro-monte/score_PDMX_refined.mid",turina_op55_no5__PianoCoRe_249511,real,turina_op55_no5,turina_op55_no5,Aria_221348_0,1112,0.8735271013354281,0.5884975725625706,75.0,1273
turina_op55_no5,PianoCoRe_249512,Aria_225163_0,Aria-MIDI,Aria-AMT,"Turina,_Joaquín/5_Danzas_Gitanas,_Series_1,_Op.55/5._Sacro-monte/score_PDMX_refined.mid",turina_op55_no5__PianoCoRe_249512,real,turina_op55_no5,turina_op55_no5,Aria_225163_0,1252,0.983503534956795,0.7106043663033146,65.0,1273
turina_op55_no5,PianoCoRe_249513,Aria_247218_0,Aria-MIDI,Aria-AMT,"Turina,_Joaquín/5_Danzas_Gitanas,_Series_1,_Op.55/5._Sacro-monte/score_PDMX_refined.mid",turina_op55_no5__PianoCoRe_249513,real,turina_op55_no5,turina_op55_no5,Aria_247218_0,1159,0.9104477611940298,0.5861575273414928,65.0,1273
turina_op55_no5,PianoCoRe_249515,Aria_275842_0,Aria-MIDI,Aria-AMT,"Turina,_Joaquín/5_Danzas_Gitanas,_Series_1,_Op.55/5._Sacro-monte/score_PDMX_refined.mid",turina_op55_no5__PianoCoRe_249515,real,turina_op55_no5,turina_op55_no5,Aria_275842_0,1160,0.9112333071484682,0.7797988751663705,65.0,1273
turina_op55_no5,PianoCoRe_249516,Aria_318021_0,Aria-MIDI,Aria-AMT,"Turina,_Joaquín/5_Danzas_Gitanas,_Series_1,_Op.55/5._Sacro-monte/score_PDMX_refined.mid",turina_op55_no5__PianoCoRe_249516,real,turina_op55_no5,turina_op55_no5,Aria_318021_0,1148,0.9018067556952082,0.5486420843848834,80.0,1273
turina_op55_no5,PianoCoRe_249517,Aria_326735_0,Aria-MIDI,Aria-AMT,"Turina,_Joaquín/5_Danzas_Gitanas,_Series_1,_Op.55/5._Sacro-monte/score_PDMX_refined.mid",turina_op55_no5__PianoCoRe_249517,real,turina_op55_no5,turina_op55_no5,Aria_326735_0,1192,0.9363707776904949,0.7777770382490834,70.0,1273
turina_op55_no5,PianoCoRe_249518,Aria_355873_0,Aria-MIDI,Aria-AMT,"Turina,_Joaquín/5_Danzas_Gitanas,_Series_1,_Op.55/5._Sacro-monte/score_PDMX_refined.mid",turina_op55_no5__PianoCoRe_249518,real,turina_op55_no5,turina_op55_no5,Aria_355873_0,1249,0.98114689709348,0.5313999410151428,65.0,1273
turina_op55_no5,PianoCoRe_249519,Aria_362114_0,Aria-MIDI,Aria-AMT,"Turina,_Joaquín/5_Danzas_Gitanas,_Series_1,_Op.55/5._Sacro-monte/score_PDMX_refined.mid",turina_op55_no5__PianoCoRe_249519,real,turina_op55_no5,turina_op55_no5,Aria_362114_0,1100,0.8641005498821681,0.6342048998003302,70.0,1273
turina_op55_no5,PianoCoRe_249520,Aria_400982_0,Aria-MIDI,Aria-AMT,"Turina,_Joaquín/5_Danzas_Gitanas,_Series_1,_Op.55/5._Sacro-monte/score_PDMX_refined.mid",turina_op55_no5__PianoCoRe_249520,real,turina_op55_no5,turina_op55_no5,Aria_400982_0,1150,0.9033778476040848,0.6261581921751506,60.0,1273
turina_op55_no5,PianoCoRe_249521,Aria_432940_0,Aria-MIDI,Aria-AMT,"Turina,_Joaquín/5_Danzas_Gitanas,_Series_1,_Op.55/5._Sacro-monte/score_PDMX_refined.mid",turina_op55_no5__PianoCoRe_249521,real,turina_op55_no5,turina_op55_no5,Aria_432940_0,1106,0.8688138256087982,0.6885456916489681,75.0,1273
turina_op55_no5,PianoCoRe_249522,Aria_510276_0,Aria-MIDI,Aria-AMT,"Turina,_Joaquín/5_Danzas_Gitanas,_Series_1,_Op.55/5._Sacro-monte/score_PDMX_refined.mid",turina_op55_no5__PianoCoRe_249522,real,turina_op55_no5,turina_op55_no5,Aria_510276_0,1185,0.9308719560094265,0.5747631485852475,70.0,1273
turina_op55_no5,PianoCoRe_249523,Aria_716741_0,Aria-MIDI,Aria-AMT,"Turina,_Joaquín/5_Danzas_Gitanas,_Series_1,_Op.55/5._Sacro-monte/score_PDMX_refined.mid",turina_op55_no5__PianoCoRe_249523,real,turina_op55_no5,turina_op55_no5,Aria_716741_0,1123,0.8821681068342498,0.5816648944378997,80.0,1273
turina_op55_no5,PianoCoRe_249524,Aria_736150_0,Aria-MIDI,Aria-AMT,"Turina,_Joaquín/5_Danzas_Gitanas,_Series_1,_Op.55/5._Sacro-monte/score_PDMX_refined.mid",turina_op55_no5__PianoCoRe_249524,real,turina_op55_no5,turina_op55_no5,Aria_736150_0,1162,0.9128043990573449,0.5656292921997915,75.0,1273
turina_op55_no5,PianoCoRe_249525,Aria_739852_0,Aria-MIDI,Aria-AMT,"Turina,_Joaquín/5_Danzas_Gitanas,_Series_1,_Op.55/5._Sacro-monte/score_PDMX_refined.mid",turina_op55_no5__PianoCoRe_249525,real,turina_op55_no5,turina_op55_no5,Aria_739852_0,1217,0.9560094265514533,0.5709515225111125,65.0,1273
turina_op55_no5,PianoCoRe_249526,Aria_761753_0,Aria-MIDI,Aria-AMT,"Turina,_Joaquín/5_Danzas_Gitanas,_Series_1,_Op.55/5._Sacro-monte/score_PDMX_refined.mid",turina_op55_no5__PianoCoRe_249526,real,turina_op55_no5,turina_op55_no5,Aria_761753_0,1166,0.9159465828750982,0.673915117460652,70.0,1273
turina_op55_no5,PianoCoRe_249527,Aria_794646_0,Aria-MIDI,Aria-AMT,"Turina,_Joaquín/5_Danzas_Gitanas,_Series_1,_Op.55/5._Sacro-monte/score_PDMX_refined.mid",turina_op55_no5__PianoCoRe_249527,real,turina_op55_no5,turina_op55_no5,Aria_794646_0,1152,0.9049489395129615,0.8001187147939953,70.0,1273
turina_op55_no5,PianoCoRe_249528,Aria_796364_0,Aria-MIDI,Aria-AMT,"Turina,_Joaquín/5_Danzas_Gitanas,_Series_1,_Op.55/5._Sacro-monte/score_PDMX_refined.mid",turina_op55_no5__PianoCoRe_249528,real,turina_op55_no5,turina_op55_no5,Aria_796364_0,1087,0.8538884524744698,0.5757696734979806,80.0,1273
turina_op55_no5,PianoCoRe_249529,Aria_818089_0,Aria-MIDI,Aria-AMT,"Turina,_Joaquín/5_Danzas_Gitanas,_Series_1,_Op.55/5._Sacro-monte/score_PDMX_refined.mid",turina_op55_no5__PianoCoRe_249529,real,turina_op55_no5,turina_op55_no5,Aria_818089_0,1183,0.9293008641005499,0.6562451605796362,55.0,1273
turina_op55_no5,PianoCoRe_249530,Aria_839769_0,Aria-MIDI,Aria-AMT,"Turina,_Joaquín/5_Danzas_Gitanas,_Series_1,_Op.55/5._Sacro-monte/score_PDMX_refined.mid",turina_op55_no5__PianoCoRe_249530,real,turina_op55_no5,turina_op55_no5,Aria_839769_0,1162,0.9128043990573449,0.5654753569223824,75.0,1273
turina_op55_no5,PianoCoRe_249532,Aria_914633_0,Aria-MIDI,Aria-AMT,"Turina,_Joaquín/5_Danzas_Gitanas,_Series_1,_Op.55/5._Sacro-monte/score_PDMX_refined.mid",turina_op55_no5__PianoCoRe_249532,real,turina_op55_no5,turina_op55_no5,Aria_914633_0,1222,0.959937156323645,0.5289823630762747,65.0,1273
turina_op55_no5,PianoCoRe_249533,Aria_928399_0,Aria-MIDI,Aria-AMT,"Turina,_Joaquín/5_Danzas_Gitanas,_Series_1,_Op.55/5._Sacro-monte/score_PDMX_refined.mid",turina_op55_no5__PianoCoRe_249533,real,turina_op55_no5,turina_op55_no5,Aria_928399_0,1076,0.845247446975648,0.5410359105125564,70.0,1273
